{"type": "FeatureCollection", "features": [{"type": "Feature", "properties": {"adm2_name": "Abak", "adm2_name1": null, "adm2_name2": null, "adm2_name3": null, "adm2_pcode": "NG003001", "adm1_name": "Akwa Ibom", "adm1_name1": null, "adm1_name2": null, "adm1_name3": null, "adm1_pcode": "NG003", "adm0_name": "Nigeria", "adm0_name1": null, "adm0_name2": null, "adm0_name3": null, "adm0_pcode": "NG", "valid_on": "2019-04-17", "valid_to": null, "area_sqkm": 178.16627267, "version": "v01", "lang": "en", "lang1": null, "lang2": null, "lang3": null, "adm2_ref_name": "Abak", "sendist_en": "Akwa Ibom North West", "sendistpcode": "NG00302", "center_lat": 5.00440454, "center_lon": 7.79893988}, "geometry": {"type": "Polygon", "coordinates": [[[7.811244428, 5.094526523000184], [7.810790883000038, 5.09417384700015], [7.806795522000129, 5.094912788999977], [7.803790212000024, 5.098161689000051], [7.803529769000022, 5.101419560000068], [7.804266522000148, 5.105182115000048], [7.803253586000039, 5.109690903000057], [7.800998200000095, 5.112440844000162], [7.790497522000067, 5.117921], [7.787096937000172, 5.120115157000157], [7.755210603000137, 5.071847938000019], [7.752911885, 5.072406764000107], [7.750613141000088, 5.07296605800002], [7.748319174000073, 5.072947950000071], [7.745447080000076, 5.073501075000138], [7.741995140000142, 5.074626913000031], [7.739123019999965, 5.075180990000092], [7.736256246000096, 5.075158139000109], [7.733384095000076, 5.075712225000132], [7.731259124000189, 5.074979701000075], [7.725903522000067, 5.07596136], [7.716461745, 5.073864942000114], [7.712790418999987, 5.066424144000166], [7.712795217000064, 5.065052503000061], [7.712836609000078, 5.053219270000056], [7.713264634999973, 5.048268861000167], [7.712862590000043, 5.045791482000084], [7.708757736000052, 5.044951656000023], [7.705049980000013, 5.0478271180001], [7.704346391000172, 5.049506712000152], [7.702978927000174, 5.052771678000113], [7.698448141000085, 5.056056754000167], [7.6939339380001, 5.05480269100002], [7.692948554000054, 5.050101725000104], [7.690628883999977, 5.050550017999967], [7.687194982999983, 5.049944842000173], [7.683759968000118, 5.04933979700013], [7.680326088000186, 5.048735130000068], [7.680928322000113, 5.045854071000178], [7.680966636000051, 5.041913339000075], [7.681563745000176, 5.039511173000108], [7.682161067000038, 5.037207145000082], [7.682195426000135, 5.033743848000142], [7.68280792600018, 5.029708829000128], [7.68397193200002, 5.02798702500013], [7.684125754000149, 5.026977582000029], [7.684294436000073, 5.018820848000132], [7.687967707000155, 5.012644194000131], [7.695517050000149, 5.007398396999974], [7.696133269000086, 5.007182359000069], [7.697962011000016, 5.005013976000157], [7.702004018000082, 5.00216201700016], [7.706035161999978, 5.000463023000066], [7.710638947000177, 4.998767862000079], [7.714861527000153, 4.998293040000021], [7.717460239000047, 4.996930548000137], [7.729026107000095, 4.99492165800018], [7.733659642000021, 4.997445672000083], [7.740068766000093, 5.000770208], [7.753256601000089, 5.005537148000087], [7.758936284000129, 5.005556524000099], [7.762612097000044, 5.005569016000038], [7.768097115000046, 5.003065788000072], [7.770161763000146, 4.999863174000097], [7.770640975, 4.992987117000041], [7.773630202000163, 4.986119509000105], [7.779120937000187, 4.981782155000019], [7.78393757300006, 4.974232810000046], [7.789014819000045, 4.95682633600012], [7.787475305000044, 4.939397781000025], [7.78138044200017, 4.919661503000043], [7.786656883000035, 4.910738114000083], [7.786555558999964, 4.906840491000082], [7.784056463000127, 4.903851833000033], [7.784996739000121, 4.901832152], [7.785611265000171, 4.897797085000036], [7.78678606800014, 4.894919860000073], [7.78853501500015, 4.892048854], [7.790851192000048, 4.88975909100003], [7.794308190999971, 4.888054845000056], [7.797730812000111, 4.889813923000133], [7.800006734000135, 4.891563918000031], [7.801699128, 4.894463975000122], [7.802827837000052, 4.896203954999976], [7.803379342000142, 4.89851712799998], [7.805625749000114, 4.903152016000149], [7.806732959000044, 4.90720079200014], [7.807282827000051, 4.909513934000188], [7.80783327000006, 4.911828003000096], [7.808366859000046, 4.915872082000135], [7.808910940000032, 4.918762199000071], [7.808887714999969, 4.921070093000083], [7.809426583000175, 4.924538098000028], [7.810540260000039, 4.928009976000055], [7.811083822000057, 4.930900088000101], [7.812202201000105, 4.933794052999986], [7.812753267000062, 4.936107205999974], [7.813296860000037, 4.938996814000177], [7.813841585000034, 4.941886923000084], [7.813813153000183, 4.94477320500016], [7.814363694000178, 4.947085853000033], [7.81434106800009, 4.949395156000037], [7.814886370000067, 4.952284839000129], [7.815424201999974, 4.955751920000012], [7.815975321000053, 4.95806506800011], [7.817665882000028, 4.960964186000183], [7.818790215000035, 4.963282077000031], [7.819913990000032, 4.965600036000069], [7.822717418000025, 4.97197102400014], [7.824402879000104, 4.975447163000069], [7.826083158000131, 4.979500756], [7.827207027000156, 4.9818191170001], [7.828330897000058, 4.984136123000098], [7.828881017000072, 4.986448745000132], [7.83055506300002, 4.991079791000175], [7.831105205000085, 4.993392966000158], [7.832211842000106, 4.997441798000125], [7.832745271000078, 5.00148581100018], [7.832722185000137, 5.003795109000123], [7.832687572, 5.007257009], [7.831501254000102, 5.011288180000065], [7.830314342000122, 5.015317917000118], [7.829717984000126, 5.017621985000176], [7.827975079000112, 5.019916073000104], [7.826788098, 5.023946723000165], [7.825613199999964, 5.02682301100009], [7.825016240000139, 5.029127144000086], [7.824419831000114, 5.031429776000152], [7.823244906000127, 5.034306982000032], [7.822075169000072, 5.03660585200015], [7.8208990870001, 5.039482120000116], [7.819736239000179, 5.041203954000082], [7.819139220000068, 5.043508076000137], [7.818536949000077, 5.046389083000065], [7.8167770230001, 5.050415008000186], [7.816174740000122, 5.053296102000161], [7.814993864000087, 5.056748884000058], [7.813807194000162, 5.060779082000067], [7.813200189000099, 5.064237114000036], [7.812012906000177, 5.068266878000031], [7.810836623000114, 5.071144091000122], [7.810229001000096, 5.074602133000099], [7.811353063000013, 5.076920037000036], [7.813629104000142, 5.078669080000054], [7.815899932000093, 5.08099606900015], [7.817024048, 5.083313955000051], [7.81642749700012, 5.085617978000187], [7.815814101, 5.089653003000024], [7.814649965000172, 5.091374889000178], [7.812333790000082, 5.093665127000122], [7.811244428, 5.094526523000184]]]}}, {"type": "Feature", "properties": {"adm2_name": "Abi", "adm2_name1": null, "adm2_name2": null, "adm2_name3": null, "adm2_pcode": "NG009001", "adm1_name": "Cross River", "adm1_name1": null, "adm1_name2": null, "adm1_name3": null, "adm1_pcode": "NG009", "adm0_name": "Nigeria", "adm0_name1": null, "adm0_name2": null, "adm0_name3": null, "adm0_pcode": "NG", "valid_on": "2019-04-17", "valid_to": null, "area_sqkm": 267.93306602, "version": "v01", "lang": "en", "lang1": null, "lang2": null, "lang3": null, "adm2_ref_name": "Abi", "sendist_en": "Cross River Central", "sendistpcode": "NG00901", "center_lat": 5.88298543, "center_lon": 8.02916214}, "geometry": {"type": "Polygon", "coordinates": [[[8.15328189000013, 5.967316194000091], [8.14833158000016, 5.963776615000086], [8.136439211000038, 5.954967070000066], [8.122343924, 5.943515354000056], [8.113847668000119, 5.938149875000136], [8.111371223000106, 5.940678098000149], [8.109123214000022, 5.94528486500019], [8.10801672800011, 5.949884921000148], [8.106909642, 5.954484973000092], [8.105802528000083, 5.959085020000089], [8.104417720000072, 5.96120908100005], [8.098977480000087, 5.96194738500003], [8.090670240000179, 5.961530499000048], [8.08750840800002, 5.960333352000021], [8.083565145000023, 5.955170111000086], [8.077248633000181, 5.950000845000147], [8.07408938900005, 5.947614336000129], [8.06538611700006, 5.947592189000147], [8.057468046000167, 5.949950383000044], [8.053902871000105, 5.951923228000112], [8.05192076700007, 5.953503700000169], [8.051124325000103, 5.955483688000186], [8.05112125100004, 5.956672932000174], [8.054273741000088, 5.961438160000114], [8.059391194000114, 5.971361648000141], [8.060161254000036, 5.979688307000117], [8.059749596000074, 5.98602989], [8.058150526000134, 5.992368396000074], [8.055366613000103, 5.997911051000131], [8.049031275000118, 5.999876681000046], [8.039140954000061, 5.999454357000104], [8.035580895000123, 5.999048667000125], [8.031781857, 6.000487445000147], [8.029664944000103, 5.999794019000149], [8.023943679000013, 5.997537169000111], [8.014790779000123, 5.994154938000122], [8.009070246000135, 5.991899006000153], [8.001051177000022, 5.9873609], [7.993039301000067, 5.983972052000126], [7.98617682400004, 5.981722780000155], [7.980422044000136, 5.974873992000141], [7.979246886000055, 5.97029014400016], [7.979213395000045, 5.965697759000022], [7.981452267, 5.959941922000098], [7.984831542000109, 5.954177813000058], [7.988211856000021, 5.948413803999983], [7.989310025000066, 5.942666074000158], [7.98472110300014, 5.939252870000189], [7.982413684999983, 5.935824890000049], [7.982370938000088, 5.930085167000072], [7.982346073000087, 5.926640938000105], [7.985733720000155, 5.922025255], [7.993677984000044, 5.916230175000123], [8.000496832000067, 5.912737885000013], [8.002753053000163, 5.909278829000186], [8.00613322700002, 5.903514795000035], [8.004966713000158, 5.900077775000057], [7.999349604000031, 5.899542763], [7.994126866000045, 5.89730446599998], [7.993944919, 5.89681962200001], [7.989783564000049, 5.891100183000106], [7.986241584000084, 5.884747710000056], [7.977551971000082, 5.88036291700007], [7.970054555000047, 5.873999198000149], [7.96769058700005, 5.870821194000087], [7.966917294000098, 5.864476354000033], [7.966140660000121, 5.859320759000013], [7.964178808000156, 5.853765335999981], [7.961817261000078, 5.849794509000162], [7.957566895000127, 5.843023763000019], [7.95215758300003, 5.841531779000036], [7.945628875000011, 5.838733613000159], [7.938540725999985, 5.834443632000045], [7.934822064000173, 5.825934852000159], [7.933654764000039, 5.822497867000095], [7.93363589500018, 5.8198724290001], [7.942416559000151, 5.805083294000099], [7.951041911000061, 5.792906713999969], [7.964233369000169, 5.775656192000156], [7.970076360000178, 5.768326691000084], [7.971960798000111, 5.765962090000073], [7.974059579000141, 5.767177027000173], [7.976048831000071, 5.767848111999967], [7.978570434000062, 5.768254454000044], [7.980293437000057, 5.769190972000047], [7.98387363500018, 5.770664889999978], [7.986389200000019, 5.773067508], [7.991552360000014, 5.778272376000075], [7.99313421700009, 5.782402513000136], [7.994319174000168, 5.786132397000188], [7.996301654000035, 5.789332082000158], [8.001207622000095, 5.791608054000164], [8.00560734100003, 5.793063234000158], [8.006080864000069, 5.793705006000152], [8.008342708000157, 5.798313101000133], [8.009473651, 5.800617273000171], [8.011740930000144, 5.804074789000083], [8.014013014, 5.806385011999964], [8.018569091000131, 5.808703880000166], [8.021988825000108, 5.809869822], [8.027701435999973, 5.808745830000078], [8.0322734720001, 5.807618137000134], [8.03798601200009, 5.806495243000143], [8.043703784000115, 5.804222981000066], [8.048280929000043, 5.801945272000182], [8.049611, 5.799735080000062], [8.053341982000177, 5.807897131000118], [8.056798174000164, 5.812466178000079], [8.059104956000056, 5.815894128000025], [8.061412905000168, 5.819323029000145], [8.06601051900003, 5.823883045000116], [8.068309081000166, 5.826163752000127], [8.072948207000138, 5.836463980000076], [8.075255270000184, 5.839892787000167], [8.076430078000044, 5.844478198000047], [8.077605493000021, 5.849061048000124], [8.076507283000126, 5.854810189000034], [8.076533580000046, 5.858253995000041], [8.075452107, 5.866298215000029], [8.075519761000123, 5.875483015000043], [8.075561704000108, 5.881223159000172], [8.075605348000181, 5.886962879000066], [8.076771910000048, 5.890398970000092], [8.080228062, 5.894968075000065], [8.082535007000047, 5.898395995000158], [8.084834136000097, 5.90067713000019], [8.08714959700012, 5.905252904000065], [8.090598144000069, 5.908673731000022], [8.092896262000124, 5.91095397700002], [8.095203427000172, 5.914381964000086], [8.101831409000056, 5.920957976000068], [8.102523681000093, 5.925456041000189], [8.103663795000102, 5.929257792000101], [8.105734745000063, 5.929493600000058], [8.110218582000073, 5.93059813900004], [8.119427976000168, 5.933415353999976], [8.122214285000041, 5.934515672000089], [8.125848572000109, 5.93598266500004], [8.129123121000077, 5.9359904800001], [8.132272971000077, 5.937213094000185], [8.134209689000102, 5.938675971000123], [8.142212822000147, 5.938937850000059], [8.146817575000057, 5.940285256000152], [8.150091326999984, 5.940414388000022], [8.153124229000127, 5.940056906999985], [8.156157408000183, 5.939334843000097], [8.158947231000184, 5.938976733000175], [8.161616053000046, 5.938496819000079], [8.162343043000135, 5.938741517000039], [8.162701005000088, 5.941294218000166], [8.161848019000047, 5.943114939000054], [8.161598846000118, 5.946030807000113], [8.15328189000013, 5.967316194000091]]]}}, {"type": "Feature", "properties": {"adm2_name": "Abua/Odual", "adm2_name1": null, "adm2_name2": null, "adm2_name3": null, "adm2_pcode": "NG033001", "adm1_name": "Rivers", "adm1_name1": null, "adm1_name2": null, "adm1_name3": null, "adm1_pcode": "NG033", "adm0_name": "Nigeria", "adm0_name1": null, "adm0_name2": null, "adm0_name3": null, "adm0_pcode": "NG", "valid_on": "2019-04-17", "valid_to": null, "area_sqkm": 716.08233529, "version": "v01", "lang": "en", "lang1": null, "lang2": null, "lang3": null, "adm2_ref_name": "Abua/Odual", "sendist_en": "Rivers West", "sendistpcode": "NG03303", "center_lat": 4.84693957, "center_lon": 6.56003275}, "geometry": {"type": "Polygon", "coordinates": [[[6.669201866000094, 4.90518188700014], [6.649763140000061, 4.914313811000056], [6.641111017000128, 4.924639244000048], [6.629692214000102, 4.934519779000027], [6.621951004000152, 4.943904893000081], [6.616516985000032, 4.953739164000126], [6.611082943000042, 4.963572000000113], [6.60655213300015, 4.971532800000148], [6.59650891300015, 4.980937015000109], [6.582703104000132, 4.981512039000052], [6.570669086000066, 4.974615107000147], [6.565948881000054, 4.962065211000038], [6.560778135000135, 4.950449965000189], [6.549643091000064, 4.941215065000108], [6.546145814000113, 4.934891248000099], [6.547800123000172, 4.932685862000028], [6.56544247700009, 4.926621437], [6.570340915000031, 4.918276784000113], [6.57179592600005, 4.913424673], [6.572981383000183, 4.906282772], [6.572140847000071, 4.904275235000114], [6.56987368200015, 4.902830232000156], [6.565314820000083, 4.903657718999966], [6.561426537000159, 4.904498823000097], [6.556588257000044, 4.895472072000132], [6.543207287000087, 4.892314925999983], [6.530840984000179, 4.899405971000078], [6.522648773000128, 4.909727082000074], [6.510325886000032, 4.921480167000084], [6.503480895999985, 4.928060988000027], [6.495718993000025, 4.935114880000128], [6.48841278000009, 4.941700009999977], [6.48019511200016, 4.949224022000124], [6.469184873000131, 4.95350693600011], [6.454969057000085, 4.959681015000115], [6.44040200000012, 4.954815865000114], [6.440640877000078, 4.943194856000048], [6.433986244000039, 4.930301160000113], [6.425559889000169, 4.920691026000043], [6.420719172000133, 4.906836953000152], [6.414565935000041, 4.896256907000122], [6.406606140000179, 4.887104045000058], [6.400884182000141, 4.875124000000142], [6.398394077999967, 4.864480033000063], [6.398606663000066, 4.851465241000028], [6.399278997000124, 4.838441870000111], [6.402275130000135, 4.827237141000012], [6.408864901000129, 4.812250166000183], [6.412812170000109, 4.802886966000131], [6.422863830000097, 4.777152034000096], [6.429982289000122, 4.76587390800006], [6.441421939000065, 4.745329842000046], [6.445941947000108, 4.730044812000131], [6.459428911000145, 4.72399709400014], [6.461059938000176, 4.713280215000111], [6.478478833000167, 4.713902021000024], [6.484190041000033, 4.718555336], [6.48964413900012, 4.722999094000158], [6.498985761000142, 4.732592095000143], [6.501528294000082, 4.734480056000109], [6.510599994000188, 4.741216179000105], [6.513673766000124, 4.743821540000113], [6.517582007000101, 4.747134172000131], [6.523535940000045, 4.75072559900002], [6.527311746, 4.753003140000089], [6.537438875000134, 4.755611901000179], [6.552611951000188, 4.758596881000074], [6.558354700999985, 4.758495523000022], [6.560086141999989, 4.756626369000116], [6.560086313000113, 4.756626184000027], [6.560086333000129, 4.756626072000188], [6.560866727000189, 4.752285268000037], [6.560520965000023, 4.747747827000182], [6.561107326000126, 4.744350421000092], [6.561107343, 4.744350402], [6.564707177000173, 4.740028283000072], [6.568485950000081, 4.737030097000172], [6.577718654000023, 4.73350128900006], [6.581958628000166, 4.733942269000124], [6.583541002000175, 4.73410683700007], [6.583541075000085, 4.734106836000137], [6.588996217000101, 4.73338714700003], [6.598032991000139, 4.729859005000151], [6.598033045000136, 4.729859105000116], [6.600249789000031, 4.734055976000036], [6.6072411130001, 4.746353191000082], [6.620207777000076, 4.754642034000142], [6.629915193000159, 4.758760000000166], [6.638588982000101, 4.75076578200003], [6.649202714000069, 4.753478986], [6.660247761000107, 4.752925877000166], [6.670805888000132, 4.749578009000118], [6.683222838000063, 4.74808216200006], [6.692409991000034, 4.745677926999974], [6.702562682000121, 4.748394026000085], [6.715074923000032, 4.757153016000075], [6.727970144000039, 4.757516886000133], [6.740396034000184, 4.756951804000096], [6.762456996000139, 4.760527133000096], [6.764038085000095, 4.774480792000077], [6.760545286000024, 4.779283481000164], [6.757217937000178, 4.783858761000033], [6.74541098200018, 4.79026650000003], [6.74213949, 4.793070776000093], [6.742170865000048, 4.79982902200004], [6.74041996, 4.809632757000031], [6.737760944000115, 4.820843220000086], [6.726285861, 4.824663139000052], [6.720369765999976, 4.832170001000122], [6.721845175000112, 4.84241390800014], [6.720118957000125, 4.855014790000041], [6.710920802000146, 4.856020011000169], [6.702690229000098, 4.862145949000023], [6.702170335000062, 4.868181211000092], [6.693087182, 4.869215028000099], [6.682873769000082, 4.870937825000055], [6.676809260000027, 4.877553903000035], [6.677111126000113, 4.884261160000108], [6.687284456000043, 4.888580324000088], [6.693899995000038, 4.892439406], [6.698310924000054, 4.901260891000106], [6.690041102000066, 4.902914484], [6.677360604000171, 4.897401346000038], [6.669201866000094, 4.90518188700014]]]}}, {"type": "Feature", "properties": {"adm2_name": "Ahoada East", "adm2_name1": null, "adm2_name2": null, "adm2_name3": null, "adm2_pcode": "NG033002", "adm1_name": "Rivers", "adm1_name1": null, "adm1_name2": null, "adm1_name3": null, "adm1_pcode": "NG033", "adm0_name": "Nigeria", "adm0_name1": null, "adm0_name2": null, "adm0_name3": null, "adm0_pcode": "NG", "valid_on": "2019-04-17", "valid_to": null, "area_sqkm": 318.15296592, "version": "v01", "lang": "en", "lang1": null, "lang2": null, "lang3": null, "adm2_ref_name": "Ahoada East", "sendist_en": "Rivers West", "sendistpcode": "NG03303", "center_lat": 5.05207354, "center_lon": 6.64173202}, "geometry": {"type": "Polygon", "coordinates": [[[6.717530319000161, 5.182233936000102], [6.69506377200014, 5.179907908000189], [6.67939673900014, 5.180380566000053], [6.670334460000049, 5.172315256000104], [6.663784429000145, 5.172273367000116], [6.657782139000176, 5.175666682000099], [6.651739557000099, 5.185351389], [6.646541917000093, 5.196471478000035], [6.639543108000169, 5.204371933000118], [6.633020006000095, 5.196032018999972], [6.629775025000129, 5.190967988000125], [6.626481110000157, 5.18582675], [6.621841011000186, 5.180239795000034], [6.621324249000054, 5.17628873600006], [6.619066319000126, 5.173128193000139], [6.615658174000146, 5.171675994000111], [6.606275236000045, 5.16932663100016], [6.60316313900006, 5.166160308000087], [6.602046386000097, 5.162721161000036], [6.601244284000188, 5.154708175000167], [6.600747479000177, 5.143551375000015], [6.60145124700017, 5.12296493600013], [6.600617521000061, 5.119813557999976], [6.597783441000047, 5.117792979000058], [6.592643571000053, 5.116584119000038], [6.592196002000037, 5.112440094000078], [6.591592692000063, 5.0970601840001], [6.594079738000119, 5.079617247999977], [6.59321223500001, 5.076580507000187], [6.590108525000119, 5.072270235000076], [6.586738957000023, 5.065098176000049], [6.587038662, 5.062812311000187], [6.58849025700016, 5.058532059000072], [6.595289081000089, 5.048431974000039], [6.595260163000034, 5.045281863000071], [6.59190898200012, 5.03132199700002], [6.587197803000151, 5.01970482500019], [6.58018102300008, 5.007638932000077], [6.574122988000056, 4.999762035000174], [6.563900012999966, 4.989586821000103], [6.55280387, 4.984547171000031], [6.540300908000063, 4.976719857000035], [6.531015760000059, 4.968401914000083], [6.525857991000066, 4.95818709200006], [6.526670994000142, 4.946525087000168], [6.536756992000107, 4.941782944000124], [6.549643091000064, 4.941215065000108], [6.560778135000135, 4.950449965000189], [6.565948881000054, 4.962065211000038], [6.570669086000066, 4.974615107000147], [6.582703104000132, 4.981512039000052], [6.59650891300015, 4.980937015000109], [6.60655213300015, 4.971532800000148], [6.611082943000042, 4.963572000000113], [6.616516985000032, 4.953739164000126], [6.621951004000152, 4.943904893000081], [6.629692214000102, 4.934519779000027], [6.641111017000128, 4.924639244000048], [6.649763140000061, 4.914313811000056], [6.669201866000094, 4.90518188700014], [6.68524206100011, 4.917295949000049], [6.677939774000095, 4.924346949000096], [6.66788490600004, 4.932353049000142], [6.676258174000054, 4.941609882000023], [6.679566027000135, 4.950908229000106], [6.681063198000118, 4.963482837000129], [6.679333177000046, 4.975617901000021], [6.672953088000156, 4.982662238000103], [6.66888709, 4.991085982000072], [6.678204992000019, 5.003132832000119], [6.684774986999969, 5.016601111000057], [6.689030257000184, 5.028687960000127], [6.690530757000147, 5.041729954000118], [6.690659898000092, 5.05571511100004], [6.696355685000185, 5.074317969000049], [6.698338961000161, 5.089686897000149], [6.697516952000058, 5.100416162000158], [6.696308158000079, 5.119072958000174], [6.701036033000037, 5.132555038000135], [6.705283215000065, 5.143711055000097], [6.712353191000091, 5.156850350000013], [6.709010063000051, 5.155860199000074], [6.708296792000112, 5.15571231500013], [6.708056328000112, 5.156141051000077], [6.708053052000025, 5.156666879000056], [6.708332420000033, 5.157672566000031], [6.709212105000063, 5.161645983000085], [6.710051110000109, 5.164519607000159], [6.710843479000062, 5.1672017140001], [6.712953403000029, 5.172425757000099], [6.715079145000061, 5.175068372000169], [6.717951837000044, 5.177526019000027], [6.717530319000161, 5.182233936000102]]]}}, {"type": "Feature", "properties": {"adm2_name": "Ahoada West", "adm2_name1": null, "adm2_name2": null, "adm2_name3": null, "adm2_pcode": "NG033003", "adm1_name": "Rivers", "adm1_name1": null, "adm1_name2": null, "adm1_name3": null, "adm1_pcode": "NG033", "adm0_name": "Nigeria", "adm0_name1": null, "adm0_name2": null, "adm0_name3": null, "adm0_pcode": "NG", "valid_on": "2019-04-17", "valid_to": null, "area_sqkm": 440.40993381, "version": "v01", "lang": "en", "lang1": null, "lang2": null, "lang3": null, "adm2_ref_name": "Ahoada West", "sendist_en": "Rivers West", "sendistpcode": "NG03303", "center_lat": 5.04685692, "center_lon": 6.51515872}, "geometry": {"type": "Polygon", "coordinates": [[[6.629775025000129, 5.190967988000125], [6.624606886000151, 5.197187290000102], [6.62260403, 5.198604181000178], [6.605208656000059, 5.201922156000023], [6.588409132000095, 5.201239511000097], [6.578159880999976, 5.200599635000117], [6.56476458000003, 5.201940405000187], [6.555801570000028, 5.202908291000142], [6.558826444000033, 5.198422927000138], [6.55338104100008, 5.189809867000122], [6.544492122000065, 5.186294112000098], [6.534927554999967, 5.186825317000114], [6.505704386000104, 5.186912822000181], [6.494805102000157, 5.186838139000088], [6.483337373000154, 5.181286670000077], [6.479132362000144, 5.176393121000103], [6.476735290000022, 5.172728119000055], [6.476175589000036, 5.16603556299998], [6.476906275999966, 5.147798629000079], [6.477923943000064, 5.137354643000151], [6.472981060000109, 5.128497111], [6.464336853000134, 5.107274080000025], [6.460498774000087, 5.098048190000156], [6.451053017000049, 5.082880021000051], [6.443903895000062, 5.068137169000067], [6.439036777000069, 5.052887901000076], [6.429607929000099, 5.038650064000024], [6.425769755000147, 5.029424203000019], [6.417274029999987, 5.016098009000189], [6.411561096000185, 5.004581920000078], [6.410391922999963, 4.99112704099997], [6.421666074000143, 4.981634116000123], [6.430676116000086, 4.973575129000096], [6.437415137000187, 4.966485961000103], [6.44040200000012, 4.954815865000114], [6.454969057000085, 4.959681015000115], [6.469184873000131, 4.95350693600011], [6.48019511200016, 4.949224022000124], [6.48841278000009, 4.941700009999977], [6.495718993000025, 4.935114880000128], [6.503480895999985, 4.928060988000027], [6.510325886000032, 4.921480167000084], [6.522648773000128, 4.909727082000074], [6.530840984000179, 4.899405971000078], [6.543207287000087, 4.892314925999983], [6.556588257000044, 4.895472072000132], [6.561426537000159, 4.904498823000097], [6.565314820000083, 4.903657718999966], [6.56987368200015, 4.902830232000156], [6.572140847000071, 4.904275235000114], [6.572981383000183, 4.906282772], [6.57179592600005, 4.913424673], [6.570340915000031, 4.918276784000113], [6.56544247700009, 4.926621437], [6.547800123000172, 4.932685862000028], [6.546145814000113, 4.934891248000099], [6.549643091000064, 4.941215065000108], [6.536756992000107, 4.941782944000124], [6.526670994000142, 4.946525087000168], [6.525857991000066, 4.95818709200006], [6.531015760000059, 4.968401914000083], [6.540300908000063, 4.976719857000035], [6.55280387, 4.984547171000031], [6.563900012999966, 4.989586821000103], [6.574122988000056, 4.999762035000174], [6.58018102300008, 5.007638932000077], [6.587197803000151, 5.01970482500019], [6.59190898200012, 5.03132199700002], [6.595260163000034, 5.045281863000071], [6.595289081000089, 5.048431974000039], [6.58849025700016, 5.058532059000072], [6.587038662, 5.062812311000187], [6.586738957000023, 5.065098176000049], [6.590108525000119, 5.072270235000076], [6.59321223500001, 5.076580507000187], [6.594079738000119, 5.079617247999977], [6.591592692000063, 5.0970601840001], [6.592196002000037, 5.112440094000078], [6.592643571000053, 5.116584119000038], [6.597783441000047, 5.117792979000058], [6.600617521000061, 5.119813557999976], [6.60145124700017, 5.12296493600013], [6.600747479000177, 5.143551375000015], [6.601244284000188, 5.154708175000167], [6.602046386000097, 5.162721161000036], [6.60316313900006, 5.166160308000087], [6.606275236000045, 5.16932663100016], [6.615658174000146, 5.171675994000111], [6.619066319000126, 5.173128193000139], [6.621324249000054, 5.17628873600006], [6.621841011000186, 5.180239795000034], [6.626481110000157, 5.18582675], [6.629775025000129, 5.190967988000125]]]}}, {"type": "Feature", "properties": {"adm2_name": "Akamkpa", "adm2_name1": null, "adm2_name2": null, "adm2_name3": null, "adm2_pcode": "NG009002", "adm1_name": "Cross River", "adm1_name1": null, "adm1_name2": null, "adm1_name3": null, "adm1_pcode": "NG009", "adm0_name": "Nigeria", "adm0_name1": null, "adm0_name2": null, "adm0_name3": null, "adm0_pcode": "NG", "valid_on": "2019-04-17", "valid_to": null, "area_sqkm": 5028.47402601, "version": "v01", "lang": "en", "lang1": null, "lang2": null, "lang3": null, "adm2_ref_name": "Akamkpa", "sendist_en": "Cross River South", "sendistpcode": "NG00903", "center_lat": 5.38760969, "center_lon": 8.52822975}, "geometry": {"type": "Polygon", "coordinates": [[[8.480934287000082, 5.761620968000045], [8.47537430900013, 5.768277150000131], [8.466210345000036, 5.775131158000022], [8.462759714000072, 5.780861906000098], [8.455884100000162, 5.786578220000024], [8.450149354000132, 5.792298809000044], [8.444417258000101, 5.79801888500009], [8.438688418000027, 5.802590863000034], [8.434116576000122, 5.803719101000127], [8.43183323200003, 5.803709058000095], [8.426135784000053, 5.801383074], [8.420443620000185, 5.797908739000036], [8.413611583000034, 5.794428801000038], [8.404509356, 5.787490838000053], [8.395409707, 5.780552797000041], [8.38516714400015, 5.773609218000047], [8.378344311000035, 5.767829937000158], [8.368107783000028, 5.759737020000159], [8.358996482000123, 5.75509786900011], [8.354440631000045, 5.752778004000106], [8.348749324000153, 5.749303804000022], [8.340779460000078, 5.744668932000081], [8.338215140000045, 5.742806980000182], [8.33281413800006, 5.738884879000125], [8.327127607000023, 5.734262055000102], [8.320304717000056, 5.728483237000148], [8.310062197000093, 5.721539071000052], [8.298689816000149, 5.712292213000012], [8.290724730000136, 5.706508215000042], [8.282760448000033, 5.700725043000091], [8.277068371000041, 5.697249865000117], [8.271376401, 5.693775152000114], [8.263412698000025, 5.68799213], [8.252028282000083, 5.681043186000068], [8.248614180000061, 5.678728143000114], [8.242922764000014, 5.675253837000014], [8.233811183000114, 5.670613821000188], [8.229011164000042, 5.668169491000072], [8.217912801000068, 5.672243162000086], [8.213737941000147, 5.670558019000168], [8.202103439000098, 5.663439684000139], [8.19503621500013, 5.662390185999982], [8.189328347000014, 5.662363989000028], [8.182478713000137, 5.662332055999968], [8.17448895900003, 5.662294883000186], [8.167645307999976, 5.661115222000035], [8.157054077000055, 5.662320201000171], [8.156249774, 5.656465073000106], [8.156266153000047, 5.653016125000022], [8.157428608000032, 5.648424192000164], [8.159737664000147, 5.642686893000189], [8.160906045000047, 5.636946238000121], [8.16436696900007, 5.628914806000125], [8.166692050000165, 5.619730897000068], [8.170158658000105, 5.610550825000075], [8.174755892000178, 5.60367581700001], [8.178217894999989, 5.595645935000164], [8.185119397000108, 5.584184180000136], [8.187428724000142, 5.578446825000128], [8.189747567999973, 5.570412171000044], [8.1920727910001, 5.561226806000093], [8.194397878000188, 5.55204199800005], [8.19900626499998, 5.542868114000044], [8.203619736000064, 5.532545155999969], [8.209380150000072, 5.521077191000131], [8.213993059000131, 5.510753114000067], [8.218590493000022, 5.503878110000016], [8.222041209000054, 5.49814705700004], [8.226649357000156, 5.488972254000032], [8.231263055000113, 5.478649081000071], [8.235875942000177, 5.468325141000093], [8.239342769000018, 5.459146076000081], [8.245092266000142, 5.449975945000119], [8.251994020999973, 5.438514288000079], [8.252224751000085, 5.438054838000085], [8.226817083000185, 5.412452182000038], [8.220143056000154, 5.40908561100008], [8.215143123000075, 5.40404634000015], [8.21600456100009, 5.391476561000104], [8.217712356999982, 5.373880159000066], [8.217737814999964, 5.36191515500002], [8.212429228000133, 5.353274813000098], [8.21016116800007, 5.349815800000158], [8.206757611000057, 5.345202886000038], [8.204490780000185, 5.341743969000106], [8.2010868160001, 5.337131000000113], [8.19882482600002, 5.33252193300001], [8.195416251000154, 5.329059172000143], [8.19315917199998, 5.32330091700004], [8.19091340000017, 5.315245182000069], [8.187520005000124, 5.308332929000073], [8.181838871000139, 5.302558905000126], [8.17387974800016, 5.295626236000032], [8.168182236000177, 5.293302096000104], [8.16248535000011, 5.290977054000109], [8.154509342999972, 5.287490817000048], [8.148802810000063, 5.287465124000164], [8.139670435000028, 5.287423078000018], [8.139680887000168, 5.285123794000071], [8.139691338999967, 5.282824935000178], [8.141995673000054, 5.27823781800015], [8.144293917000141, 5.274800815999981], [8.147734369000034, 5.271368024000026], [8.153467956000043, 5.265646996000044], [8.1592025060001, 5.259926749000044], [8.166071967000107, 5.25536111700012], [8.174083461000066, 5.250800072000118], [8.178660233000187, 5.248521832999984], [8.18552021700009, 5.24625484500001], [8.190096860000097, 5.243977037000036], [8.195815070000037, 5.241703931000075], [8.200391590000152, 5.239427105000175], [8.207251273000054, 5.237158727000065], [8.214126666000084, 5.231443888000172], [8.22099135200017, 5.228026819000149], [8.239292880999983, 5.220065099000067], [8.246153066000147, 5.217798249000055], [8.25186996400015, 5.21552609500003], [8.256446938000124, 5.21324773200007], [8.270171308000045, 5.207562972000062], [8.275663381000129, 5.205540941000038], [8.278999064, 5.207223756000076], [8.28483520300017, 5.210587639000153], [8.289842124000131, 5.211435578000021], [8.29568484900011, 5.21144690400007], [8.307271903000128, 5.197373654000046], [8.317042092000179, 5.192837249000149], [8.322770826000067, 5.188264840000102], [8.32849394100009, 5.184844034000037], [8.341088392000074, 5.176856061000024], [8.350246188000028, 5.171150196000156], [8.357110746999979, 5.167734156000108], [8.36284563400011, 5.162013016000174], [8.367432526000016, 5.157435852000162], [8.377759063000099, 5.145988964000026], [8.382355625000116, 5.139113867000049], [8.38466472000016, 5.133378026], [8.385822441000073, 5.12993480800003], [8.388131999000052, 5.124197944], [8.393861025000149, 5.119627042], [8.400735816000065, 5.113912064000033], [8.407590067000115, 5.11279296500004], [8.415586600000154, 5.111680995000086], [8.424723751000045, 5.11057278100003], [8.42815882900004, 5.10829016200006], [8.42931718900013, 5.104846953000049], [8.429348150000123, 5.097950954000112], [8.430504787000189, 5.094508145000077], [8.430532250000056, 5.088760881000098], [8.432835686000033, 5.084174166000082], [8.43743782600012, 5.0761490000001], [8.44317230300004, 5.070427936000158], [8.450042012000097, 5.065862165000112], [8.45918466, 5.06360485200014], [8.466049000000112, 5.060188794000112], [8.470646767000119, 5.053312793000032], [8.472951176000095, 5.048726100000067], [8.473387644000127, 5.047642065000161], [8.475498960000039, 5.045057040000074], [8.479739258000052, 5.043643995000139], [8.48115745400014, 5.039388808000012], [8.48045937000012, 5.033711578000123], [8.48046713500014, 5.028211034000094], [8.481041682000182, 5.026925059], [8.483371860000034, 5.016590088000157], [8.487974872000052, 5.008564976000116], [8.489127388000043, 5.00627186000014], [8.493724621000183, 4.99939583600019], [8.499709045999964, 4.992431152000165], [8.501704203000145, 4.992588099999978], [8.510180914000102, 4.99118048400004], [8.516543088000162, 4.98622223700005], [8.521459227000037, 4.979654662000144], [8.523498340000117, 4.978844170000059], [8.529206297000144, 4.978869938000059], [8.534908287000121, 4.980045782000161], [8.544025417000057, 4.983535760999985], [8.55199429400011, 4.98817014500014], [8.558833162000042, 4.99049999600004], [8.563405192000118, 4.989371736000123], [8.567980792000185, 4.987093974000175], [8.575983318000056, 4.984831804], [8.587387278000051, 4.987184049000064], [8.599938528999985, 4.988390934000165], [8.609066224000173, 4.989582083000073], [8.625046963000045, 4.98965503900007], [8.643306568000128, 4.990889073], [8.66384300500016, 4.993281822000029], [8.692381685000157, 4.993413896000106], [8.693478758000026, 4.995327000000145], [8.689511275000143, 4.997071772000083], [8.685377074000087, 4.9983439290001], [8.685059580000143, 5.000569861000031], [8.68951131600005, 5.00502155300012], [8.69396333200018, 5.00724743], [8.69555401100007, 5.012335300000188], [8.696188707000033, 5.014243638000153], [8.70032331699997, 5.016787494000141], [8.704457155000057, 5.019649516000129], [8.70731917400019, 5.020921245000125], [8.712089647000084, 5.031414993000112], [8.714632959000028, 5.031732999000099], [8.715904976000047, 5.02887103200004], [8.718131086000028, 5.032687207000038], [8.71844876199998, 5.0380930500001], [8.723219082000185, 5.041273133000061], [8.724808764000045, 5.043180920000054], [8.72353643300005, 5.045724854000071], [8.719987732000163, 5.053365242000041], [8.72099310100009, 5.059398677000161], [8.725127216000146, 5.065758691000042], [8.72671712400006, 5.074344647000089], [8.730532446000097, 5.076888565000104], [8.736575127000094, 5.082294459000082], [8.744842259000052, 5.091834040000094], [8.755829799000026, 5.098302844999978], [8.763783594000074, 5.106386146000091], [8.771742971000037, 5.113317995000159], [8.779702075000102, 5.120252134000054], [8.791065224000135, 5.131797801000118], [8.794463358000087, 5.137560803000156], [8.797850746000051, 5.145623229000023], [8.801238855000179, 5.153684139000177], [8.803474380000125, 5.164039115000037], [8.805710601000158, 5.174394148000147], [8.807931057000019, 5.188198130000103], [8.81017094900011, 5.197402911000097], [8.811234352000042, 5.214650192000079], [8.81233405800009, 5.223849841], [8.81343380100003, 5.233049909000101], [8.812254890000133, 5.241090736000046], [8.811071389000176, 5.250280865000093], [8.808741620000035, 5.26061486500015], [8.807563071000118, 5.268655818000127], [8.80638504400008, 5.276696192000145], [8.80632204900013, 5.29048916000005], [8.807432065000114, 5.297389931000055], [8.809673161000092, 5.306595813], [8.813056247000077, 5.315806913000074], [8.81643891200008, 5.325017849000176], [8.818684364000092, 5.333075085000132], [8.822061717, 5.343434841000033], [8.825460596000141, 5.349197793000087], [8.827717028000109, 5.354955248000124], [8.832241322000186, 5.364171934000126], [8.835634392000088, 5.371082812000168], [8.837886128000036, 5.377989762000027], [8.839001433000078, 5.38374281900002], [8.841247739000096, 5.391798900000026], [8.84234702700013, 5.401000089999968], [8.84344692400009, 5.410200164000059], [8.843399150000039, 5.42054421000006], [8.844509128000027, 5.427445968000029], [8.845629693000149, 5.432048842000029], [8.846739730000024, 5.438950999000099], [8.850122711000097, 5.448162010000033], [8.8535157660001, 5.455073851000066], [8.855761699000027, 5.463129953000134], [8.858008285000096, 5.471186206000141], [8.85797690000004, 5.478083077000122], [8.85906583100018, 5.489582066000025], [8.860165858000187, 5.498782191000032], [8.862427580000087, 5.503389827000035], [8.864683858000092, 5.509148135000089], [8.868083239000043, 5.514911232000031], [8.871481029000165, 5.520672739000076], [8.873732656000016, 5.527579731000117], [8.878263415, 5.535646921000023], [8.882796440000163, 5.54256392100018], [8.886195287000135, 5.548326991000067], [8.887305329000128, 5.555229145000055], [8.890692973000114, 5.563291022000158], [8.892944097, 5.570197162000113], [8.895191025000145, 5.578254287], [8.89630130800009, 5.585154998000178], [8.896264105000114, 5.593201123000028], [8.895080463000056, 5.602390713000091], [8.891619430000105, 5.610421146000078], [8.885864047000041, 5.620738944999971], [8.877836980000154, 5.62874800700007], [8.872093005000181, 5.636767866000071], [8.867505850000157, 5.641345002999969], [8.85948400400008, 5.648203809000108], [8.85135464400014, 5.654006512000024], [8.846390369000176, 5.673886203000052], [8.843044256000155, 5.680589456000178], [8.826324705000104, 5.69063904799998], [8.81969066300013, 5.69229858500006], [8.818035810000083, 5.693561065000097], [8.814759277000121, 5.692825817000028], [8.806763703000058, 5.693939170000021], [8.802191540000024, 5.695066941000164], [8.79648427800015, 5.695041194000055], [8.79077072900003, 5.696164072999977], [8.781634220000171, 5.697270850000166], [8.774779242000022, 5.698389979000126], [8.764496033000114, 5.70064107800016], [8.749644999000054, 5.702871841000047], [8.73593151800003, 5.706256912000072], [8.727934840000103, 5.707368816999974], [8.717650538000044, 5.709621003000166], [8.706225276000055, 5.711866911000186], [8.695940714000187, 5.714118912000117], [8.684519563000151, 5.715216129], [8.675382830000103, 5.716322916000024], [8.661668714000086, 5.719708031999971], [8.646813477000137, 5.723087848000034], [8.635381712000083, 5.726483769000083], [8.622815105000086, 5.728724927000087], [8.61295414000017, 5.73138379500017], [8.610242065000023, 5.732114790000139], [8.604535364000128, 5.732089026000153], [8.595392195000045, 5.734345931000121], [8.58853706400015, 5.735464103000083], [8.578253942, 5.737716182000156], [8.565690786000062, 5.738807235000081], [8.554265934000114, 5.741054020000092], [8.534838605000061, 5.745562077000159], [8.529131147000157, 5.745534858000099], [8.521140132000028, 5.745499175000077], [8.510871603000112, 5.744301815000142], [8.500587737000103, 5.746553820000031], [8.491434195000181, 5.751109081000095], [8.486852610000085, 5.754537104000121], [8.480934287000082, 5.761620968000045]]]}}, {"type": "Feature", "properties": {"adm2_name": "Akpabuyo", "adm2_name1": null, "adm2_name2": null, "adm2_name3": null, "adm2_pcode": "NG009003", "adm1_name": "Cross River", "adm1_name1": null, "adm1_name2": null, "adm1_name3": null, "adm1_pcode": "NG009", "adm0_name": "Nigeria", "adm0_name1": null, "adm0_name2": null, "adm0_name3": null, "adm0_pcode": "NG", "valid_on": "2019-04-17", "valid_to": null, "area_sqkm": 793.44744868, "version": "v01", "lang": "en", "lang1": null, "lang2": null, "lang3": null, "adm2_ref_name": "Akpabuyo", "sendist_en": "Cross River South", "sendistpcode": "NG00903", "center_lat": 4.90119648, "center_lon": 8.48230229}, "geometry": {"type": "Polygon", "coordinates": [[[8.693478758000026, 4.995327000000145], [8.692381685000157, 4.993413896000106], [8.66384300500016, 4.993281822000029], [8.643306568000128, 4.990889073], [8.625046963000045, 4.98965503900007], [8.609066224000173, 4.989582083000073], [8.599938528999985, 4.988390934000165], [8.587387278000051, 4.987184049000064], [8.575983318000056, 4.984831804], [8.567980792000185, 4.987093974000175], [8.563405192000118, 4.989371736000123], [8.558833162000042, 4.99049999600004], [8.55199429400011, 4.98817014500014], [8.544025417000057, 4.983535760999985], [8.534908287000121, 4.980045782000161], [8.529206297000144, 4.978869938000059], [8.523498340000117, 4.978844170000059], [8.521459227000037, 4.979654662000144], [8.516543088000162, 4.98622223700005], [8.510180914000102, 4.99118048400004], [8.501704203000145, 4.992588099999978], [8.499709045999964, 4.992431152000165], [8.493724621000183, 4.99939583600019], [8.489127388000043, 5.00627186000014], [8.487974872000052, 5.008564976000116], [8.483371860000034, 5.016590088000157], [8.481041682000182, 5.026925059], [8.48046713500014, 5.028211034000094], [8.48045937000012, 5.033711578000123], [8.48115745400014, 5.039388808000012], [8.479739258000052, 5.043643995000139], [8.475498960000039, 5.045057040000074], [8.473387644000127, 5.047642065000161], [8.472951176000095, 5.048726100000067], [8.470646767000119, 5.053312793000032], [8.466049000000112, 5.060188794000112], [8.45918466, 5.06360485200014], [8.450042012000097, 5.065862165000112], [8.44317230300004, 5.070427936000158], [8.43743782600012, 5.0761490000001], [8.432835686000033, 5.084174166000082], [8.430532250000056, 5.088760881000098], [8.430504787000189, 5.094508145000077], [8.429348150000123, 5.097950954000112], [8.42931718900013, 5.104846953000049], [8.42815882900004, 5.10829016200006], [8.424723751000045, 5.11057278100003], [8.415586600000154, 5.111680995000086], [8.407590067000115, 5.11279296500004], [8.400836104, 5.092072990000133], [8.406554019000168, 5.089799909000078], [8.40999423400018, 5.086368076999975], [8.41114637600009, 5.084074009000062], [8.411161445, 5.080625970000142], [8.410041779000096, 5.076023111999973], [8.406632473000116, 5.072558850000064], [8.404365426000027, 5.069099886], [8.402097867000066, 5.065641888000073], [8.399830924000184, 5.062182894000046], [8.395290186000182, 5.056415079000033], [8.391897020999977, 5.04950284], [8.39077654700003, 5.044899917000123], [8.387372997000114, 5.040287012000078], [8.385122231000082, 5.033380013000169], [8.382870423999975, 5.02647307], [8.381750134000015, 5.021870116], [8.382927628000118, 5.01383018700011], [8.38294410300017, 5.010381237000047], [8.386383796000075, 5.006948915000123], [8.390965436000101, 5.003521877000026], [8.39554811500011, 5.000093932000027], [8.40012433600009, 4.997816998000076], [8.404696393000108, 4.996687913000187], [8.414969164000013, 4.996736043000112], [8.420687758000156, 4.994463016000054], [8.424137865000034, 4.988731879000056], [8.425300502000084, 4.984138949000169], [8.424175209000111, 4.980686193000111], [8.419619541000145, 4.978365864000068], [8.416205281999964, 4.976050844000042], [8.41278530600016, 4.974885937000181], [8.408230902000128, 4.972567096999967], [8.403680117000079, 4.969097107000096], [8.401423666000142, 4.963339801000188], [8.400302764000116, 4.958736894000083], [8.401470292999988, 4.952994852000188], [8.399229169000023, 4.943789031999984], [8.39810367299998, 4.940336209000066], [8.395831155000053, 4.9380268970001], [8.391270918000146, 4.936855802000082], [8.388982032000115, 4.937994999000125], [8.384410654000078, 4.939124112], [8.37640963400014, 4.941386250000164], [8.370695804000036, 4.942509141000073], [8.363837022000098, 4.944777010000053], [8.355756521000046, 4.939916175000121], [8.355298725000182, 4.934426793000114], [8.355299177, 4.927749153000036], [8.354345159000161, 4.920753036], [8.352755628000182, 4.91375732400013], [8.347985117000064, 4.904535305000138], [8.346395756000106, 4.899129388], [8.347031859000083, 4.894677671000181], [8.350528840000152, 4.887045368000088], [8.368018954000092, 4.87241795400007], [8.381374338, 4.862877843000035], [8.384872184000074, 4.857153916000073], [8.395684412000094, 4.857471919000034], [8.402680460000056, 4.849204041000178], [8.408162319000041, 4.839255218000119], [8.411525439000116, 4.839308149000146], [8.413074617000063, 4.835081100000025], [8.41376886200004, 4.832743672999982], [8.413914524000177, 4.828479336000044], [8.41419315200011, 4.827241450000145], [8.414201631000026, 4.822977078000065], [8.413797374000069, 4.818711781000047], [8.412843654000028, 4.813482291000071], [8.410926656000015, 4.807976290000056], [8.409015699000122, 4.799443251000014], [8.408745858999964, 4.796966069000064], [8.407924674000185, 4.794350645000179], [8.406827128000145, 4.792284986000084], [8.406416879, 4.790771031000133], [8.405181822000088, 4.788567519000082], [8.405045751999978, 4.78787995700003], [8.403398673000027, 4.784574979000126], [8.402850939000018, 4.782922727000027], [8.402164672000026, 4.782096434000152], [8.401890738000077, 4.781132248000119], [8.401203925000175, 4.780305877000046], [8.400519235, 4.778516272000047], [8.39942075800019, 4.776725280000164], [8.398873258000151, 4.774936658000115], [8.399016498000094, 4.772597789000145], [8.402880657000026, 4.768753047000189], [8.403983241000105, 4.768342980000114], [8.405363326000156, 4.767382145999989], [8.407429668000077, 4.767248166000115], [8.408117355000059, 4.767524752999975], [8.40977002500017, 4.767665410000177], [8.411422015000085, 4.768219485000088], [8.412109507000139, 4.768633411000053], [8.412521291000076, 4.769184069000119], [8.412382230000048, 4.770009033000179], [8.40989679300003, 4.772756084000036], [8.408931487000075, 4.773441787000024], [8.408655130000056, 4.77399155500018], [8.408651355000188, 4.775642831000027], [8.408924953000053, 4.776468740000098], [8.409612568, 4.777157770000088], [8.410851730000047, 4.777847746000134], [8.412778141000047, 4.778401851000069], [8.414981834, 4.77854344400015], [8.416085225000074, 4.777995070999964], [8.417051518, 4.777034307000065], [8.417329090000067, 4.776071515000183], [8.41788114600007, 4.775384926000129], [8.418570731000045, 4.774836087999972], [8.419535373000087, 4.774562378000098], [8.4210530470001, 4.773327383000151], [8.421604031000186, 4.773328313000036], [8.422704528000054, 4.77388049700005], [8.423804543000188, 4.775120704000074], [8.425179684, 4.776224162000062], [8.427244856000186, 4.776502588000028], [8.428347456000097, 4.776092077999976], [8.429175539000141, 4.775405905000127], [8.429728357000045, 4.77458143500013], [8.430282790000035, 4.773068941000076], [8.432077185000082, 4.771008997000138], [8.432904274, 4.770597488000135], [8.433593532000032, 4.770599393], [8.434418928000127, 4.771288386000094], [8.434552866, 4.772664554000073], [8.43427570200015, 4.773764614000129], [8.433446979000053, 4.77486368700005], [8.433445157000108, 4.775688649000074], [8.433718598999974, 4.776652385000091], [8.434955755000033, 4.778305511999974], [8.43495378700004, 4.778855800000031], [8.434434952, 4.780263439000066], [8.432605913000089, 4.782153140000048], [8.43260288200014, 4.783390989000054], [8.433565208000175, 4.784631248999972], [8.436731346000101, 4.785600152000143], [8.436729171000025, 4.78628778500007], [8.435622202, 4.789174560000106], [8.434931850999988, 4.789861683000026], [8.43258933500016, 4.789994740000111], [8.430663259000141, 4.789165494000088], [8.429284992000078, 4.789300462000028], [8.429283926000153, 4.789988523000034], [8.43010901700012, 4.790540235000037], [8.432588848000023, 4.790682302000164], [8.434378730000162, 4.791236413000092], [8.436307232000047, 4.791239272000041], [8.437134, 4.790690407000056], [8.437411318000102, 4.789866000000131], [8.437419031000104, 4.786288702999968], [8.437696423000148, 4.785051369000087], [8.437700278000023, 4.783262749000073], [8.437288441000135, 4.782711470000038], [8.436737310000069, 4.782435871000075], [8.434534007000138, 4.782019162000154], [8.434535940000046, 4.781132232000118], [8.43506603700007, 4.780080809000083], [8.43743522200009, 4.777896903], [8.437850278000155, 4.777072431000022], [8.437715754000067, 4.775696746000165], [8.43950852200004, 4.77432390000007], [8.440887337, 4.773776523000151], [8.44116402800006, 4.773364076000064], [8.440062361000116, 4.772811889000081], [8.438685492000161, 4.772809049000045], [8.43716829900012, 4.773769871000127], [8.436062907000178, 4.775280968], [8.435237016000144, 4.775279559000182], [8.435100535000117, 4.774454087000095], [8.436204937000184, 4.773217684000031], [8.436620621000088, 4.771980268000107], [8.436622666, 4.771017034000181], [8.435797477000051, 4.770190719000141], [8.433733964000112, 4.769223651000061], [8.432080284000051, 4.769358146000059], [8.430977726000151, 4.76976872400013], [8.429598824000095, 4.770729526000025], [8.428355255000156, 4.772515280000164], [8.42724983000005, 4.774026849000109], [8.42559626800005, 4.77443598900004], [8.42394521, 4.773607695000067], [8.421745258000044, 4.771815305000075], [8.420642977000057, 4.771675579000032], [8.41995419, 4.772086651000166], [8.419127517000106, 4.772222958000157], [8.417471959000068, 4.773182848000147], [8.41650603, 4.774281515000041], [8.416228105000187, 4.775106460000131], [8.41471008600007, 4.77689215200013], [8.414020377000156, 4.777166366000074], [8.41209195, 4.777162056000066], [8.411266494000074, 4.776885476000075], [8.410303822, 4.775920831000121], [8.410029228000042, 4.775370095000028], [8.410031324000045, 4.774406954000028], [8.411687654000104, 4.77262213400013], [8.412517780000087, 4.771385211], [8.41348285500004, 4.77083682600005], [8.414034911999977, 4.770149743000104], [8.414037872000051, 4.768636720000075], [8.412664662000111, 4.766708332], [8.411012675000165, 4.76615431800019], [8.407431660000043, 4.766010759000153], [8.405917186000181, 4.765594996000118], [8.401923968000176, 4.76517487000018], [8.39861990500009, 4.764480608999975], [8.397518900000023, 4.763927943000112], [8.396556073, 4.763101088000155], [8.396007705000102, 4.761861788000147], [8.394770654000183, 4.760621046000153], [8.392570714000044, 4.75896645500012], [8.39105729300013, 4.758276014000103], [8.38926968900006, 4.756484042000125], [8.38858395900013, 4.755382049], [8.38624691400014, 4.753038848000187], [8.385423922000086, 4.751661296000066], [8.385425529000088, 4.750698561000092], [8.385978526000144, 4.749461156000109], [8.385980566000114, 4.748910868000053], [8.387636345999965, 4.747125674000131], [8.388052259, 4.746163839000076], [8.388742289999982, 4.745339882000167], [8.389987001000065, 4.742590898000117], [8.390953841000112, 4.741629648000128], [8.391230427999972, 4.740941972000087], [8.393990230999975, 4.738471028000106], [8.395094889000063, 4.737097272000142], [8.400058858000023, 4.734631063999984], [8.4017162990001, 4.732432843000083], [8.402680601000156, 4.732296949000045], [8.403643458000147, 4.732711324000149], [8.404194044000064, 4.733262517000185], [8.40694503100002, 4.734781294000186], [8.407494280000094, 4.735470307000071], [8.407491496000034, 4.736845986000105], [8.407072985000127, 4.739459049000061], [8.4065210710001, 4.740420814000117], [8.404175751000025, 4.741792244000123], [8.402520192000111, 4.743164568000111], [8.402105425000173, 4.744126755000082], [8.40210453200018, 4.744677046000049], [8.402792191000117, 4.744953643000088], [8.403757879000125, 4.74399276500003], [8.404447535000145, 4.743718645000058], [8.406104103000075, 4.742070695000109], [8.406655465000028, 4.741796494000084], [8.408173711000074, 4.740148531999978], [8.409424918000127, 4.734648272000186], [8.410115982000093, 4.733136158000093], [8.410944240000049, 4.732312662000027], [8.411083072, 4.731624618000126], [8.412878277000118, 4.72970198400003], [8.414808520000065, 4.728742629000124], [8.418390397000053, 4.728474599000151], [8.42100926500018, 4.72751618000018], [8.42362591900013, 4.727245784], [8.425828863000163, 4.72766256], [8.428305436000187, 4.728905217999966], [8.430232760000138, 4.729459287999987], [8.433122891999972, 4.730840183000112], [8.434772364000025, 4.732219208000117], [8.435733569999968, 4.733734154000047], [8.437382453999987, 4.735525110000083], [8.437934065999968, 4.735801709000157], [8.439585691000104, 4.735804605], [8.44137685800007, 4.736083030000032], [8.442477292000035, 4.736635692000107], [8.444542670000033, 4.736638995000135], [8.445507951000025, 4.736228445999984], [8.446885030000033, 4.736368163000122], [8.448673294, 4.737472068000045], [8.44977292200008, 4.738574517000075], [8.450733386000138, 4.740639695000027], [8.451282725, 4.741328716000112], [8.453070455000159, 4.742432617000077], [8.455133219000118, 4.744224540000062], [8.45609271300009, 4.746977821000087], [8.45704435100015, 4.753170016000013], [8.457865018000064, 4.755923307000046], [8.458277005000184, 4.756749163000165], [8.459788560999982, 4.758402837000176], [8.460611242000141, 4.760192888000063], [8.460610235000104, 4.760880432000079], [8.461982871000032, 4.763359560000083], [8.464318338000055, 4.766390315000081], [8.465968105000059, 4.767768845000091], [8.467205021999973, 4.769284240000161], [8.467889025000034, 4.771761911000112], [8.467883950000044, 4.774100803000181], [8.469257255000059, 4.776579404000188], [8.47021370200008, 4.780020203000049], [8.471174389000055, 4.782085399000039], [8.47186156000015, 4.782774940000138], [8.473926570000117, 4.783603669000058], [8.475303479000104, 4.783606506000183], [8.477233861000116, 4.782646618000172], [8.48040278600007, 4.782101638000029], [8.481228681000061, 4.78251648100013], [8.483428792000154, 4.784446264000053], [8.484807215000046, 4.784173468], [8.484670787000141, 4.78362278100002], [8.481782720000183, 4.781141718000185], [8.480957204000106, 4.780865240000026], [8.479856416000132, 4.780037428000128], [8.47861689299998, 4.779897255000151], [8.477376997000079, 4.780033103000051], [8.475032615999964, 4.781542316000127], [8.47310341500014, 4.78167632200018], [8.472554349, 4.781125088000067], [8.471732352000117, 4.778785202000051], [8.471461158000068, 4.776582680999979], [8.47077635300019, 4.77424334300008], [8.470778308000035, 4.77328012800001], [8.47009659300005, 4.769977556000185], [8.469684350000136, 4.769289060000062], [8.469548364000104, 4.768463601000065], [8.46913649600009, 4.76791235800016], [8.468451525000035, 4.765709879000099], [8.46776574, 4.76447059700007], [8.466803525000103, 4.763505473000123], [8.46611523000007, 4.763229365000029], [8.464740967000125, 4.761851315000058], [8.464466302000062, 4.761300546000029], [8.464467902000024, 4.76019998400011], [8.46391871000003, 4.759373637000067], [8.461994130000164, 4.757581691000098], [8.461170072000186, 4.756341433000159], [8.461175019000109, 4.753728403000139], [8.461590768000178, 4.752765650000129], [8.46421224900007, 4.750431521], [8.464902688000109, 4.749607996000179], [8.465041224, 4.749057779000054], [8.466007514000012, 4.747958686000118], [8.466698723000093, 4.746583960000066], [8.46807860400014, 4.745211147000077], [8.469322262000048, 4.743562233000091], [8.469875320000142, 4.74246260200016], [8.470841595000081, 4.74136401700008], [8.471118230000116, 4.740539082000168], [8.47153202300018, 4.740127088000179], [8.471947908, 4.739027479000072], [8.472361680000176, 4.738615058000107], [8.474020851000034, 4.735316243000113], [8.475538180000058, 4.734080797000047], [8.478431816000068, 4.733535806000134], [8.47981061500019, 4.732850566000138], [8.480638505000115, 4.73216390500005], [8.481741659000079, 4.731615555000133], [8.482843484, 4.731617954000114], [8.483944713000085, 4.732032331000028], [8.485045578000154, 4.732722286000183], [8.487381998000046, 4.73506498200004], [8.48793197200007, 4.735341078000147], [8.489990485000135, 4.739471922000121], [8.490538754999989, 4.74098584799998], [8.492462076000038, 4.743328082000176], [8.494801243999973, 4.744570225000189], [8.496729114000175, 4.745261660000097], [8.497830409000073, 4.745263606000094], [8.502787648000151, 4.746097554000187], [8.503750096000033, 4.746924906000061], [8.505122955000047, 4.748990575000164], [8.505670562000148, 4.751055250000036], [8.50566462100005, 4.753806606000126], [8.506214082000156, 4.754908064000119], [8.505797175000055, 4.756833528000129], [8.504690452000034, 4.759170500000039], [8.503862157000128, 4.760131832000184], [8.502895207999984, 4.761780740000177], [8.501238617000126, 4.763291356000082], [8.49985953800018, 4.764114857000095], [8.4972381930001, 4.76686146600008], [8.49640666900001, 4.769336211000109], [8.496405364, 4.769886500999974], [8.496955760000105, 4.770300410000061], [8.497369540000022, 4.769888406000064], [8.49819955200013, 4.768100700000105], [8.50027015400002, 4.766040820000057], [8.503166212000053, 4.763844985000162], [8.506202964000124, 4.760686359000147], [8.507031605, 4.759448996000174], [8.507724927000027, 4.757249361000163], [8.50800539200003, 4.754773641000099], [8.508420263000176, 4.753949162000026], [8.508145335000165, 4.753123326000093], [8.508147193000127, 4.752160091000064], [8.507873575000076, 4.751609300000041], [8.50801850300013, 4.747482319000085], [8.507333539000115, 4.745555420000073], [8.506371269999988, 4.744590250000158], [8.505270715000165, 4.744038132000128], [8.504169242000046, 4.74376109100001], [8.501965723000069, 4.743619906000163], [8.500450849000174, 4.743067263000171], [8.497836963000054, 4.74168678400008], [8.493026597000153, 4.736312848000068], [8.491928347000055, 4.73452283600011], [8.491654233000077, 4.733559143000036], [8.489731729000027, 4.730667131000189], [8.488357308000047, 4.72942636700003], [8.486155224000129, 4.728322055000149], [8.484916829000042, 4.727906730000143], [8.482988105000175, 4.72790336900016], [8.481198070000119, 4.727625354000168], [8.47940707700019, 4.727622022000048], [8.476239173000067, 4.728166570000155], [8.473347523000086, 4.727748900000051], [8.473349454000186, 4.726785665000023], [8.474730217000115, 4.72472478100002], [8.474594238000122, 4.723898897000083], [8.473216212000182, 4.724446773000125], [8.47252680300005, 4.724996068], [8.471835263, 4.726232978000041], [8.471833154000137, 4.726920594000092], [8.471556925000073, 4.727470412000116], [8.470729582000104, 4.72815655200003], [8.468938586999968, 4.728153669000051], [8.467012553000131, 4.727462309999964], [8.46577425400011, 4.726222030000031], [8.463990090999971, 4.723467338000034], [8.463031553000064, 4.720438958999978], [8.4628965550001, 4.719338398000161], [8.46138856500005, 4.715346336999971], [8.460568533000071, 4.712593051000056], [8.460019253000098, 4.711491597000077], [8.458377579000114, 4.705573069000138], [8.455632194000088, 4.70102836600006], [8.455497632000117, 4.699652684000114], [8.457979086000137, 4.698281273000021], [8.461698537000132, 4.697875046000092], [8.463766022000186, 4.697053406000123], [8.465143913000077, 4.696918511000092], [8.467900524000186, 4.69609785900002], [8.469002447000094, 4.69554947000006], [8.472446244000025, 4.695280559000082], [8.475202808000063, 4.694459925000046], [8.476167589, 4.693911096000022], [8.477961523000147, 4.692125817000033], [8.47920496800009, 4.690064921000044], [8.479895620000036, 4.689377787000183], [8.480859603000113, 4.689379662000078], [8.48306164000013, 4.689933790000111], [8.483474952000051, 4.690209828000036], [8.48636612900009, 4.690352466000093], [8.488983212000164, 4.690769647000081], [8.492835920000061, 4.692289822000021], [8.49834271800006, 4.693537211000091], [8.501509746000124, 4.693818066000119], [8.50440431700008, 4.693135247000043], [8.507158196000091, 4.693002692], [8.50812237600013, 4.693279243000063], [8.508946246999983, 4.694243445000097], [8.508390420000126, 4.697131614000057], [8.50796580900004, 4.702771662000032], [8.507273530000077, 4.704696204000129], [8.506307477000178, 4.705795258000137], [8.503552189000061, 4.706478078000146], [8.502035811000042, 4.707163351000077], [8.50093257400016, 4.707849480000107], [8.499552028000153, 4.709497944000077], [8.499546783000142, 4.712111959000083], [8.499958272000185, 4.713350787000081], [8.5005072780001, 4.713901982000095], [8.501195692000067, 4.714040752000074], [8.501609975000122, 4.713628799000162], [8.501337141000135, 4.71252771200011], [8.501478042000144, 4.710601798000084], [8.50464984000007, 4.708268628000098], [8.507683730000053, 4.706485240000177], [8.508511692000184, 4.705661318000068], [8.510717570999986, 4.704702400000087], [8.514712468000027, 4.704296576000104], [8.517192833000024, 4.703612306000139], [8.520083591000116, 4.704167826000116], [8.524073616000123, 4.706650717000116], [8.527102347000152, 4.707481906000055], [8.52971845500008, 4.707898645000171], [8.530543337000097, 4.708588124000073], [8.531366628000114, 4.710515494000049], [8.531638279000106, 4.712166775000185], [8.531635435000055, 4.713955402000067], [8.530664378000097, 4.71725559000015], [8.529835939, 4.718904953000106], [8.527488898000058, 4.721652080000069], [8.526105684000186, 4.724538830000029], [8.523204797000062, 4.729073967000033], [8.52278888, 4.730311407999977], [8.521683631000144, 4.732097588000158], [8.521682916000032, 4.732648378000079], [8.521268098000121, 4.733472800000072], [8.520989365000105, 4.73512314200002], [8.520296912999981, 4.737185478000129], [8.520008022000184, 4.744476290000136], [8.520142270000065, 4.745852427000045], [8.520690135, 4.747779326000057], [8.521513106000157, 4.749981907000119], [8.522886467000035, 4.752185337000185], [8.523433411000156, 4.753974885000105], [8.523704526000131, 4.75603868900015], [8.523695142000065, 4.761128867000139], [8.524505869000052, 4.769797295000103], [8.525464803000034, 4.772137667000095], [8.527113922000126, 4.774204241], [8.528761117999977, 4.777370886000085], [8.529723356000034, 4.778473415000121], [8.530821549000052, 4.780539039000132], [8.53191650600013, 4.783842581000101], [8.53274049700019, 4.78535701800007], [8.532669824000095, 4.786113292000152], [8.533563816000026, 4.787421723000136], [8.53643890100011, 4.796506903000079], [8.538497747000122, 4.800637743000095], [8.54042220000008, 4.802566554000066], [8.541109195, 4.80353115500003], [8.543998008000187, 4.805874308], [8.545646829000134, 4.807940443000177], [8.546607798000139, 4.80973096800011], [8.547707765000098, 4.810971243000154], [8.549495570000147, 4.812074167999981], [8.550735595000162, 4.812351724000052], [8.55142332500003, 4.812765590000026], [8.551974349000147, 4.812766546000091], [8.55293741800017, 4.813318223000181], [8.553901727000095, 4.813320182000041], [8.554452991000062, 4.81359575200014], [8.55527775100012, 4.814147957000046], [8.556927962000145, 4.81607628900008], [8.558921823000162, 4.817936912000107], [8.559404343000097, 4.817868675000057], [8.56078031700008, 4.818284058000074], [8.561881910000011, 4.818698902000108], [8.564359472000035, 4.81952811400015], [8.56752850900017, 4.819533851000187], [8.569044353000152, 4.819122776000029], [8.572350418000042, 4.819266276000178], [8.57386570300008, 4.818856236000158], [8.575105535000034, 4.818858109000075], [8.576622965000183, 4.818035114999986], [8.578552220000176, 4.817488210000135], [8.579793717000143, 4.816526909000061], [8.582692173000169, 4.813642460000096], [8.584346754000023, 4.812819943000136], [8.588623782000013, 4.808975207000174], [8.591243808000115, 4.80760382800014], [8.592207836000114, 4.807330161000152], [8.593309413000043, 4.807744467000134], [8.597027642000114, 4.808300517000134], [8.597853726999972, 4.808714856000051], [8.599230985000077, 4.808991916000025], [8.603495358000032, 4.812025576000053], [8.604458058000091, 4.81299020900002], [8.608723512999973, 4.815610439000125], [8.610098921000088, 4.81712627100012], [8.611750611000161, 4.817954553000106], [8.613263957000129, 4.818781848000071], [8.613952755000128, 4.818782781000039], [8.615879826000139, 4.81974931200017], [8.617393349000054, 4.820439318000069], [8.618770665000113, 4.820716860000118], [8.62166517900016, 4.820309191000035], [8.624143466000135, 4.820588133], [8.62551965700004, 4.821415437999974], [8.626895175000186, 4.822930855000038], [8.628128036000135, 4.8265099730001], [8.628121189000183, 4.830499157000077], [8.627844976000176, 4.831186789000128], [8.62784189000007, 4.832562465000137], [8.627426223000043, 4.834350088000122], [8.626458089000096, 4.836412394000092], [8.625214542000151, 4.83833643700018], [8.621054087000061, 4.842607110000131], [8.624105524000015, 4.842324280000184], [8.627415602000156, 4.840403545000186], [8.62741378200019, 4.841091660000188], [8.626642333000063, 4.842695033000041], [8.629637577000096, 4.842951073999984], [8.630396323000127, 4.84277523500009], [8.632203060000165, 4.842777063000085], [8.63207269000003, 4.843814690000045], [8.630650904000163, 4.846277899000029], [8.622766356000056, 4.857425557000113], [8.619407623000086, 4.860535286000072], [8.612692457000094, 4.863900918000013], [8.609463216000165, 4.86675124400017], [8.606230580000044, 4.87219593400016], [8.604712112000186, 4.878026898000144], [8.604671907000125, 4.879857941000068], [8.609376676000124, 4.888953666000077], [8.614464856000097, 4.896267410000178], [8.61891634, 4.903263573000061], [8.624640548000059, 4.907715364000069], [8.631636497000102, 4.907715277000136], [8.639123055000084, 4.906961885000158], [8.647217877, 4.910577270999966], [8.652306389000046, 4.915665121000131], [8.654213886000036, 4.920753007000087], [8.65326024000018, 4.925840857000082], [8.65007949000011, 4.931882879000113], [8.648489707000067, 4.93569897600014], [8.649444606000145, 4.942376619000129], [8.652941584000132, 4.945874674000095], [8.660256100000083, 4.944602472000156], [8.668842194000149, 4.952234769000086], [8.66852378200008, 4.954778678000139], [8.666297914000154, 4.958594346000041], [8.666934005000087, 4.963682197000082], [8.679018136000138, 4.971632027000055], [8.680289233000053, 4.976402273000076], [8.681243901000187, 4.98021793300012], [8.685377209000023, 4.98371600500019], [8.687285537000037, 4.981490162000114], [8.689830032000145, 4.985305807000088], [8.69300927300003, 4.986259930000074], [8.696188671000186, 4.984988225999984], [8.69809723300017, 4.987214111000071], [8.69714336200002, 4.990394126000183], [8.693478758000026, 4.995327000000145]]]}}, {"type": "Feature", "properties": {"adm2_name": "Akuku Toru", "adm2_name1": null, "adm2_name2": null, "adm2_name3": null, "adm2_pcode": "NG033004", "adm1_name": "Rivers", "adm1_name1": null, "adm1_name2": null, "adm1_name3": null, "adm1_pcode": "NG033", "adm0_name": "Nigeria", "adm0_name1": null, "adm0_name2": null, "adm0_name3": null, "adm0_pcode": "NG", "valid_on": "2019-04-17", "valid_to": null, "area_sqkm": 1246.89062222, "version": "v01", "lang": "en", "lang1": null, "lang2": null, "lang3": null, "adm2_ref_name": "Akuku Toru", "sendist_en": "Rivers West", "sendistpcode": "NG03303", "center_lat": 4.53746798, "center_lon": 6.70521904}, "geometry": {"type": "Polygon", "coordinates": [[[6.858159136000097, 4.39611197500011], [6.852282102000174, 4.407814032000147], [6.846889962000091, 4.422308914000098], [6.841046762000133, 4.437739850000185], [6.837449999000171, 4.447093030000076], [6.836159202000033, 4.456892955000114], [6.833963846000131, 4.468564990000175], [6.830849248000163, 4.480245109000123], [6.826826175000065, 4.49332997800019], [6.822799082000017, 4.505949982000061], [6.817842029000133, 4.517643908000025], [6.812884956000062, 4.529337877000103], [6.809764911000116, 4.540552124000101], [6.808483227000124, 4.551284798000097], [6.806723128000044, 4.560155870000131], [6.810998948000133, 4.574574927000072], [6.823060074000125, 4.584270021000066], [6.83051103400004, 4.59353399000014], [6.836125842000115, 4.603280065000149], [6.836722741000017, 4.618194126000049], [6.82718520800006, 4.63225600200019], [6.814415018000034, 4.645410034000179], [6.810381888999984, 4.657563197000059], [6.805924913000183, 4.673449974000107], [6.802822965000189, 4.686528163000162], [6.801084141000047, 4.69773002900007], [6.797099990000163, 4.715011136000044], [6.794023051000067, 4.730885958000101], [6.789956992000157, 4.739309747000107], [6.781167562000121, 4.746330255000146], [6.776493578000157, 4.746096110000053], [6.771819495000045, 4.74072122900003], [6.766444087000082, 4.738150556000051], [6.762704861000088, 4.746563916000014], [6.762456996000139, 4.760527133000096], [6.740396034000184, 4.756951804000096], [6.727970144000039, 4.757516886000133], [6.715074923000032, 4.757153016000075], [6.702562682000121, 4.748394026000085], [6.692409991000034, 4.745677926999974], [6.683222838000063, 4.74808216200006], [6.670805888000132, 4.749578009000118], [6.660247761000107, 4.752925877000166], [6.649202714000069, 4.753478986], [6.638588982000101, 4.75076578200003], [6.629915193000159, 4.758760000000166], [6.620207777000076, 4.754642034000142], [6.6072411130001, 4.746353191000082], [6.600249789000031, 4.734055976000036], [6.598033045000136, 4.729859105000116], [6.598032991000139, 4.729859005000151], [6.597178154000176, 4.724484541000038], [6.596590891000176, 4.720792374000041], [6.592882007000071, 4.713975033000054], [6.583163337000087, 4.707872623000128], [6.577980166000145, 4.702214123000033], [6.572729429000105, 4.696481774000119], [6.570113197000182, 4.691517846000067], [6.567539851000049, 4.686635255000112], [6.564538757999969, 4.681528940000135], [6.56308647100019, 4.67905788000013], [6.562684434000062, 4.674020776000077], [6.561700123000037, 4.661689093000177], [6.561381137000126, 4.657120089000159], [6.561014770000099, 4.651872605000108], [6.562200294000149, 4.640178518000027], [6.562620498000058, 4.636033264000048], [6.56475645800009, 4.627270480000163], [6.566477623000083, 4.620209051000018], [6.581659807000051, 4.593893458000025], [6.596800444, 4.573615036000149], [6.602881768000088, 4.561578905000033], [6.602916128000118, 4.556295753000029], [6.599307121000038, 4.534383826000067], [6.588290293000114, 4.498082280000119], [6.578666666000117, 4.478394498000057], [6.575680949000059, 4.476110319000156], [6.563738489000116, 4.466973414999984], [6.554091944000163, 4.451058622000119], [6.55116363000019, 4.440649791000169], [6.547496962000025, 4.427616445000183], [6.549867443000153, 4.409517992000076], [6.551259239, 4.400161002000061], [6.552222639000149, 4.393683695000107], [6.560587202000079, 4.376380177000158], [6.572655872000155, 4.365894123000089], [6.582429672000046, 4.362185296000121], [6.586623945000099, 4.35969027699997], [6.589958547000094, 4.357706607000182], [6.595960687000058, 4.346147274000032], [6.601829683, 4.334844726000142], [6.605761029000064, 4.335641871000121], [6.615980738000189, 4.33739755400012], [6.621939624000106, 4.332367409000085], [6.62577587800007, 4.328531253999984], [6.628100963000179, 4.326175212000123], [6.631692371000156, 4.322583669000039], [6.633936941000059, 4.318543432000126], [6.639487638000048, 4.317063307000183], [6.644409032999988, 4.318666443000097], [6.649199380000141, 4.321237082999971], [6.649648083000045, 4.32797049900006], [6.653688403000046, 4.33335734200017], [6.661768864000067, 4.33694887300004], [6.664138163000075, 4.337025649], [6.6731811410001, 4.337847705000172], [6.680569044000038, 4.338296410000112], [6.683918346999974, 4.338763720000031], [6.686644693000119, 4.33899736300009], [6.692252040000028, 4.338841418000072], [6.696691513000076, 4.339464668000119], [6.701130760000126, 4.339542370000174], [6.70697268300006, 4.340632925000079], [6.709153305000029, 4.34351445100009], [6.708529886, 4.345695479000085], [6.708608105, 4.34810974800007], [6.723094487000139, 4.357533943000078], [6.726287792000107, 4.355197414000145], [6.737027240000145, 4.350726589000146], [6.747509465000121, 4.349069103000147], [6.753742331000183, 4.348808272000156], [6.760044558000175, 4.347712492000085], [6.766620639999985, 4.347986227000092], [6.784052864000159, 4.348215106000112], [6.799271924000095, 4.350892071000146], [6.80900961500015, 4.352660190000165], [6.820026859999984, 4.354922773000055], [6.835943662000147, 4.357598285999984], [6.845819418000133, 4.358047507000151], [6.85430612000016, 4.35757687], [6.862801229000013, 4.358125205000022], [6.871569709000084, 4.357576828], [6.875679495000156, 4.359220975000085], [6.877049802000101, 4.361413507000123], [6.876227746000097, 4.366071712000178], [6.872304904000089, 4.370167736000155], [6.865815220000115, 4.375113965000025], [6.863348897000037, 4.375936040999989], [6.85659314000003, 4.383185873000173], [6.858159136000097, 4.39611197500011]]]}}, {"type": "Feature", "properties": {"adm2_name": "Andoni", "adm2_name1": null, "adm2_name2": null, "adm2_name3": null, "adm2_pcode": "NG033005", "adm1_name": "Rivers", "adm1_name1": null, "adm1_name2": null, "adm1_name3": null, "adm1_pcode": "NG033", "adm0_name": "Nigeria", "adm0_name1": null, "adm0_name2": null, "adm0_name3": null, "adm0_pcode": "NG", "valid_on": "2019-04-17", "valid_to": null, "area_sqkm": 251.19059117, "version": "v01", "lang": "en", "lang1": null, "lang2": null, "lang3": null, "adm2_ref_name": "Andoni", "sendist_en": "Rivers South East", "sendistpcode": "NG03302", "center_lat": 4.51008224, "center_lon": 7.4071609}, "geometry": {"type": "Polygon", "coordinates": [[[7.458186950000083, 4.571283486000141], [7.45704009300016, 4.571820241000069], [7.445114378000085, 4.573476776000064], [7.428831308000042, 4.57107685200009], [7.422804717000076, 4.569522864000135], [7.422761841000067, 4.567985552000096], [7.421034914000131, 4.568293585000106], [7.419754013000102, 4.568759838000062], [7.407611021000093, 4.566583166999976], [7.395224158000076, 4.571342954999977], [7.385112744000082, 4.57328797200006], [7.372179894000112, 4.568727992999982], [7.362039073000119, 4.567410001000042], [7.352860876000022, 4.570745930000101], [7.343705171000181, 4.576414090000128], [7.332704179000132, 4.581628826000099], [7.321276218000037, 4.590577105000023], [7.308760272000086, 4.581352243000026], [7.301790324000024, 4.574415219000173], [7.300402529000053, 4.565188868000178], [7.301412679000123, 4.559128262], [7.30334053200005, 4.554307932000143], [7.304545781000172, 4.54972886600018], [7.305268681000143, 4.546113507000086], [7.305509574999974, 4.543703553000171], [7.307064524000111, 4.541323657000078], [7.312016997000171, 4.534786233999966], [7.31515025300007, 4.535509116000128], [7.318230106999977, 4.537289618000159], [7.321898347000115, 4.539606103000096], [7.32792387000012, 4.538160326000082], [7.330092873000069, 4.535509103000038], [7.33057512400012, 4.532617094999978], [7.330816353000102, 4.529724610000017], [7.330939292000039, 4.526523143000077], [7.333048899000062, 4.519156008000095], [7.331525708000072, 4.503783235000128], [7.330963142000087, 4.492598995000037], [7.329027293000024, 4.482357980000074], [7.325257866000186, 4.473063016000026], [7.323291895000125, 4.459558967000078], [7.324562076000177, 4.447428218000141], [7.329610792999972, 4.446575634999988], [7.33973371400009, 4.441996076000066], [7.350579152000023, 4.441031928000086], [7.367691085000047, 4.440550324000185], [7.371727576000183, 4.440990465000084], [7.3806538340001, 4.439057819000084], [7.396849692999979, 4.436915385000077], [7.414206413000102, 4.429222604000131], [7.416616550000128, 4.433560846999967], [7.429123519000143, 4.437554829000021], [7.436620650000066, 4.437417008000125], [7.442863442000032, 4.439152227000079], [7.449394320000181, 4.439586164000161], [7.461727028000098, 4.443542981000064], [7.477592996000112, 4.446334357000126], [7.489161445000093, 4.448985552000181], [7.499765854000088, 4.45019054800008], [7.508688618000122, 4.452892290000136], [7.507498266000027, 4.456924940000022], [7.506872172000101, 4.459223770000165], [7.505650738000099, 4.463707928000076], [7.501432189000013, 4.472787365000045], [7.498078959000054, 4.480799189000152], [7.492053601000123, 4.485137457000121], [7.48217172700015, 4.488993650000054], [7.477110715000094, 4.492367753000053], [7.474218679999979, 4.495741824000106], [7.474700354000049, 4.499357210000085], [7.477351407000128, 4.503454206000129], [7.480002757000079, 4.505864596000094], [7.482172106000121, 4.508274550000181], [7.482171815000186, 4.51188993400018], [7.481689970000161, 4.514299886000117], [7.47903866900009, 4.515264038000112], [7.473977797000032, 4.514299856000093], [7.467952171000093, 4.513094910000063], [7.459275498000125, 4.513336164000123], [7.451706655000123, 4.513057701000093], [7.447225292000155, 4.512854081000114], [7.443610164000177, 4.513336182000103], [7.440235564000034, 4.515264043000059], [7.439479661000064, 4.515587950999986], [7.458515674000125, 4.521587385000089], [7.462200615000086, 4.524176888000056], [7.462759646999984, 4.526467196000169], [7.461331034000182, 4.528177067000172], [7.457345010000097, 4.529590171], [7.452786119000052, 4.532144715000186], [7.447651996000104, 4.536126737000131], [7.446499135000181, 4.539839679000011], [7.446765354000092, 4.544130641000152], [7.448172418000183, 4.547568504000139], [7.454401924000081, 4.553600780000068], [7.45921187800019, 4.559054959000093], [7.460610753000026, 4.564494670000101], [7.458880916000169, 4.570207142000072], [7.458186950000083, 4.571283486000141]]]}}, {"type": "Feature", "properties": {"adm2_name": "Aniocha North", "adm2_name1": null, "adm2_name2": null, "adm2_name3": null, "adm2_pcode": "NG010001", "adm1_name": "Delta", "adm1_name1": null, "adm1_name2": null, "adm1_name3": null, "adm1_pcode": "NG010", "adm0_name": "Nigeria", "adm0_name1": null, "adm0_name2": null, "adm0_name3": null, "adm0_pcode": "NG", "valid_on": "2019-04-17", "valid_to": null, "area_sqkm": 404.46681951, "version": "v01", "lang": "en", "lang1": null, "lang2": null, "lang3": null, "adm2_ref_name": "Aniocha North", "sendist_en": "Delta North", "sendistpcode": "NG01002", "center_lat": 6.36799399, "center_lon": 6.47028053}, "geometry": {"type": "Polygon", "coordinates": [[[6.575679900000068, 6.298266255000044], [6.574345289000064, 6.299033829000109], [6.567333867000059, 6.308617727000126], [6.566735336000022, 6.318244187000118], [6.566042762000109, 6.327871849000189], [6.569382325999982, 6.34177019200007], [6.572732914000142, 6.35289288700011], [6.572659168000087, 6.369535897000105], [6.574637978, 6.383421769999984], [6.574593164000021, 6.393824037000115], [6.576590072000045, 6.403550044000099], [6.579260951000151, 6.414667997000095], [6.577854983000179, 6.425057859], [6.574409082000102, 6.435431109000149], [6.570931998000162, 6.452740168000105], [6.571571746000131, 6.461760892000086], [6.57153179200003, 6.470775103000108], [6.570803083000044, 6.481864855000026], [6.574267258000077, 6.491602552000018], [6.575504748000128, 6.495080046000169], [6.565308105000156, 6.494301678000056], [6.551711214000022, 6.493494933000022], [6.540155795000032, 6.492011903000048], [6.535428528000125, 6.490363728000034], [6.529631050999967, 6.488606822000179], [6.526188966, 6.488078035], [6.523318880000033, 6.487541214000089], [6.520029141000066, 6.483035438000115], [6.509625961000154, 6.47580805500013], [6.502198313, 6.463956942000038], [6.492447749000064, 6.456245762000094], [6.490446620000171, 6.45571124200012], [6.480507926000087, 6.447825808000118], [6.466182790000175, 6.44090982300014], [6.462081986000157, 6.437876668000058], [6.448867749000101, 6.428103955000154], [6.445375942999988, 6.425244696000107], [6.441873024000131, 6.421802920000061], [6.44012130599998, 6.420083], [6.436603904000094, 6.416058926000176], [6.433647290000067, 6.411443343000087], [6.43126203900016, 6.406817911000019], [6.428949756000065, 6.405688832000124], [6.423731903000089, 6.402274961000046], [6.419109701000082, 6.400015894999967], [6.415059111000119, 6.397748934999981], [6.412736078000023, 6.396036993999985], [6.410437008999963, 6.395491167000046], [6.406398783000157, 6.393806049000091], [6.401229724000132, 6.392722118], [6.3977762130001, 6.391611034000107], [6.391427135000072, 6.388796763000016], [6.385685805000037, 6.387722090000182], [6.379920943000172, 6.385480937000125], [6.370153933000097, 6.383304186000032], [6.365606856, 6.38454115899998], [6.362289398000144, 6.384439003000068], [6.363858085000174, 6.376121026000078], [6.368660977000047, 6.366452075000041], [6.374145101000124, 6.356789093999964], [6.378266833000055, 6.347114142000066], [6.383092025000167, 6.332591014000116], [6.387904124000158, 6.320841751000103], [6.391353251000169, 6.309774903000118], [6.389380083000162, 6.294501771000114], [6.383993033000138, 6.282668195000156], [6.379639747000169, 6.276677247000066], [6.374113026000032, 6.273040557000058], [6.369334185000127, 6.268725984000071], [6.369922489000146, 6.261239919000161], [6.371909588000165, 6.257847581000135], [6.371198146000097, 6.254128963000142], [6.375341956999989, 6.239600143000075], [6.38893688800016, 6.241099770000062], [6.399130813000113, 6.242571897000118], [6.419509929000185, 6.24759579800002], [6.431726, 6.253245785000047], [6.447337995000169, 6.259616780000044], [6.462944871000047, 6.267375010000023], [6.475822023000092, 6.277191175000155], [6.484640957000011, 6.282118788999981], [6.498207995000087, 6.289859746], [6.507007997000073, 6.298947797000096], [6.51718702200003, 6.303886825000063], [6.534181158000138, 6.305416097000091], [6.548491870000078, 6.298600154000042], [6.556675928000118, 6.293119846000081], [6.56137957500016, 6.291881551000074], [6.563703015000044, 6.292007794000085], [6.566898626000011, 6.29363415500012], [6.572749070000043, 6.29795323500008], [6.575679900000068, 6.298266255000044]]]}}, {"type": "Feature", "properties": {"adm2_name": "Aniocha South", "adm2_name1": null, "adm2_name2": null, "adm2_name3": null, "adm2_pcode": "NG010002", "adm1_name": "Delta", "adm1_name1": null, "adm1_name2": null, "adm1_name3": null, "adm1_pcode": "NG010", "adm0_name": "Nigeria", "adm0_name1": null, "adm0_name2": null, "adm0_name3": null, "adm0_pcode": "NG", "valid_on": "2019-04-17", "valid_to": null, "area_sqkm": 870.4803051, "version": "v01", "lang": "en", "lang1": null, "lang2": null, "lang3": null, "adm2_ref_name": "Aniocha South", "sendist_en": "Delta North", "sendistpcode": "NG01002", "center_lat": 6.14492469, "center_lon": 6.4739027}, "geometry": {"type": "Polygon", "coordinates": [[[6.575679900000068, 6.298266255000044], [6.572749070000043, 6.29795323500008], [6.566898626000011, 6.29363415500012], [6.563703015000044, 6.292007794000085], [6.56137957500016, 6.291881551000074], [6.556675928000118, 6.293119846000081], [6.548491870000078, 6.298600154000042], [6.534181158000138, 6.305416097000091], [6.51718702200003, 6.303886825000063], [6.507007997000073, 6.298947797000096], [6.498207995000087, 6.289859746], [6.484640957000011, 6.282118788999981], [6.475822023000092, 6.277191175000155], [6.462944871000047, 6.267375010000023], [6.447337995000169, 6.259616780000044], [6.431726, 6.253245785000047], [6.419509929000185, 6.24759579800002], [6.399130813000113, 6.242571897000118], [6.38893688800016, 6.241099770000062], [6.375341956999989, 6.239600143000075], [6.379480888999979, 6.226459034000129], [6.380486975999986, 6.223031376000051], [6.384254574000181, 6.199814507000099], [6.385895560000051, 6.194475961000023], [6.387028996000026, 6.185388635000038], [6.387179790000062, 6.184067898000137], [6.385460517000013, 6.180562095000028], [6.370066940000072, 6.166541109999969], [6.357845171000065, 6.157357450000063], [6.35330849200011, 6.157455921000121], [6.343753197000069, 6.155115348000152], [6.337026243000025, 6.15506643700013], [6.336515438000106, 6.151852489000134], [6.337646083000152, 6.143300200999988], [6.342145596000023, 6.123459604], [6.343454039, 6.122350474000086], [6.345595027000059, 6.119848132000186], [6.346949476000134, 6.117955710000103], [6.347980478000181, 6.115139261000024], [6.344658737000032, 6.104116026000042], [6.335867829000108, 6.092946966000113], [6.332522773999983, 6.080437161000077], [6.330525886000146, 6.070712035000099], [6.327185125000028, 6.057507999000052], [6.325212033000014, 6.042233922000037], [6.323217790000172, 6.031816002000141], [6.319196213, 6.018606182000156], [6.328075959000046, 6.009664967999981], [6.337644995000062, 5.998649122000188], [6.34583612800003, 5.99178219700002], [6.360808797000118, 5.989132907000169], [6.36620627800005, 5.998886073000165], [6.374277006000113, 6.019063926000172], [6.383068157000139, 6.030232952000063], [6.39397281700019, 6.02477599000008], [6.400844135000114, 6.008882922000112], [6.403610104000109, 5.998504196000113], [6.411818902, 5.987476889000106], [6.430192130000023, 5.984856172000093], [6.444475097000065, 5.984281028999987], [6.456025974, 5.986457852000058], [6.479153280999981, 5.985262885000054], [6.488647811000078, 5.990890027999967], [6.50428924400012, 5.991020169000024], [6.516522816000133, 5.992508944000178], [6.527388140000141, 5.996067064000044], [6.536910914000032, 5.995451993000074], [6.551870836999967, 5.995576913000093], [6.566829294000172, 5.996395113000119], [6.569506102000105, 6.006125973], [6.571490886000049, 6.018624728000077], [6.572807898000121, 6.028345113000114], [6.572084779000079, 6.038046857000097], [6.567964958000175, 6.047029026000132], [6.56450992200007, 6.059483099000033], [6.567190046000178, 6.068520072000183], [6.572596071000078, 6.076192845000037], [6.58142431300007, 6.079041066000116], [6.593660877000048, 6.079835892000119], [6.605230919000064, 6.077851752000072], [6.616117067000175, 6.076554726000097], [6.629046857999981, 6.074583083999983], [6.637838013000078, 6.085751956000081], [6.646623084000112, 6.09830708800007], [6.645172548, 6.101227226999981], [6.64113377200016, 6.109356862000027], [6.631574270000044, 6.11829285400006], [6.619985985000028, 6.124437844000113], [6.610406944000147, 6.137534158000165], [6.610366848000183, 6.146549181000069], [6.608967887000176, 6.155552785000054], [6.606887706000123, 6.164550813000062], [6.608201940000129, 6.174963887000104], [6.61016183400011, 6.193010795000134], [6.616248971000061, 6.200689873000101], [6.625039936000121, 6.211857852000151], [6.629747917000032, 6.223687132000123], [6.634452845999988, 6.236208962000035], [6.626246038999966, 6.24654190300015], [6.615320279000173, 6.256854114000078], [6.607806252000046, 6.264420112000096], [6.601648938000096, 6.272689856999989], [6.594122875000039, 6.283030054000164], [6.581527349000112, 6.291166789000044], [6.57953556800004, 6.296048753000036], [6.575679900000068, 6.298266255000044]]]}}, {"type": "Feature", "properties": {"adm2_name": "Asari-Toru", "adm2_name1": null, "adm2_name2": null, "adm2_name3": null, "adm2_pcode": "NG033006", "adm1_name": "Rivers", "adm1_name1": null, "adm1_name2": null, "adm1_name3": null, "adm1_pcode": "NG033", "adm0_name": "Nigeria", "adm0_name1": null, "adm0_name2": null, "adm0_name3": null, "adm0_pcode": "NG", "valid_on": "2019-04-17", "valid_to": null, "area_sqkm": 115.01940087, "version": "v01", "lang": "en", "lang1": null, "lang2": null, "lang3": null, "adm2_ref_name": "Asari-Toru", "sendist_en": "Rivers West", "sendistpcode": "NG03303", "center_lat": 4.75515188, "center_lon": 6.82812045}, "geometry": {"type": "Polygon", "coordinates": [[[6.887269006999986, 4.797744733000172], [6.883296117999976, 4.802185062000149], [6.878855593000026, 4.802185024000153], [6.864366121000046, 4.805690766000112], [6.854082953000045, 4.807093182000131], [6.845436007000103, 4.814104047000171], [6.840762215000154, 4.819245790000082], [6.830245366000099, 4.824153416000058], [6.825103665000029, 4.824153439000156], [6.823000369000113, 4.818544412000108], [6.823229445000038, 4.810469618000127], [6.822533202000045, 4.800315849000128], [6.819027823, 4.794940459000145], [6.812717316000032, 4.790967490000128], [6.805706623000049, 4.791434731000152], [6.803836729000068, 4.794940440000062], [6.803603041000088, 4.799147098000105], [6.801499756000055, 4.802419214000167], [6.794255343999964, 4.796810115000142], [6.790055694000159, 4.797391421999976], [6.787945372000138, 4.798212505000151], [6.783440440999982, 4.802381327000091], [6.784090432000028, 4.799296038000023], [6.784855116000074, 4.797332436999966], [6.785690869000064, 4.796126293000043], [6.786677006, 4.794920985000147], [6.788268584999969, 4.79326520799998], [6.78952663300015, 4.792049524000106], [6.795415854000112, 4.782156937000082], [6.79349284500006, 4.773314949000167], [6.790648977000103, 4.764480145000164], [6.790966873000116, 4.763737546000073], [6.785878438, 4.760067413000058], [6.782764812000153, 4.757474551000143], [6.780504619000112, 4.754886916000146], [6.781087330000105, 4.752602529000058], [6.783378496000125, 4.750042544000053], [6.786231668000084, 4.7486299360001], [6.797656790000076, 4.749465291000035], [6.804232970000044, 4.739664106000077], [6.811021864999987, 4.72702217300008], [6.821998086, 4.719009861000075], [6.829853500000183, 4.717809968000154], [6.831956602000105, 4.712870111000086], [6.833107785999971, 4.710589023000182], [6.835391606000144, 4.709172645000024], [6.837515527999983, 4.709327681000104], [6.83801685300017, 4.708625782000183], [6.8495430050001, 4.710400128000117], [6.860639111000012, 4.71543979400019], [6.865133850000063, 4.712789496000084], [6.870254906000071, 4.709770207000133], [6.880817847, 4.706889146000037], [6.888601663000145, 4.702165095000055], [6.896359091000022, 4.694643956000107], [6.904569239000011, 4.686188227000059], [6.915170149000176, 4.687501888000156], [6.925823100000059, 4.694410757000071], [6.929156676000048, 4.706504832], [6.924643966000019, 4.716330981999988], [6.918272033000164, 4.724307981000038], [6.912828052000123, 4.733208229000127], [6.9046020830001, 4.739800011], [6.893136062000053, 4.744553079000184], [6.881657005000022, 4.747908117000122], [6.875279807000084, 4.755416840000123], [6.866937159000145, 4.764091485000108], [6.86343137800003, 4.774140791000093], [6.86717087400018, 4.782320520000042], [6.874882570000182, 4.788163196000085], [6.881625240000119, 4.794528037000134], [6.887269006999986, 4.797744733000172]]]}}, {"type": "Feature", "properties": {"adm2_name": "Bakassi", "adm2_name1": null, "adm2_name2": null, "adm2_name3": null, "adm2_pcode": "NG009005", "adm1_name": "Cross River", "adm1_name1": null, "adm1_name2": null, "adm1_name3": null, "adm1_pcode": "NG009", "adm0_name": "Nigeria", "adm0_name1": null, "adm0_name2": null, "adm0_name3": null, "adm0_pcode": "NG", "valid_on": "2019-04-17", "valid_to": null, "area_sqkm": 4.19757528, "version": "v01", "lang": "en", "lang1": null, "lang2": null, "lang3": null, "adm2_ref_name": "Bakassi", "sendist_en": "Cross River South", "sendistpcode": "NG00903", "center_lat": 4.80714392, "center_lon": 8.5623645}, "geometry": {"type": "MultiPolygon", "coordinates": [[[[8.57196437400006, 4.804545419000135], [8.571548303000043, 4.80550766600004], [8.570169314000054, 4.806743599000072], [8.569616048000114, 4.807705884000029], [8.569061081000143, 4.809630829000071], [8.568918907000068, 4.811969297000132], [8.568367078000165, 4.81265591000016], [8.568366271000173, 4.813344026000095], [8.568089550000138, 4.813894268000126], [8.566295707000108, 4.815954656000088], [8.565606020000132, 4.816228378000176], [8.563952196000116, 4.816363323000076], [8.562575490000029, 4.816085796000095], [8.559822866000047, 4.814430704000131], [8.558448062000139, 4.813052157000186], [8.558449604000089, 4.812227269000118], [8.557899627000154, 4.811813380000103], [8.557489473000146, 4.810161603000097], [8.556665159000147, 4.808784922000143], [8.555703149000124, 4.807819812000048], [8.555153015000087, 4.807544245000088], [8.553777868000054, 4.806028353000045], [8.553504091000093, 4.805064726000182], [8.553507049000132, 4.803551704000029], [8.556267778000063, 4.800254851000034], [8.557785009999975, 4.799569133000148], [8.559439932000146, 4.798471426000162], [8.560679695000147, 4.798473349000062], [8.56136683900013, 4.798887251000053], [8.562193742999966, 4.799026517000186], [8.564257843000064, 4.800405505000072], [8.564946443, 4.800544247000175], [8.565358082000046, 4.800957665000112], [8.56687271900006, 4.801510333000181], [8.567284363, 4.801923767000119], [8.568248480000136, 4.802063016000147], [8.569074518999969, 4.802477363999969], [8.570177111000078, 4.802478814000096], [8.571277365000185, 4.803030956000157], [8.571965333000094, 4.803720031000012], [8.57196437400006, 4.804545419000135]]], [[[8.580902824000134, 4.812814239000033], [8.5771770180001, 4.816385259000072], [8.57345769, 4.816241263000052], [8.572631632000025, 4.81582735100011], [8.570842047000042, 4.815686699000025], [8.570428690000028, 4.815273768000054], [8.570568146000028, 4.814311049000082], [8.571397563000176, 4.812798518000079], [8.572368592000146, 4.808948514000178], [8.573614395000106, 4.806199059000164], [8.574028129000055, 4.805787079000027], [8.57526888700005, 4.804963564000161], [8.576509541000178, 4.804690390000133], [8.578713215999983, 4.804556395000134], [8.58077880000019, 4.804697030000114], [8.583398132000013, 4.804426694000142], [8.586840551000023, 4.80470706400007], [8.588079320000134, 4.805121893000035], [8.58904284100015, 4.805811395000035], [8.588903590000086, 4.806636349000087], [8.588351406000072, 4.807185646000164], [8.587800216000119, 4.807322998000188], [8.584902576000161, 4.810069087999977], [8.583110092000027, 4.811029425000129], [8.581868310000118, 4.812265836000051], [8.580902824000134, 4.812814239000033]]]]}}, {"type": "Feature", "properties": {"adm2_name": "Bekwara", "adm2_name1": null, "adm2_name2": null, "adm2_name3": null, "adm2_pcode": "NG009006", "adm1_name": "Cross River", "adm1_name1": null, "adm1_name2": null, "adm1_name3": null, "adm1_pcode": "NG009", "adm0_name": "Nigeria", "adm0_name1": null, "adm0_name2": null, "adm0_name3": null, "adm0_pcode": "NG", "valid_on": "2019-04-17", "valid_to": null, "area_sqkm": 314.7980289, "version": "v01", "lang": "en", "lang1": null, "lang2": null, "lang3": null, "adm2_ref_name": "Bekwara", "sendist_en": "Cross River North", "sendistpcode": "NG00902", "center_lat": 6.70509558, "center_lon": 8.89397306}, "geometry": {"type": "Polygon", "coordinates": [[[8.942987463000122, 6.810498690000145], [8.93970971200008, 6.813222477000181], [8.934744993000095, 6.815602894000051], [8.932479762000128, 6.81791508200007], [8.929426368000122, 6.820408795000048], [8.92674176300011, 6.813362246000111], [8.922153569000102, 6.809948921000057], [8.916405915000041, 6.804247823000139], [8.914099025000155, 6.800819926000088], [8.911791624000102, 6.797390904000054], [8.909483690000116, 6.793962977000035], [8.90716818200002, 6.789385788000118], [8.903727728000092, 6.787114133000046], [8.90027212200016, 6.782545932000176], [8.899097573000063, 6.777960813000107], [8.894508376000033, 6.774549117000106], [8.891052449000028, 6.769979974000137], [8.887595459000124, 6.765410816000099], [8.882989183000063, 6.75970218000009], [8.878392263000023, 6.755142160999981], [8.87528328100018, 6.752058216000023], [8.860164757000177, 6.74683977400008], [8.849199587999976, 6.735867240000118], [8.837432396000168, 6.725033594000081], [8.831361616000038, 6.72102305500016], [8.823350914000173, 6.717632888000026], [8.815331327000024, 6.713096125000106], [8.816453825000167, 6.71079198700005], [8.81642051199998, 6.706200104000175], [8.81753564700017, 6.702747839000097], [8.819765834, 6.695844187000148], [8.820872985000051, 6.691244101000052], [8.823104168000043, 6.684340129000077], [8.825334713000075, 6.677435864000188], [8.827565172000163, 6.670532139000159], [8.829796104000025, 6.663628120000112], [8.833167346999971, 6.656715866000127], [8.835423668999965, 6.653255873000148], [8.837653218000128, 6.646351801000151], [8.838769100000093, 6.642900056000087], [8.839858765000145, 6.636003947000177], [8.840947834000076, 6.629107832000045], [8.84091366600012, 6.624515917], [8.843136651000066, 6.616464271000098], [8.843076807000102, 6.6084280070001], [8.843042615000115, 6.603836108000053], [8.844158317000051, 6.600382914000136], [8.846413614000085, 6.596922845000108], [8.853233588000023, 6.593431841000097], [8.855560732000185, 6.593750108000052], [8.856307295000022, 6.59328387], [8.869622535000019, 6.592505534000111], [8.879021933000047, 6.590941864000058], [8.89233657800014, 6.591729338000164], [8.901734808000015, 6.594082453999988], [8.90799977200004, 6.598001190000048], [8.91893264500004, 6.611528792000058], [8.925259494000102, 6.613602287000106], [8.933262852000098, 6.615842690000136], [8.94013321500006, 6.619239895000078], [8.950443440000186, 6.624909957000114], [8.956181596000135, 6.629461883000147], [8.965343676999964, 6.63399229900017], [8.972255480000172, 6.643128903000104], [8.971147561000066, 6.647728899000072], [8.971182808000037, 6.652320779000036], [8.971208517000093, 6.655765962000089], [8.973516731000132, 6.659194074000027], [8.975822710000045, 6.662621894000154], [8.97928038599997, 6.6671911090001], [8.980446053000094, 6.670627018000062], [8.982752743000162, 6.674055941], [8.985069022000062, 6.678631801999984], [8.98738480500009, 6.683207945], [8.992015986000183, 6.692361018000156], [8.98973442300013, 6.692377074000092], [8.987453435000077, 6.692392836000124], [8.985179752000136, 6.693556687000068], [8.980608208999968, 6.692440002000126], [8.978326089000177, 6.692455707000079], [8.976036138000154, 6.691322704000072], [8.972613544000126, 6.691347058000133], [8.970331431000034, 6.691361842999981], [8.96920770100013, 6.69366702800005], [8.968091764000064, 6.697119162000035], [8.969259107000141, 6.70055484300002], [8.97042535900016, 6.703991057999986], [8.972732721000114, 6.707418909000012], [8.97389005500014, 6.709708139000099], [8.975047976000099, 6.711995958000102], [8.977347595000026, 6.714275938000128], [8.97736439900018, 6.71657328800012], [8.980829321000158, 6.722289171000114], [8.981986752000068, 6.724576967000019], [8.98431121900012, 6.730301796000049], [8.986626762000128, 6.734879045000127], [8.987792694000177, 6.738315217000036], [8.99010946200002, 6.742890776000024], [8.991419027000063, 6.746609797000133], [9.001206251000042, 6.753134], [9.007475016000114, 6.757834581], [9.007475096000121, 6.761751663000098], [9.002773809000075, 6.768019268000103], [8.994937258000107, 6.776636959000029], [8.977304145000176, 6.786037592000014], [8.97674275999998, 6.786611180000079], [8.974477973000091, 6.788922779000131], [8.972205353000163, 6.790087118000088], [8.96879972000005, 6.792407075000085], [8.964253239000186, 6.794733946000179], [8.960848066999972, 6.797053830000095], [8.95745064800019, 6.80052094500013], [8.951771479, 6.804005235000147], [8.947234176000052, 6.807479732000104], [8.943828797000094, 6.809800011000164], [8.942987463000122, 6.810498690000145]]]}}, {"type": "Feature", "properties": {"adm2_name": "Biase", "adm2_name1": null, "adm2_name2": null, "adm2_name3": null, "adm2_pcode": "NG009007", "adm1_name": "Cross River", "adm1_name1": null, "adm1_name2": null, "adm1_name3": null, "adm1_pcode": "NG009", "adm0_name": "Nigeria", "adm0_name1": null, "adm0_name2": null, "adm0_name3": null, "adm0_pcode": "NG", "valid_on": "2019-04-17", "valid_to": null, "area_sqkm": 1292.67409171, "version": "v01", "lang": "en", "lang1": null, "lang2": null, "lang3": null, "adm2_ref_name": "Biase", "sendist_en": "Cross River North", "sendistpcode": "NG00902", "center_lat": 5.54736806, "center_lon": 8.05202662}, "geometry": {"type": "Polygon", "coordinates": [[[8.049611, 5.799735080000062], [8.048280929000043, 5.801945272000182], [8.043703784000115, 5.804222981000066], [8.03798601200009, 5.806495243000143], [8.0322734720001, 5.807618137000134], [8.027701435999973, 5.808745830000078], [8.021988825000108, 5.809869822], [8.018569091000131, 5.808703880000166], [8.014013014, 5.806385011999964], [8.011740930000144, 5.804074789000083], [8.009473651, 5.800617273000171], [8.008342708000157, 5.798313101000133], [8.006080864000069, 5.793705006000152], [8.00560734100003, 5.793063234000158], [8.001207622000095, 5.791608054000164], [7.996301654000035, 5.789332082000158], [7.994319174000168, 5.786132397000188], [7.99313421700009, 5.782402513000136], [7.991552360000014, 5.778272376000075], [7.986389200000019, 5.773067508], [7.98387363500018, 5.770664889999978], [7.980293437000057, 5.769190972000047], [7.978570434000062, 5.768254454000044], [7.976048831000071, 5.767848111999967], [7.974059579000141, 5.767177027000173], [7.971960798000111, 5.765962090000073], [7.970076360000178, 5.768326691000084], [7.965096127000152, 5.769378131], [7.959377853000035, 5.771650849000139], [7.954974136000089, 5.774130846000048], [7.951371950000123, 5.775062103000096], [7.949093764000111, 5.773901894000119], [7.945674018000091, 5.772736970000039], [7.942259878000073, 5.77042203200017], [7.936557617000176, 5.769247018999977], [7.932007034000151, 5.765778121000039], [7.927452057000096, 5.763457726000183], [7.921978990000127, 5.760117669000124], [7.920948591000069, 5.760085959000151], [7.916223011000056, 5.753729273000033], [7.913855022000121, 5.75213664100005], [7.91307235000005, 5.749359303000119], [7.913087601000143, 5.74420592600012], [7.91309684700019, 5.741081234000035], [7.91435824500013, 5.73827760000006], [7.91387907100011, 5.735808906999978], [7.912759111000128, 5.731205872000089], [7.911643710000135, 5.725453864000031], [7.908244975000059, 5.719692203000022], [7.904841780000083, 5.715077940000072], [7.90029104100006, 5.71160891500017], [7.894609868000089, 5.705835857000181], [7.886645058000113, 5.700051810000048], [7.887803049000127, 5.69660903700003], [7.890106943000148, 5.692021851000106], [7.890100026000027, 5.684799704], [7.893288673000143, 5.682270449999976], [7.897023982, 5.677111088000117], [7.901621535, 5.670236130000092], [7.906209268999987, 5.665658941000174], [7.910796311000126, 5.661083265000116], [7.915388335000102, 5.655356841000071], [7.91769669200005, 5.649620060000132], [7.916587107000169, 5.642717769000058], [7.914336413000115, 5.635811822000051], [7.914361854000163, 5.630064026000184], [7.914372024000102, 5.627766178000115], [7.913272764000112, 5.618565040000135], [7.913289148000047, 5.615117075000057], [7.912205738000125, 5.609528040999976], [7.906370790000153, 5.603640823000148], [7.902698386000054, 5.601045796000108], [7.901973512000097, 5.597352288000025], [7.909987048, 5.588133485000128], [7.9099900060001, 5.587515895000024], [7.907749435000085, 5.578310060000092], [7.906092061999971, 5.570636730000103], [7.904578888, 5.568675557000063], [7.905979938000144, 5.564770260000159], [7.906691912000042, 5.559915086999979], [7.906727687000057, 5.551868015000139], [7.907911663000164, 5.542678758000022], [7.907942865999985, 5.535781822999979], [7.914861313000188, 5.520872066000152], [7.927412291, 5.522078918000147], [7.93197269500007, 5.523249072000169], [7.93539791, 5.523264870000048], [7.938821998000037, 5.523281059000055], [7.943388009000046, 5.523302061000038], [7.94795514700013, 5.523323025000138], [7.957087173000048, 5.523365056000159], [7.965076702000033, 5.523402196000063], [7.967354499000123, 5.524560893000057], [7.973063023000122, 5.524588160000121], [7.978775872000028, 5.52346521100003], [7.98562461, 5.523496173000069], [7.990191179000135, 5.523517163000065], [7.995899138000141, 5.523542923000036], [7.999322657000164, 5.523559117000161], [8.001800301000173, 5.523155295000151], [8.00617788300002, 5.522440962000076], [8.01075457900015, 5.520163004999972], [8.013057527000115, 5.515575874000149], [8.016514083000118, 5.508696079000117], [8.019959306000146, 5.504114089000097], [8.018828317999976, 5.501085780000096], [8.018828426000027, 5.497034990000145], [8.017928123000047, 5.494334671999979], [8.01702793000004, 5.491183764000027], [8.013426987000116, 5.483082358000161], [8.014327229000173, 5.473180276000107], [8.015227503000062, 5.462827730000072], [8.017027920999965, 5.458326809000084], [8.01904874500002, 5.453535135000095], [8.021078891000116, 5.447974676], [8.023778810000124, 5.44257352700015], [8.026479576000156, 5.438522736999971], [8.028280054999982, 5.435822020000103], [8.032780725000066, 5.432221465000168], [8.037282018999974, 5.427270349000139], [8.042233636000162, 5.423669754], [8.039764323000043, 5.416848151000067], [8.040922221000073, 5.413404995000064], [8.04094791500006, 5.407659005000028], [8.03983319100007, 5.401906034000149], [8.039858904000141, 5.396159191000095], [8.038744230000077, 5.390407084000174], [8.036486403000083, 5.384648829000014], [8.03536597599998, 5.380046838000055], [8.034251406000124, 5.374293863], [8.030852301000039, 5.368532140000127], [8.028606449000165, 5.360475985000164], [8.028627602000086, 5.355877838000083], [8.026365401000021, 5.351270237000165], [8.026391893000095, 5.345522942000059], [8.02755330399998, 5.340929963000121], [8.027574466000146, 5.336332832000153], [8.027596201000051, 5.331735111000114], [8.026470201000166, 5.328281935000064], [8.025343651000014, 5.324828199000081], [8.025364842000101, 5.320230066000079], [8.025391325999976, 5.314484042000174], [8.027690891000077, 5.311046094000119], [8.031130542000028, 5.307612845000165], [8.035712477000175, 5.304185842000038], [8.041430328000104, 5.301914153999974], [8.047148683000103, 5.299641136000048], [8.051720511000042, 5.298512919000018], [8.057432961000188, 5.297390000000121], [8.062009931000148, 5.295112096000139], [8.068864079999969, 5.293993913000065], [8.075723899000138, 5.291727007000077], [8.083724830000165, 5.289464969000164], [8.090589565000187, 5.286047947000043], [8.0985964730001, 5.282637137999984], [8.107737682000163, 5.280379796000091], [8.119149468000046, 5.281581835000168], [8.127129423000099, 5.283916987000111], [8.139670435000028, 5.287423078000018], [8.148802810000063, 5.287465124000164], [8.154509342999972, 5.287490817000048], [8.16248535000011, 5.290977054000109], [8.168182236000177, 5.293302096000104], [8.17387974800016, 5.295626236000032], [8.181838871000139, 5.302558905000126], [8.187520005000124, 5.308332929000073], [8.19091340000017, 5.315245182000069], [8.19315917199998, 5.32330091700004], [8.195416251000154, 5.329059172000143], [8.19882482600002, 5.33252193300001], [8.2010868160001, 5.337131000000113], [8.204490780000185, 5.341743969000106], [8.206757611000057, 5.345202886000038], [8.21016116800007, 5.349815800000158], [8.212429228000133, 5.353274813000098], [8.217737814999964, 5.36191515500002], [8.217712356999982, 5.373880159000066], [8.21600456100009, 5.391476561000104], [8.215143123000075, 5.40404634000015], [8.220143056000154, 5.40908561100008], [8.226817083000185, 5.412452182000038], [8.252224751000085, 5.438054838000085], [8.251994020999973, 5.438514288000079], [8.245092266000142, 5.449975945000119], [8.239342769000018, 5.459146076000081], [8.235875942000177, 5.468325141000093], [8.231263055000113, 5.478649081000071], [8.226649357000156, 5.488972254000032], [8.222041209000054, 5.49814705700004], [8.218590493000022, 5.503878110000016], [8.213993059000131, 5.510753114000067], [8.209380150000072, 5.521077191000131], [8.203619736000064, 5.532545155999969], [8.19900626499998, 5.542868114000044], [8.194397878000188, 5.55204199800005], [8.1920727910001, 5.561226806000093], [8.189747567999973, 5.570412171000044], [8.187428724000142, 5.578446825000128], [8.185119397000108, 5.584184180000136], [8.178217894999989, 5.595645935000164], [8.174755892000178, 5.60367581700001], [8.170158658000105, 5.610550825000075], [8.166692050000165, 5.619730897000068], [8.16436696900007, 5.628914806000125], [8.160906045000047, 5.636946238000121], [8.159737664000147, 5.642686893000189], [8.157428608000032, 5.648424192000164], [8.156266153000047, 5.653016125000022], [8.156249774, 5.656465073000106], [8.157054077000055, 5.662320201000171], [8.153936252999983, 5.663350097000091], [8.15164775300019, 5.664488846000097], [8.149364707000132, 5.66447872100008], [8.145929448000174, 5.666761948000044], [8.142499656999973, 5.667894857000078], [8.137918671000023, 5.671322762000102], [8.134477761000085, 5.674755126000093], [8.13103677100014, 5.678186921000076], [8.128728170000159, 5.683924183000158], [8.128711551000094, 5.687372273000165], [8.12640285800012, 5.693109112000059], [8.12179472400004, 5.702282874000105], [8.119496419000086, 5.705719988000055], [8.116054440000084, 5.709153174000107], [8.110326825000072, 5.713725101000136], [8.106886941000027, 5.717156945], [8.101163044999964, 5.720579183000041], [8.096581589000152, 5.724006120000183], [8.09199438200011, 5.728581872000063], [8.088548528000103, 5.733163786000091], [8.083950862000052, 5.740039815000102], [8.081657648000032, 5.742328091000104], [8.078211534000161, 5.746910054000068], [8.07591366700018, 5.750348150000093], [8.070174028, 5.757217852999986], [8.065582023000104, 5.762944237000056], [8.063272442000084, 5.768680070000073], [8.059822334000103, 5.774412121000125], [8.05749120300004, 5.784746143000064], [8.054035090000127, 5.791625988000078], [8.051730919000022, 5.796214038000073], [8.049611, 5.799735080000062]]]}}, {"type": "Feature", "properties": {"adm2_name": "Boki", "adm2_name1": null, "adm2_name2": null, "adm2_name3": null, "adm2_pcode": "NG009008", "adm1_name": "Cross River", "adm1_name1": null, "adm1_name2": null, "adm1_name3": null, "adm1_pcode": "NG009", "adm0_name": "Nigeria", "adm0_name1": null, "adm0_name2": null, "adm0_name3": null, "adm0_pcode": "NG", "valid_on": "2019-04-17", "valid_to": null, "area_sqkm": 2885.63328924, "version": "v01", "lang": "en", "lang1": null, "lang2": null, "lang3": null, "adm2_ref_name": "Boki", "sendist_en": "Cross River Central", "sendistpcode": "NG00901", "center_lat": 6.270648, "center_lon": 9.04285908}, "geometry": {"type": "Polygon", "coordinates": [[[8.956610107000188, 6.50864217000003], [8.949909201000139, 6.506965058000162], [8.933994766000069, 6.501934321000022], [8.923943840000163, 6.497742017000064], [8.917243850000034, 6.493550190000065], [8.91117912500016, 6.490747568000188], [8.910658867000052, 6.490856223000037], [8.907235882000123, 6.490879113000119], [8.901531455000168, 6.490918032000081], [8.893546159000095, 6.490972873000089], [8.888982719000182, 6.491004871000086], [8.884427968000182, 6.492184074000022], [8.87873161500005, 6.493371047000096], [8.875325889000123, 6.495690718000105], [8.86963058200007, 6.496878957000092], [8.863943271000153, 6.499214110000082], [8.854850528000043, 6.503868932000159], [8.851462261000052, 6.50848492200015], [8.849916836000034, 6.512457916000074], [8.849388393000083, 6.514480114000037], [8.846861427000078, 6.548839797000028], [8.836796775999971, 6.57481543200015], [8.835118788000045, 6.579843157000028], [8.830929191000052, 6.581517221000126], [8.820875213000079, 6.581512441000086], [8.817525509, 6.578996678000067], [8.814784343000042, 6.577623948000166], [8.81432556100009, 6.577627105000147], [8.812027259000047, 6.57534608900005], [8.808577581000065, 6.571926241000085], [8.80398168500011, 6.567365252000116], [8.800533287000064, 6.563943920000156], [8.798226179000153, 6.560515814000041], [8.793619909000029, 6.554807153000127], [8.787873164000189, 6.549106238000149], [8.785566269000185, 6.545678051000095], [8.783242116000167, 6.539953344000082], [8.779776352999988, 6.534235844000023], [8.776268998000148, 6.522779088000163], [8.777384507000022, 6.51932806800005], [8.777358927000023, 6.515882854000097], [8.777324437000175, 6.511292060000073], [8.776150018000067, 6.506707051000035], [8.774966171000074, 6.500975070000152], [8.774924514000134, 6.495233881000047], [8.773723503000156, 6.487205901000152], [8.772532566000109, 6.480326051000077], [8.771339398000123, 6.473445064000146], [8.769006505000107, 6.466573262000168], [8.765525045000174, 6.458559912000055], [8.762060310000095, 6.452843059000031], [8.757463671000039, 6.448281758000178], [8.755154863000143, 6.444853662000014], [8.749424693000094, 6.441449204999969], [8.745986222999989, 6.439177165000103], [8.741404714000112, 6.436912195000104], [8.73681616600004, 6.433498734000068], [8.733369097000036, 6.430079010000043], [8.729903449000176, 6.42436214200012], [8.726429732999975, 6.417497100000162], [8.721806653000101, 6.40949207400007], [8.718324508000023, 6.401480237000158], [8.712542581000093, 6.39118728], [8.714791398999978, 6.386579020000113], [8.715899507000188, 6.381978918000186], [8.718145396000125, 6.377370911000014], [8.71926101200006, 6.373918920000108], [8.723755954000183, 6.364703147000114], [8.725995151000063, 6.358946819000096], [8.729367252000145, 6.352034995000167], [8.732746845000065, 6.346271983000122], [8.734994006000079, 6.341662887000155], [8.738366333000158, 6.334752123000158], [8.740562316000023, 6.323256022000123], [8.745040752000023, 6.311744277], [8.74725458200004, 6.302544117000139], [8.751707231000125, 6.287588145000086], [8.756176045000075, 6.274928102000047], [8.757214293000175, 6.261143193000123], [8.756032091000066, 6.255411078000066], [8.754857072999982, 6.250826825000104], [8.754822891, 6.246234001000062], [8.753639090000036, 6.240501873000085], [8.752447073000098, 6.233622021000144], [8.75012315700019, 6.22789718100006], [8.748930695000126, 6.221015906000105], [8.74660691300005, 6.215292003000172], [8.745423340000059, 6.209559862000106], [8.745364021000057, 6.201522881000074], [8.744172269000046, 6.19464301000005], [8.741847045000043, 6.188919089000137], [8.738365429000055, 6.180905819000031], [8.736049710000032, 6.176329139000075], [8.734865873000047, 6.170597084], [8.733691393000072, 6.166011896000043], [8.731358312, 6.15914017900019], [8.732457319000105, 6.153391836000026], [8.739259932000095, 6.147604913], [8.743806035000091, 6.145276963000128], [8.74948432399998, 6.141794238000045], [8.752898067999979, 6.140622154000027], [8.757444553000028, 6.138295165000159], [8.761999277000143, 6.137114973], [8.766546234000032, 6.134788001000061], [8.772233030000166, 6.132451942000102], [8.779052972000102, 6.12896113100004], [8.78586387700011, 6.124320931000113], [8.789277342, 6.123149915000056], [8.793823398000086, 6.120821898000088], [8.799493547, 6.116190965000158], [8.805164125999966, 6.11155896300005], [8.811958063000134, 6.1046238240001], [8.815355499000077, 6.101156280999987], [8.817602376000082, 6.096549042999982], [8.820965797000099, 6.088489010000046], [8.824353953000127, 6.083872821999989], [8.826610792000054, 6.080412808000062], [8.827716572999975, 6.075812870000163], [8.831113575000074, 6.072344751000173], [8.833370280000167, 6.068884843000092], [8.836767182000017, 6.065417799999977], [8.840172542000062, 6.063098025000158], [8.843585838000024, 6.061925925000025], [8.849282373, 6.060739056000102], [8.8527047500001, 6.060716153000101], [8.857259889000147, 6.05953590200005], [8.861813313000141, 6.058356742000171], [8.866368966000039, 6.057177100000104], [8.870915396000157, 6.054850102000103], [8.874329644000056, 6.053677994000111], [8.87888407000014, 6.052497898000183], [8.883421708000014, 6.04902316700003], [8.886827748000144, 6.046702809000067], [8.892515222000156, 6.044367854000029], [8.895920035000074, 6.042047966000098], [8.900466663000032, 6.039721025000063], [8.903863217000037, 6.036252930000046], [8.90841027900018, 6.033926038000118], [8.912947407000047, 6.030449789000158], [8.920890642000131, 6.024654807000104], [8.925436880000063, 6.022326998000153], [8.929967156000089, 6.017703959000187], [8.935645086000022, 6.014220180000166], [8.940175116000034, 6.009595885000067], [8.94812690100008, 6.004949995000061], [8.950390954000113, 6.002637933000074], [8.952655532000051, 6.000326116], [8.954920099000105, 5.998014027000124], [8.957184620000021, 5.995701756000017], [8.960581930999979, 5.992234258], [8.96398753000011, 5.989914880000129], [8.969658037000102, 5.985282844000039], [8.973046179000107, 5.980668077000018], [8.976434809000182, 5.976051870000106], [8.979831756000124, 5.972583764000035], [8.982087, 5.969123926000123], [8.985459143000071, 5.962213032000079], [8.989945219000163, 5.951848958000028], [8.99111152300003, 5.955285075], [8.993401439000138, 5.956417015000056], [8.995709399000134, 5.959846080000034], [8.9991578960001, 5.963265949000061], [9.006063546, 5.971254850000037], [9.009526944000072, 5.976972182000054], [9.014124767000112, 5.981533082000112], [9.018731228000092, 5.987242222000134], [9.02332759400008, 5.991802153000037], [9.029083463000177, 5.998652014000072], [9.035979025000188, 6.005492209000181], [9.044016615000146, 6.012325784999973], [9.050912711000137, 6.019166954000184], [9.056659773000149, 6.024867947000132], [9.060115829000097, 6.029437067], [9.068152693000172, 6.036270106000075], [9.072758425000075, 6.041977832000157], [9.078488185000026, 6.045382907000089], [9.087675230000173, 6.053357190000042], [9.09456246700006, 6.059050102000185], [9.10144115200012, 6.06359473800012], [9.107187974000112, 6.069295928999964], [9.114075813000056, 6.074988896000036], [9.118664514000045, 6.078402044000143], [9.122104720000095, 6.080674149000117], [9.127834414000063, 6.084078743000077], [9.131265852000126, 6.085204173000136], [9.135853695000037, 6.08861582600008], [9.140434435000145, 6.090880851000122], [9.14387431900019, 6.093153029], [9.147314265999967, 6.095426045000181], [9.151885073000074, 6.096542783000189], [9.158756204999975, 6.099938914000063], [9.166767798000024, 6.103329175], [9.173629629000118, 6.10557788300008], [9.182790892000071, 6.110106909000024], [9.18965237499998, 6.112356168000019], [9.19652245300017, 6.115753144000109], [9.204543275000162, 6.120289865000018], [9.20912370700006, 6.122554731000037], [9.215985567000132, 6.124804051000126], [9.225146150000171, 6.12933299600013], [9.228577755000174, 6.130456974000083], [9.237738636000074, 6.134986862000062], [9.244617670000082, 6.139532070000087], [9.254927591000069, 6.14520127000003], [9.26294697000003, 6.149738818000117], [9.269818426000143, 6.153134838000085], [9.275555445000066, 6.157689045000041], [9.276714060000131, 6.159976958000072], [9.279021419000173, 6.163404915000115], [9.281319490000158, 6.165686146000098], [9.284776860000022, 6.170254231000172], [9.287083804000133, 6.173683136000079], [9.288258456000165, 6.178266971000028], [9.291724286000033, 6.183982846], [9.296337965000134, 6.190839828000151], [9.29981230300018, 6.197704742000099], [9.302127848, 6.202281944000106], [9.305601273000093, 6.20914609700003], [9.30909143000008, 6.218307021000044], [9.311424412000065, 6.225180133000094], [9.31488989899998, 6.230896058000098], [9.321811739, 6.241180821000114], [9.325293691000184, 6.249194170000123], [9.327634985999964, 6.257215007000184], [9.332265878000157, 6.266367893000051], [9.323233700000173, 6.279058964000058], [9.318729603000065, 6.287127074000068], [9.315375158000109, 6.296335219000127], [9.313118770000074, 6.299795109000058], [9.309730257000126, 6.304410009000151], [9.305210099000021, 6.310182127000076], [9.301830234000079, 6.315946063000069], [9.301863929000092, 6.320537974000104], [9.301915333000125, 6.327425995000056], [9.300807988000031, 6.332026047], [9.301991592000093, 6.337759070000175], [9.302043001000186, 6.344646938000039], [9.302085011000088, 6.350388102000068], [9.302110421000066, 6.353831749000165], [9.301037817000122, 6.363024272000018], [9.302212695000037, 6.367608031000145], [9.30114060700015, 6.376799995000056], [9.301199722000149, 6.384837110000035], [9.30009387900003, 6.389437295999983], [9.300144131000081, 6.396325152000031], [9.301327950000086, 6.402057163000109], [9.30138762700011, 6.410093696000104], [9.300280582000084, 6.414693880000016], [9.298032751, 6.419302065000011], [9.294662293000044, 6.426212738000117], [9.292404912000052, 6.429673316000049], [9.290166829000043, 6.435429], [9.286803194000186, 6.443489131000035], [9.282282644000077, 6.449261230000047], [9.278902821000088, 6.45502532900008], [9.276631863000148, 6.458119322000016], [9.276554663000184, 6.459094284000059], [9.269027901000186, 6.474185114000079], [9.258982789000015, 6.482573114000104], [9.25061026700007, 6.487607140000023], [9.238049688000046, 6.492644036000058], [9.229676648000066, 6.497677879000094], [9.224654169000075, 6.502709210000091], [9.220471217000181, 6.511930599000038], [9.21461462100018, 6.5236670540001], [9.210428364000109, 6.527021717000082], [9.204559405000055, 6.518644302000155], [9.197013155000093, 6.505239502000052], [9.191984417000015, 6.499375562000125], [9.183605134000118, 6.493513506000056], [9.171878378000088, 6.492681079000022], [9.155125284, 6.491012581000177], [9.139209364000124, 6.487666445000059], [9.124131967000096, 6.485995906000142], [9.119613635000121, 6.485556303000067], [9.119253178000065, 6.485274394000101], [9.10737455100002, 6.465887474999988], [9.087266732000103, 6.439912728000138], [9.08056537900012, 6.433209777], [9.071352671000113, 6.431535705000044], [9.06381556500014, 6.432374958000139], [9.045392039000092, 6.437406212000042], [9.021942929000033, 6.44746509700019], [9.00351817699999, 6.4617128430001], [8.980064905000177, 6.498587493000059], [8.97755147200013, 6.504453699000123], [8.973363223000035, 6.508643772000141], [8.96833695500004, 6.508643372000108], [8.956610107000188, 6.50864217000003]]]}}, {"type": "Feature", "properties": {"adm2_name": "Bomadi", "adm2_name1": null, "adm2_name2": null, "adm2_name3": null, "adm2_pcode": "NG010003", "adm1_name": "Delta", "adm1_name1": null, "adm1_name2": null, "adm1_name3": null, "adm1_pcode": "NG010", "adm0_name": "Nigeria", "adm0_name1": null, "adm0_name2": null, "adm0_name3": null, "adm0_pcode": "NG", "valid_on": "2019-04-17", "valid_to": null, "area_sqkm": 128.71230952, "version": "v01", "lang": "en", "lang1": null, "lang2": null, "lang3": null, "adm2_ref_name": "Bomadi", "sendist_en": "Delta South", "sendistpcode": "NG01003", "center_lat": 5.22552988, "center_lon": 5.80972951}, "geometry": {"type": "MultiPolygon", "coordinates": [[[[5.984343605000049, 5.159445288000143], [5.973460099000135, 5.157893190000152], [5.97272771900009, 5.169675853000115], [5.969274897000048, 5.18143599400014], [5.965157879000117, 5.189723982000032], [5.954278057000181, 5.189632885000037], [5.946148937000089, 5.182630995000181], [5.935315187000072, 5.172138203000088], [5.927133079000043, 5.176925258000153], [5.905970036000042, 5.19547315900013], [5.89644104600012, 5.197474011000111], [5.889232515000117, 5.195372087000123], [5.88259783500007, 5.192682301000104], [5.877017523, 5.189892334000149], [5.878635351000128, 5.185500120000142], [5.879626219000045, 5.18079464900012], [5.87987367900007, 5.175841326000182], [5.878635319000125, 5.165935057000013], [5.87591113000002, 5.145131596000112], [5.877397181000163, 5.12730026600002], [5.88036908000015, 5.114669814000024], [5.881239503000131, 5.11014317300004], [5.881353491000141, 5.109508999000127], [5.882730492000121, 5.101841447000027], [5.885300594000114, 5.099972220000041], [5.896516428000155, 5.104411596000148], [5.909367476000114, 5.104878911000185], [5.91450797900012, 5.10814997600005], [5.915909672, 5.117496488000143], [5.916377159000035, 5.131515987000057], [5.917545344000189, 5.134086100000161], [5.921751381000092, 5.135020723000139], [5.926891694000062, 5.139927867000097], [5.927592717000039, 5.154881967000165], [5.927826474000142, 5.160723214000029], [5.933200709000062, 5.164695254000037], [5.946052103000113, 5.164227987], [5.960538769000038, 5.157218504000127], [5.964244911000094, 5.149107441000012], [5.972455546000049, 5.140614041], [5.974926594000067, 5.137524633000169], [5.97829684200002, 5.133312196000077], [5.980889411000021, 5.130557515000135], [5.983001809000029, 5.13577269600006], [5.98446070600005, 5.138500217000058], [5.98667855500014, 5.143977146000168], [5.986754018000056, 5.147442329000114], [5.986829192000073, 5.150907009000036], [5.986904088000074, 5.154372205000072], [5.984343605000049, 5.159445288000143]]], [[[5.797555812000041, 5.189452139000025], [5.796635983000101, 5.192211589000067], [5.79359160100006, 5.199062273000095], [5.792830449000178, 5.203628945999981], [5.79435249800008, 5.207054182000093], [5.79930015900004, 5.207435198000155], [5.8031059220001, 5.207435082000131], [5.80707605300006, 5.206690852000065], [5.809195447000093, 5.206293124000183], [5.812856330000045, 5.209954302000028], [5.82089992300007, 5.210020944000064], [5.831093817000067, 5.21149297400018], [5.837861142000179, 5.219178158000091], [5.847342107000145, 5.228270977000079], [5.850695967000149, 5.238701828000103], [5.849976197000103, 5.247711192000168], [5.849632300000167, 5.264167249000081], [5.839036868000107, 5.260796024000115], [5.826149983000107, 5.253060811000068], [5.814606201000117, 5.249496931000067], [5.803079078, 5.241773187000092], [5.791536843000074, 5.237515913000095], [5.781364025000187, 5.231190261000052], [5.771881078000092, 5.222788779000155], [5.76716086700003, 5.21373506700013], [5.76788718500012, 5.203339161000088], [5.774721263000174, 5.195766957000103], [5.784961312000178, 5.186837218000107], [5.786741383000106, 5.185741846000099], [5.793591535000076, 5.18612245200012], [5.797555812000041, 5.189452139000025]]], [[[5.742336272000159, 5.268263768], [5.744492634000039, 5.270288503000131], [5.749477797000111, 5.27429051200005], [5.755147501000124, 5.277576899999985], [5.760102859000142, 5.280192911000029], [5.764343817000054, 5.282137815000169], [5.76929900500005, 5.284753827000088], [5.772840590000044, 5.286721275000161], [5.777081393, 5.288666176000049], [5.781337281999981, 5.291304109000066], [5.785548083000151, 5.29186346900002], [5.790458083000146, 5.292400392000104], [5.795353290999969, 5.292243910000138], [5.800233712000136, 5.291394691000107], [5.803715154000031, 5.290590256000087], [5.80830092500014, 5.291053739000176], [5.825238234999972, 5.305758026999968], [5.810253196000133, 5.311181034000072], [5.802741919000084, 5.318052767000097], [5.808112147000145, 5.334047834999978], [5.809190712000145, 5.336875377000183], [5.805391185000076, 5.335612816000094], [5.803263732000175, 5.334293801000115], [5.801135462000104, 5.332974897000042], [5.798278321000055, 5.330291693000049], [5.794721668000022, 5.327631420000159], [5.79116480700003, 5.324971258000119], [5.786909017000141, 5.322332892000134], [5.782637946000136, 5.319001689000117], [5.776953138000181, 5.315022509000016], [5.774080729000104, 5.311646454000027], [5.769050568000182, 5.305565845000046], [5.765493809000134, 5.302905577000047], [5.76336584, 5.301586173000146], [5.75765122200005, 5.296220819000098], [5.754064642000117, 5.292174292000027], [5.751222031000054, 5.29018449299997], [5.74622193200014, 5.285489985000083], [5.743349460000161, 5.282113977000165], [5.741845728000044, 5.27730804000015], [5.741071138999985, 5.273865228000034], [5.742336272000159, 5.268263768]]], [[[5.849763856000038, 5.284266886000012], [5.848425359000032, 5.287083607000113], [5.848500659000081, 5.290548405000095], [5.846553391000043, 5.297545460000038], [5.841612922000081, 5.295622319000131], [5.837371703000088, 5.293677317000174], [5.823121903000015, 5.286935276000179], [5.845350150000058, 5.283931333000055], [5.849763856000038, 5.284266886000012]]]]}}, {"type": "Feature", "properties": {"adm2_name": "Bonny", "adm2_name1": null, "adm2_name2": null, "adm2_name3": null, "adm2_pcode": "NG033007", "adm1_name": "Rivers", "adm1_name1": null, "adm1_name2": null, "adm1_name3": null, "adm1_pcode": "NG033", "adm0_name": "Nigeria", "adm0_name1": null, "adm0_name2": null, "adm0_name3": null, "adm0_pcode": "NG", "valid_on": "2019-04-17", "valid_to": null, "area_sqkm": 551.54524838, "version": "v01", "lang": "en", "lang1": null, "lang2": null, "lang3": null, "adm2_ref_name": "Bonny", "sendist_en": "Rivers West", "sendistpcode": "NG03303", "center_lat": 4.51006675, "center_lon": 7.19993058}, "geometry": {"type": "Polygon", "coordinates": [[[7.31535486000007, 4.597617165000031], [7.297402650000038, 4.600186045000157], [7.277479334000077, 4.596272034000037], [7.271490868000171, 4.598915004000048], [7.261499475000107, 4.605545869000025], [7.257023410000045, 4.615647075000027], [7.25292501500013, 4.61769197600006], [7.24793917900007, 4.626122946000066], [7.240745080000181, 4.641889080000169], [7.223616149000179, 4.634707956], [7.215291133000051, 4.63057803099997], [7.208792981000101, 4.626992570000084], [7.236334663000036, 4.591400196000166], [7.244381823000083, 4.574743110000043], [7.241799274000186, 4.559370306000119], [7.240493867999987, 4.554689124000049], [7.233203709000122, 4.55198242900002], [7.222571598000172, 4.553934225000035], [7.207945916000085, 4.55786959600016], [7.186661254000057, 4.565778333000026], [7.174843868000039, 4.567981346000124], [7.175394373000188, 4.561715031000062], [7.175414214000114, 4.55770806400011], [7.172765121000054, 4.55635909800003], [7.166125976000046, 4.556325727000058], [7.15881964600004, 4.556956713000034], [7.149511367000173, 4.559580902000164], [7.138207968000074, 4.562862510000059], [7.127571646000035, 4.565479329000141], [7.118930226000032, 4.567438333000041], [7.1096076930001, 4.572732779000091], [7.094952714000158, 4.582006203000162], [7.081610947000172, 4.593957325000076], [7.075589722000132, 4.602607493000107], [7.071521896000036, 4.618614192000166], [7.070908990000078, 4.633651675000124], [7.059288981000122, 4.638806834000036], [7.058175166000069, 4.617836929000077], [7.059001105000107, 4.607574005000174], [7.052930844000116, 4.598299073000135], [7.059307015000172, 4.590788848000045], [7.06008569200003, 4.575397967000129], [7.051704858000107, 4.565207941000097], [7.04974797, 4.552636146], [7.051494975000026, 4.542366038000068], [7.055504774000099, 4.527882093000073], [7.063216332000081, 4.515233029000115], [7.072209368000074, 4.504900476000103], [7.06162395400014, 4.492402085000094], [7.058772042000044, 4.482635032000076], [7.05867719400004, 4.472379219000175], [7.065028127000176, 4.462071908999974], [7.072338119000108, 4.45595407999997], [7.086429033, 4.454770103000158], [7.096069933000138, 4.450672603000044], [7.10812053900014, 4.44753933800007], [7.110672959000112, 4.452317224000183], [7.110672829000123, 4.458152789999986], [7.114868520000073, 4.462482450000152], [7.123063128000069, 4.462241199000175], [7.128629269000101, 4.460846413000013], [7.132669394000118, 4.459948516000054], [7.139402819000111, 4.4518680380001], [7.149727697000117, 4.453663815000084], [7.158036222000078, 4.462734198000021], [7.169657738000069, 4.451294907000033], [7.163643837000109, 4.441543567000053], [7.157359029000077, 4.433463090000146], [7.150625702000127, 4.424933894], [7.142585284000063, 4.418376943000055], [7.137524170000177, 4.412833699000089], [7.134873035000112, 4.4072904410001], [7.13222158800005, 4.402710917999968], [7.131771513, 4.392163756000059], [7.132703780000156, 4.385358334000045], [7.135113759000149, 4.382465818000185], [7.13895426800002, 4.381390071000055], [7.144995115000086, 4.382225016000177], [7.152225481000016, 4.382225063000078], [7.163794473000166, 4.380296694000094], [7.175845134000099, 4.379573842000184], [7.184280544000103, 4.379091753000182], [7.197777408000036, 4.379091746000086], [7.213472337000042, 4.381839269000125], [7.223565622000024, 4.384394154000063], [7.230979481000134, 4.386776914], [7.247588582000105, 4.394408696000141], [7.250282220000031, 4.394408689000045], [7.256567078000103, 4.396653167000125], [7.260726432000183, 4.39729261500014], [7.271271167, 4.400807844000099], [7.285011319000034, 4.404642110000054], [7.292030332000024, 4.40652894700014], [7.304150649000178, 4.411915761000159], [7.315822191000052, 4.414608961000056], [7.320311421000099, 4.415956016000052], [7.327044925000166, 4.418649189000064], [7.326147067000136, 4.422240757000054], [7.32345401300006, 4.425831802000062], [7.318283562999966, 4.437175751000098], [7.324562076000177, 4.447428218000141], [7.323291895000125, 4.459558967000078], [7.325257866000186, 4.473063016000026], [7.329027293000024, 4.482357980000074], [7.330963142000087, 4.492598995000037], [7.331525708000072, 4.503783235000128], [7.333048899000062, 4.519156008000095], [7.330939292000039, 4.526523143000077], [7.330816353000102, 4.529724610000017], [7.33057512400012, 4.532617094999978], [7.330092873000069, 4.535509103000038], [7.32792387000012, 4.538160326000082], [7.321898347000115, 4.539606103000096], [7.318230106999977, 4.537289618000159], [7.31515025300007, 4.535509116000128], [7.312016997000171, 4.534786233999966], [7.307064524000111, 4.541323657000078], [7.305509574999974, 4.543703553000171], [7.305268681000143, 4.546113507000086], [7.304545781000172, 4.54972886600018], [7.30334053200005, 4.554307932000143], [7.301412679000123, 4.559128262], [7.300402529000053, 4.565188868000178], [7.301790324000024, 4.574415219000173], [7.308760272000086, 4.581352243000026], [7.321276218000037, 4.590577105000023], [7.31535486000007, 4.597617165000031]]]}}, {"type": "Feature", "properties": {"adm2_name": "Brass", "adm2_name1": null, "adm2_name2": null, "adm2_name3": null, "adm2_pcode": "NG006001", "adm1_name": "Bayelsa", "adm1_name1": null, "adm1_name2": null, "adm1_name3": null, "adm1_pcode": "NG006", "adm0_name": "Nigeria", "adm0_name1": null, "adm0_name2": null, "adm0_name3": null, "adm0_pcode": "NG", "valid_on": "2019-04-17", "valid_to": null, "area_sqkm": 943.50332519, "version": "v01", "lang": "en", "lang1": null, "lang2": null, "lang3": null, "adm2_ref_name": "Brass", "sendist_en": "Bayelsa East", "sendistpcode": "NG00602", "center_lat": 4.41716504, "center_lon": 6.10600524}, "geometry": {"type": "Polygon", "coordinates": [[[6.565899207000029, 4.32766546400012], [6.5539646040001, 4.32929994300008], [6.541062968000062, 4.331159010000022], [6.531353018000061, 4.33757988900004], [6.528653488000032, 4.355724124], [6.527277521000144, 4.368688030000101], [6.523976601000015, 4.380341509000175], [6.519368944000064, 4.394580691000101], [6.51606754300002, 4.406234091000101], [6.505004539000026, 4.42172631], [6.49268667500013, 4.43202026400013], [6.47844311200015, 4.441003141000067], [6.464225611000188, 4.446093683000072], [6.451314969000066, 4.448598186000083], [6.441000732000077, 4.448525835000055], [6.437795566000091, 4.445908637000059], [6.431981681000025, 4.435113834000163], [6.432003974000168, 4.43451882300019], [6.429927828000189, 4.421544072000017], [6.422305111000185, 4.405879032000087], [6.415235047000124, 4.395317075000094], [6.407699114000025, 4.38429689700007], [6.392006876000153, 4.378068935999977], [6.379633894000108, 4.377822870000045], [6.364418034000039, 4.372515205000127], [6.354670043000056, 4.365716946000134], [6.33768320300004, 4.363694185000156], [6.323470107000162, 4.363015171000143], [6.30377912900002, 4.363362795000114], [6.291535854000131, 4.370084761000101], [6.276072025000076, 4.375934121], [6.266964906000169, 4.378882895000118], [6.256450175000168, 4.379998209], [6.24339722600007, 4.392310148999968], [6.237299924000069, 4.409145834000014], [6.228860849, 4.423235892000037], [6.221223829000166, 4.431271076000144], [6.200705041999981, 4.436279772000148], [6.187468050000064, 4.438837058], [6.174345010000138, 4.447432995000042], [6.161196233000169, 4.454635154000073], [6.150812157000189, 4.462718006000102], [6.145734789000187, 4.485113143000035], [6.145978927000158, 4.498118883000018], [6.146681786000102, 4.51111793299998], [6.152342791000024, 4.519846918000042], [6.158064835000062, 4.53182792399997], [6.16486788300017, 4.552618980000034], [6.159706113000141, 4.566572191000148], [6.138486860000114, 4.538215165999986], [6.126414772000089, 4.529599197000039], [6.115873815000043, 4.529319766000128], [6.112263987000119, 4.525636100000156], [6.105132096000091, 4.518358239000065], [6.09430881000003, 4.506552773000124], [6.092973214000153, 4.505095961], [6.075696939000068, 4.48774290200015], [6.064576134000163, 4.480968948999987], [6.056220049000046, 4.475076202000139], [6.047431948000053, 4.470584868000117], [6.03588819099997, 4.465676790000089], [6.035888138000075, 4.465676768000094], [6.035111782000172, 4.465373558000067], [6.018814080000084, 4.459008220999976], [6.004996777000031, 4.45507002], [6.004996668000103, 4.455069993000109], [5.994878779000032, 4.452925197000127], [5.989879614000074, 4.44409704200018], [5.982494356000075, 4.430711267000106], [5.981273265000027, 4.425161976000084], [5.978549964000024, 4.412786013000073], [5.973714635000078, 4.406476844], [5.971416464000072, 4.403478153000151], [5.971416462999969, 4.392400265000163], [5.972154466, 4.38702169000004], [5.973324775000151, 4.378491877000101], [5.969133918000011, 4.375040958000113], [5.964485167000078, 4.3712129540001], [5.956541531000084, 4.370013731000085], [5.956541460000153, 4.370013719999974], [5.95585730300013, 4.369910485000048], [5.953460274000122, 4.369548804999965], [5.95346021600011, 4.369548796000061], [5.946165571000051, 4.373263831999964], [5.945189139000092, 4.373761072000093], [5.942115774000115, 4.375326157000188], [5.934884074000024, 4.377528510000047], [5.927539818000014, 4.379765038000187], [5.918891949000113, 4.38270616300008], [5.918891916, 4.38270617400002], [5.904316898000047, 4.387146003999987], [5.897019982000074, 4.390473999000108], [5.885241029000099, 4.395845901000143], [5.881623476000186, 4.397076099000117], [5.876592162000065, 4.398787022000022], [5.875945718000082, 4.398856127000158], [5.863662169000065, 4.400169237000114], [5.847348323000119, 4.401913165000167], [5.858768182000063, 4.394226527000114], [5.870146270000021, 4.386568074000138], [5.881262777000074, 4.379188067000143], [5.894698147000099, 4.370346070000153], [5.905659203000027, 4.36530446800009], [5.908926017000113, 4.364295008000056], [5.91398906500018, 4.361358652000092], [5.928019039000162, 4.355878361000066], [5.938760286000104, 4.349740023000038], [5.949282653000068, 4.343821527999978], [5.952351577000115, 4.343163495000169], [5.957612509000057, 4.340752598999984], [5.964408405000086, 4.337244984000108], [5.967257972000084, 4.337902547999988], [5.978218563000041, 4.326284407000173], [5.975588328000129, 4.319927226000061], [5.975588329, 4.31685828500008], [5.976465233999988, 4.314446924000151], [5.982383733000063, 4.312254424000059], [5.98830269900003, 4.31181621900015], [5.993344314000183, 4.309624192000058], [6.000797739000063, 4.308966169000087], [6.003866680000044, 4.30633593500005], [6.007593632000066, 4.30436276800009], [6.010223865000171, 4.301951405000182], [6.014389044000097, 4.300636285000053], [6.019431117000067, 4.301513193000176], [6.029006008000124, 4.297628889000123], [6.04135227300003, 4.294279093000057], [6.048586373000091, 4.293182844000057], [6.055601114000069, 4.291429513000026], [6.05998564000015, 4.289456373000178], [6.065027244000021, 4.289237034000053], [6.070288653000034, 4.289675724000119], [6.074015140000085, 4.290771479999989], [6.082965846000093, 4.282472606000113], [6.082317348000117, 4.278842451], [6.082317352000075, 4.275730620000047], [6.083873276000077, 4.274044991000096], [6.087244515000179, 4.273785600000053], [6.091782561000173, 4.274952420000147], [6.096450799000024, 4.274044995000111], [6.099562643000127, 4.273007390000146], [6.103063110000107, 4.273396489000106], [6.10734224000015, 4.275082105000081], [6.113954536000108, 4.274952416000133], [6.116418368000041, 4.274952408000104], [6.120567319999964, 4.275471216000085], [6.126531606000185, 4.275211819], [6.130162234000181, 4.274693007000053], [6.133533468000053, 4.275341515000093], [6.136758325000187, 4.275572300000078], [6.14157246700006, 4.274693024000157], [6.14701796300011, 4.274693011000068], [6.149841778000109, 4.274959098000124], [6.156353956000146, 4.27676772600006], [6.161673059000179, 4.276964662000182], [6.164681429000041, 4.277365684000131], [6.168357843000081, 4.277365694000139], [6.170897962000026, 4.277232171000037], [6.174908633000143, 4.277967462], [6.1785183020001, 4.277967463000095], [6.181993967000039, 4.279237265000177], [6.185470111000029, 4.279237275000185], [6.188678262, 4.278568739000093], [6.191018097999972, 4.278234484000052], [6.193959243000052, 4.278836252000133], [6.199790005000068, 4.279490470000098], [6.203809258000149, 4.280657286000178], [6.208866120000039, 4.281565187000069], [6.214182378000089, 4.280786999000156], [6.216127388000075, 4.281305783999983], [6.218590729000084, 4.282732011000121], [6.221702576000041, 4.285066127], [6.222739702000069, 4.290122510000117], [6.222091681, 4.292067527000029], [6.22118377400011, 4.295698171000026], [6.235576144000106, 4.30062532900007], [6.235576155, 4.297902117000149], [6.238169668000069, 4.295698162000122], [6.240503306000107, 4.295568475000152], [6.244781967000165, 4.294661047000034], [6.246986384000024, 4.293623443000172], [6.249579426000025, 4.293364050000093], [6.253858562000062, 4.292586333000145], [6.257359030000146, 4.292456636000168], [6.268639567000093, 4.292586334000077], [6.273177624000141, 4.292845729000135], [6.276678560000107, 4.293493749000106], [6.277433974000076, 4.293516645000011], [6.286861068000064, 4.293298288000187], [6.288736749000066, 4.293006431000094], [6.289496261000068, 4.293012089], [6.290709214000117, 4.293326957000147], [6.29208252899997, 4.293752845000029], [6.29210806500015, 4.293753146000142], [6.294182780000142, 4.294271940000101], [6.297164910000106, 4.294661057000042], [6.304685107000182, 4.295957569], [6.31350230400011, 4.296994688000098], [6.320244795000121, 4.298550615000181], [6.326986782000063, 4.299199108000096], [6.330098629000076, 4.299717424000164], [6.349158768000166, 4.301143647000117], [6.351622587000179, 4.301014418000022], [6.364069932000064, 4.302181242000074], [6.373405459000026, 4.302440654000065], [6.378592004000097, 4.303348070000027], [6.384426591000079, 4.303477766000071], [6.390650275999974, 4.304385183000079], [6.399596689000134, 4.305682193000109], [6.408284191, 4.304514895000182], [6.412562842999989, 4.30503368], [6.420342444000028, 4.30607081200003], [6.42293547800017, 4.308404925000161], [6.422287470000015, 4.31138707000008], [6.41684151100003, 4.313591485000131], [6.414118766000058, 4.315147407000097], [6.412562842000114, 4.317221653000104], [6.423577787000113, 4.327324876000034], [6.431480884000052, 4.329317577000154], [6.434605116000114, 4.326946270000121], [6.438754083000106, 4.325130941000111], [6.441477297000176, 4.323964129000046], [6.443421840000042, 4.321111687000098], [6.447192677000032, 4.317646025000045], [6.451590532000012, 4.317221641000117], [6.45483208100012, 4.317610742000056], [6.463130475000128, 4.3154063180001], [6.46918869000001, 4.315401565000172], [6.481282706000059, 4.31903697100006], [6.485172742000032, 4.320463179000114], [6.493730552000102, 4.322278509], [6.498657227000137, 4.322926999], [6.506566528000064, 4.323834416000068], [6.512401588000046, 4.324093819000097], [6.516706936999981, 4.324309169000173], [6.518336716000135, 4.323992633999978], [6.523378688000037, 4.323475742000028], [6.528197883000075, 4.323508504000074], [6.538155289000088, 4.325009212999987], [6.55170525900013, 4.327123221000136], [6.55298520000008, 4.32707597000001], [6.561024197000052, 4.327594767000051], [6.565899207000029, 4.32766546400012]]]}}, {"type": "Feature", "properties": {"adm2_name": "Burutu", "adm2_name1": null, "adm2_name2": null, "adm2_name3": null, "adm2_pcode": "NG010004", "adm1_name": "Delta", "adm1_name1": null, "adm1_name2": null, "adm1_name3": null, "adm1_pcode": "NG010", "adm0_name": "Nigeria", "adm0_name1": null, "adm0_name2": null, "adm0_name3": null, "adm0_pcode": "NG", "valid_on": "2019-04-17", "valid_to": null, "area_sqkm": 1933.58568809, "version": "v01", "lang": "en", "lang1": null, "lang2": null, "lang3": null, "adm2_ref_name": "Burutu", "sendist_en": "Delta South", "sendistpcode": "NG01003", "center_lat": 5.23413901, "center_lon": 5.57100696}, "geometry": {"type": "Polygon", "coordinates": [[[5.707898982000074, 5.410940856000025], [5.707799785000134, 5.412270017000139], [5.699614933000078, 5.417749930000127], [5.688078879000159, 5.4121060330001], [5.681315943000129, 5.403728067000031], [5.67183913700012, 5.393939913000168], [5.657570892000024, 5.391046966000147], [5.645348998000088, 5.386784966000107], [5.635158132000129, 5.38462011200005], [5.624278166000181, 5.384529116000181], [5.608644097000024, 5.38301188600002], [5.595732245000022, 5.380824155000141], [5.58006800600009, 5.386240902000054], [5.565774833000035, 5.388895988000172], [5.556919100000187, 5.392291130000046], [5.548070063000125, 5.394297109000036], [5.539888041000097, 5.399084094000102], [5.531024049000166, 5.404558200000054], [5.519439113000146, 5.410008973000117], [5.508549329000061, 5.411999202], [5.490859926999974, 5.413931879000131], [5.469769837000058, 5.415836737], [5.460256183000013, 5.414371019999976], [5.446668191000185, 5.411483753000084], [5.444177636000063, 5.412357756], [5.434395921000146, 5.411922948000097], [5.423251214000061, 5.412851761000127], [5.409939319000046, 5.414399616000026], [5.396937440000102, 5.415019009000048], [5.385483167000132, 5.421519820000128], [5.356383205999975, 5.437308299000051], [5.341214316999981, 5.446905141000059], [5.324187172999984, 5.454954209999983], [5.30468407, 5.458668696000018], [5.289205651000032, 5.458668678000038], [5.27529572800006, 5.459639495000147], [5.262852067000154, 5.457804267000029], [5.248580981000089, 5.45560505800006], [5.235654784000019, 5.456883897000068], [5.230341439000142, 5.456867651000152], [5.239196744000026, 5.45044366500008], [5.243767197000068, 5.445950961000165], [5.247175631000175, 5.444013996000024], [5.252538562999973, 5.440087748000053], [5.255929341000069, 5.437661628000058], [5.25887356000004, 5.4361901850001], [5.268634265, 5.432084088000067], [5.270957974000169, 5.430999734000068], [5.277930384000115, 5.428752980000127], [5.281261414000028, 5.427668514000118], [5.283430091000128, 5.42720367000004], [5.289550163000115, 5.424957332000133], [5.293810970000095, 5.423098125000081], [5.301170364000086, 5.418914770000072], [5.309342808000054, 5.415019541000106], [5.315092444000072, 5.411539549000111], [5.324776061000023, 5.406395427000064], [5.328256246000137, 5.383548665000149], [5.327824923000094, 5.374434009000026], [5.327802197000153, 5.36599732000019], [5.326591548000067, 5.364181971], [5.325835156000039, 5.35979413400014], [5.328407282, 5.352380289000166], [5.329295288000139, 5.349481085000093], [5.330071442000076, 5.347236094000039], [5.330525511000076, 5.338611595000145], [5.330223071999967, 5.329533543000025], [5.330525361000014, 5.325902429000166], [5.33067664400005, 5.32242253600009], [5.33234130000011, 5.315008589000115], [5.334459302000027, 5.308653873000139], [5.336123546000067, 5.303358017], [5.337334127000133, 5.300332032000028], [5.337485259000175, 5.293977331000121], [5.339906081000095, 5.289589439000167], [5.342175989000168, 5.284294129000045], [5.343235094000136, 5.281116530000133], [5.344748130000085, 5.275064431000033], [5.348076794000178, 5.267196679000108], [5.351102802000071, 5.257815900000082], [5.35443123500005, 5.245257811000101], [5.355641771000023, 5.237087762000101], [5.357457030000035, 5.216964288999975], [5.358365063000122, 5.214089358000081], [5.358213854000098, 5.210912206000103], [5.35836503400003, 5.208037350000097], [5.359878114000139, 5.200018374000024], [5.361693783000021, 5.192301705999967], [5.36123998000005, 5.187762768000141], [5.360785845, 5.184736742000041], [5.358062750000045, 5.184585514000162], [5.357457143000147, 5.181710730000134], [5.355641786000092, 5.17959255400001], [5.359698650000041, 5.174014989000113], [5.36229887900015, 5.171270814000025], [5.366081810000082, 5.166882970000017], [5.369410547000086, 5.162797903000182], [5.37504712700013, 5.152913074000026], [5.376359551, 5.149549033000142], [5.377580570000077, 5.146608356000115], [5.38000149200019, 5.144036298000117], [5.383784395000077, 5.141918155000099], [5.387953862000018, 5.139348483999981], [5.390290338000057, 5.138286604000086], [5.390386946999968, 5.134204888000056], [5.393129501000089, 5.134601102000147], [5.3967108330001, 5.135118987000112], [5.401748316000067, 5.135847599000158], [5.404754753000077, 5.136281945], [5.413113525000142, 5.138521217000061], [5.416211545000124, 5.139350882000031], [5.418285415000128, 5.139730946000043], [5.424455113000079, 5.140861983000093], [5.428486337000038, 5.141601066000021], [5.4320478140001, 5.141510015000051], [5.436465232000046, 5.141396493000059], [5.441579827000169, 5.138941773], [5.447512706000168, 5.134850023000013], [5.453240863000076, 5.130758315000037], [5.458969198000034, 5.128303504000087], [5.465311421000138, 5.124825462000047], [5.469812470000136, 5.123188525999979], [5.472676213000057, 5.117664788000184], [5.472471716000086, 5.11234565400008], [5.46930175000017, 5.106533507000108], [5.467469329000153, 5.101708910000184], [5.469124432000058, 5.095749861000172], [5.470508622000182, 5.093212600000072], [5.472823178000056, 5.092679033000081], [5.475568261000035, 5.092287110000086], [5.479221714000118, 5.091764955000144], [5.48513408000008, 5.090373984000053], [5.49382816200017, 5.091764928000032], [5.502870472000154, 5.092460618000075], [5.511565091000023, 5.088287346000072], [5.516781933, 5.08063604900002], [5.524085055000114, 5.068811905000075], [5.533127232000027, 5.062899586000015], [5.544603860000109, 5.058030618000032], [5.550863648000075, 5.055596376999972], [5.569295901999965, 5.056291589000125], [5.58459816800007, 5.055248279000125], [5.58564131900016, 5.047944979000022], [5.590857994000032, 5.043424136000112], [5.599204434000171, 5.042380817000037], [5.61102905600012, 5.038902728000153], [5.619723407000151, 5.034729503000051], [5.625288025000145, 5.026035316000048], [5.632938843999966, 5.01838399900015], [5.642328626000108, 5.015602131000037], [5.647893368000098, 5.011776474000101], [5.656670524000162, 5.011776454000142], [5.661808871000119, 5.012883646000091], [5.663635225000064, 5.015100933000099], [5.663457027000049, 5.018840308000165], [5.663456905000089, 5.02400448800006], [5.666662267000049, 5.028277832000128], [5.675565157000051, 5.029880018000028], [5.682153776000121, 5.027921664000132], [5.691234724000083, 5.024182351000093], [5.702096331, 5.022935913000026], [5.710287135000044, 5.023826131000135], [5.719368480000128, 5.030948630000125], [5.724531990000173, 5.041098104000071], [5.728449450000085, 5.05071357300011], [5.73058613000012, 5.054452857000058], [5.736462249000056, 5.056589634000034], [5.743050556000071, 5.055699344000061], [5.748570415000188, 5.053206421000141], [5.75195351800005, 5.053740537000067], [5.758363806000034, 5.06104086300013], [5.764239769000142, 5.064246206000064], [5.769225630000108, 5.063355909000052], [5.77349907700011, 5.061219238999968], [5.775635688000023, 5.057479848000128], [5.779018868000037, 5.058013916999982], [5.780443276000085, 5.064958573000126], [5.784176763, 5.06932594400007], [5.788122132000069, 5.07254079900008], [5.789875405000089, 5.078677638000045], [5.789145087000065, 5.084376356000121], [5.79133648300018, 5.085837352000055], [5.797473973000137, 5.083061236000049], [5.803610923000065, 5.081892521000043], [5.805510590000097, 5.083645836000073], [5.809017251000057, 5.086421954000116], [5.814131321000104, 5.084522210000102], [5.815300339000032, 5.081892475000075], [5.817346124999972, 5.077362532000166], [5.820268610000142, 5.075170501000059], [5.822606631000042, 5.075755112000024], [5.825529070000186, 5.077508471000044], [5.830643178000173, 5.080285091000121], [5.835318976000167, 5.082476580000161], [5.840140873000053, 5.083061213000121], [5.840579176, 5.080577382000058], [5.839510986999983, 5.074536299000158], [5.839995037999984, 5.070786953999971], [5.840871458000038, 5.067572590000111], [5.848323709000169, 5.06654975400005], [5.851976338000156, 5.070202789000064], [5.853145639000161, 5.075462818000176], [5.857383133000098, 5.077362560000154], [5.86308203800013, 5.074440049000032], [5.864981263000118, 5.06947180800006], [5.867738782000117, 5.068109542000172], [5.869472159000111, 5.071081665000122], [5.870214984000029, 5.076034514000014], [5.871701311000152, 5.08123537900002], [5.874425489000146, 5.086188817000107], [5.877645095000048, 5.091389670000069], [5.878387959000065, 5.097085956000114], [5.877892463000137, 5.100305093000088], [5.877645029000064, 5.105258426000034], [5.880772718000117, 5.109508978], [5.881353491000141, 5.109508999000127], [5.881239503000131, 5.11014317300004], [5.88036908000015, 5.114669814000024], [5.877397181000163, 5.12730026600002], [5.87591113000002, 5.145131596000112], [5.878635319000125, 5.165935057000013], [5.87987367900007, 5.175841326000182], [5.879626219000045, 5.18079464900012], [5.878635351000128, 5.185500120000142], [5.877017523, 5.189892334000149], [5.869719875000158, 5.188472318000038], [5.866004917000112, 5.186491014000069], [5.85832733500007, 5.182776020000176], [5.852383617000157, 5.179803799000183], [5.849163883000017, 5.177822649000063], [5.846191924999971, 5.176584754000032], [5.841486323000026, 5.174602984000046], [5.837276337000048, 5.174850949000188], [5.833066119000023, 5.17930894300008], [5.829846315000054, 5.186491015000172], [5.82918732800016, 5.188468036000074], [5.828360461000045, 5.190949025000066], [5.822664396000107, 5.19392062300011], [5.817958772000168, 5.194663553000112], [5.809786233000125, 5.195158928000126], [5.80458549400015, 5.195158917000072], [5.802856894000115, 5.193862438000167], [5.797555812000041, 5.189452139000025], [5.793591535000076, 5.18612245200012], [5.786741383000106, 5.185741846000099], [5.784961312000178, 5.186837218000107], [5.774721263000174, 5.195766957000103], [5.76788718500012, 5.203339161000088], [5.76716086700003, 5.21373506700013], [5.771881078000092, 5.222788779000155], [5.781364025000187, 5.231190261000052], [5.791536843000074, 5.237515913000095], [5.803079078, 5.241773187000092], [5.814606201000117, 5.249496931000067], [5.826149983000107, 5.253060811000068], [5.839036868000107, 5.260796024000115], [5.849632300000167, 5.264167249000081], [5.85300501100005, 5.272374144000139], [5.853080349000095, 5.275839349000023], [5.851087440000128, 5.280756951000114], [5.849763856000038, 5.284266886000012], [5.845350150000058, 5.283931333000055], [5.823121903000015, 5.286935276000179], [5.82024714400012, 5.287323969000113], [5.816927040000053, 5.286701697000126], [5.811986591000107, 5.284778559000188], [5.808445096000071, 5.282811216000027], [5.801361684000028, 5.278876274000027], [5.796406349999984, 5.276260400000126], [5.792165295000189, 5.274315294000132], [5.784398118000126, 5.271095774000059], [5.778029078000031, 5.267831781000041], [5.770261883000103, 5.264612234000026], [5.761080382000102, 5.260744118000105], [5.754726458, 5.258172909000052], [5.748372620000112, 5.255601885000146], [5.742762904000074, 5.255087408000122], [5.738567284000055, 5.255221320000032], [5.737913039000034, 5.257322270000145], [5.737289005999969, 5.260809946000052], [5.738762967000184, 5.264230184000041], [5.742336272000159, 5.268263768], [5.741071138999985, 5.273865228000034], [5.741845728000044, 5.27730804000015], [5.743349460000161, 5.282113977000165], [5.74622193200014, 5.285489985000083], [5.751222031000054, 5.29018449299997], [5.754064642000117, 5.292174292000027], [5.75765122200005, 5.296220819000098], [5.76336584, 5.301586173000146], [5.765493809000134, 5.302905577000047], [5.769050568000182, 5.305565845000046], [5.774080729000104, 5.311646454000027], [5.776953138000181, 5.315022509000016], [5.782637946000136, 5.319001689000117], [5.786909017000141, 5.322332892000134], [5.79116480700003, 5.324971258000119], [5.794721668000022, 5.327631420000159], [5.798278321000055, 5.330291693000049], [5.801135462000104, 5.332974897000042], [5.803263732000175, 5.334293801000115], [5.805391185000076, 5.335612816000094], [5.809190712000145, 5.336875377000183], [5.811635957000021, 5.337688021000076], [5.813351295000018, 5.33945938200003], [5.814880783000092, 5.34103918600016], [5.828485046000139, 5.340458934000139], [5.83800704600003, 5.339845220000143], [5.848897048000083, 5.337854807000042], [5.861816996000073, 5.337962167000057], [5.873377733000154, 5.338058003000128], [5.884944031000032, 5.336768200000108], [5.897854850000044, 5.338954879000084], [5.907372046000035, 5.339727874], [5.913880771000095, 5.34088892300008], [5.914843475000168, 5.346181840000042], [5.915437589000135, 5.356682794999983], [5.914843526000084, 5.367381561000059], [5.914645161000124, 5.372532828000033], [5.91405090700016, 5.375901205000105], [5.913852825999982, 5.379071297000053], [5.911646273000144, 5.379584357000056], [5.904517212000087, 5.370217778000153], [5.895699106000052, 5.365290212000104], [5.882103816000154, 5.363789991999965], [5.87122109000012, 5.364393199000062], [5.861021116000131, 5.364307879000137], [5.850132079000048, 5.366298259000132], [5.839947208000126, 5.362744822000025], [5.820942831000025, 5.354266221000046], [5.810732975000121, 5.356260767000094], [5.801221941999984, 5.354102099000158], [5.792415989000119, 5.346399799000039], [5.778139170999964, 5.345588173000067], [5.762532127000043, 5.337830133000125], [5.757129207000105, 5.329463059999966], [5.748987194000108, 5.325233965999985], [5.73945091600018, 5.32862180300009], [5.73126701700005, 5.334102150000149], [5.729867059000071, 5.343104888000028], [5.730483058000118, 5.357674160000045], [5.728390192000177, 5.369444861999966], [5.726304159000165, 5.379829861000132], [5.722864205000064, 5.388816815000098], [5.715360126000121, 5.394301929999983], [5.71304404000017, 5.397101433999978], [5.710577619000105, 5.400082995000048], [5.708522803000108, 5.402566918000105], [5.707898982000074, 5.410940856000025]]]}}, {"type": "Feature", "properties": {"adm2_name": "Calabar-Municipal", "adm2_name1": null, "adm2_name2": null, "adm2_name3": null, "adm2_pcode": "NG009010", "adm1_name": "Cross River", "adm1_name1": null, "adm1_name2": null, "adm1_name3": null, "adm1_pcode": "NG009", "adm0_name": "Nigeria", "adm0_name1": null, "adm0_name2": null, "adm0_name3": null, "adm0_pcode": "NG", "valid_on": "2019-04-17", "valid_to": null, "area_sqkm": 137.53871649, "version": "v01", "lang": "en", "lang1": null, "lang2": null, "lang3": null, "adm2_ref_name": "Calabar-Municipal", "sendist_en": "Cross River South", "sendistpcode": "NG00903", "center_lat": 5.01924848, "center_lon": 8.3468452}, "geometry": {"type": "Polygon", "coordinates": [[[8.400836104, 5.092072990000133], [8.390556501000106, 5.09317495800002], [8.381665483000063, 5.092013657000109], [8.37760387700007, 5.095008811000127], [8.373545743000022, 5.098914723000178], [8.371830912000178, 5.099381294000125], [8.370897025999966, 5.098597119000033], [8.368564930000105, 5.095775839000169], [8.366388159000053, 5.092954812000073], [8.363742740000077, 5.090758989000051], [8.360784, 5.089501712000185], [8.360310809999987, 5.0891527980001], [8.352912968000055, 5.087254980000125], [8.344932482, 5.084918948999984], [8.341216455000108, 5.081772494000177], [8.341021961000024, 5.074128062000057], [8.339934578, 5.072091353000189], [8.338067638000098, 5.070522820000178], [8.335733139000126, 5.068953426000178], [8.33474723900008, 5.06870401600014], [8.335900239000068, 5.063037920000113], [8.338219910000078, 5.055003186000022], [8.338245437000126, 5.049255842000036], [8.339413650999973, 5.043513734999976], [8.339428837000185, 5.04006576800009], [8.33945003000008, 5.035469048000039], [8.337182736000045, 5.032010086000014], [8.333774504000132, 5.028545841000039], [8.3280773030001, 5.026220803], [8.320091103000152, 5.025034937000157], [8.31667209800014, 5.023869967000053], [8.312116569000068, 5.021550205000096], [8.31099605500009, 5.01694675300007], [8.309874443000183, 5.012343849999979], [8.30760869400018, 5.008884927000054], [8.306488273000127, 5.004282015000058], [8.304225902000098, 4.99967381100015], [8.30310555200009, 4.995070961000181], [8.301974122000104, 4.99276785800015], [8.301989658000139, 4.989318813000125], [8.303152143000148, 4.984726900000055], [8.305455944000073, 4.98014019600015], [8.307755297000142, 4.976702214999989], [8.311195379000026, 4.97326997000016], [8.313494636000144, 4.969831952999982], [8.317537927999979, 4.96593266800005], [8.320187359000101, 4.965311526000164], [8.321901054000023, 4.965158240999983], [8.323459784000079, 4.964535045000105], [8.327202209000177, 4.962350798000159], [8.328609377000078, 4.959692624000127], [8.330019104000087, 4.955312744000082], [8.331894801000146, 4.951716354000098], [8.332208979000029, 4.950308251000024], [8.33610390400014, 4.949845843000105], [8.339378676000024, 4.94797359], [8.34265230300008, 4.946414352000147], [8.344972677000044, 4.942544098000042], [8.350154184000019, 4.941265092000094], [8.355756521000046, 4.939916175000121], [8.363837022000098, 4.944777010000053], [8.370695804000036, 4.942509141000073], [8.37640963400014, 4.941386250000164], [8.384410654000078, 4.939124112], [8.388982032000115, 4.937994999000125], [8.391270918000146, 4.936855802000082], [8.395831155000053, 4.9380268970001], [8.39810367299998, 4.940336209000066], [8.399229169000023, 4.943789031999984], [8.401470292999988, 4.952994852000188], [8.400302764000116, 4.958736894000083], [8.401423666000142, 4.963339801000188], [8.403680117000079, 4.969097107000096], [8.408230902000128, 4.972567096999967], [8.41278530600016, 4.974885937000181], [8.416205281999964, 4.976050844000042], [8.419619541000145, 4.978365864000068], [8.424175209000111, 4.980686193000111], [8.425300502000084, 4.984138949000169], [8.424137865000034, 4.988731879000056], [8.420687758000156, 4.994463016000054], [8.414969164000013, 4.996736043000112], [8.404696393000108, 4.996687913000187], [8.40012433600009, 4.997816998000076], [8.39554811500011, 5.000093932000027], [8.390965436000101, 5.003521877000026], [8.386383796000075, 5.006948915000123], [8.38294410300017, 5.010381237000047], [8.382927628000118, 5.01383018700011], [8.381750134000015, 5.021870116], [8.382870423999975, 5.02647307], [8.385122231000082, 5.033380013000169], [8.387372997000114, 5.040287012000078], [8.39077654700003, 5.044899917000123], [8.391897020999977, 5.04950284], [8.395290186000182, 5.056415079000033], [8.399830924000184, 5.062182894000046], [8.402097867000066, 5.065641888000073], [8.404365426000027, 5.069099886], [8.406632473000116, 5.072558850000064], [8.410041779000096, 5.076023111999973], [8.411161445, 5.080625970000142], [8.41114637600009, 5.084074009000062], [8.40999423400018, 5.086368076999975], [8.406554019000168, 5.089799909000078], [8.400836104, 5.092072990000133]]]}}, {"type": "Feature", "properties": {"adm2_name": "Calabar South", "adm2_name1": null, "adm2_name2": null, "adm2_name3": null, "adm2_pcode": "NG009009", "adm1_name": "Cross River", "adm1_name1": null, "adm1_name2": null, "adm1_name3": null, "adm1_pcode": "NG009", "adm0_name": "Nigeria", "adm0_name1": null, "adm0_name2": null, "adm0_name3": null, "adm0_pcode": "NG", "valid_on": "2019-04-17", "valid_to": null, "area_sqkm": 188.61762963, "version": "v01", "lang": "en", "lang1": null, "lang2": null, "lang3": null, "adm2_ref_name": "Calabar South", "sendist_en": "Cross River South", "sendistpcode": "NG00903", "center_lat": 4.87796402, "center_lon": 8.31193439}, "geometry": {"type": "MultiPolygon", "coordinates": [[[[8.355756521000046, 4.939916175000121], [8.350154184000019, 4.941265092000094], [8.344972677000044, 4.942544098000042], [8.34265230300008, 4.946414352000147], [8.339378676000024, 4.94797359], [8.33610390400014, 4.949845843000105], [8.332208979000029, 4.950308251000024], [8.331894801000146, 4.951716354000098], [8.330019104000087, 4.955312744000082], [8.328609377000078, 4.959692624000127], [8.327202209000177, 4.962350798000159], [8.323459784000079, 4.964535045000105], [8.321901054000023, 4.965158240999983], [8.320187359000101, 4.965311526000164], [8.317537927999979, 4.96593266800005], [8.313494636000144, 4.969831952999982], [8.311237341000151, 4.964075047999984], [8.30782887700019, 4.960609922000174], [8.305556225000089, 4.95830202999997], [8.299874148000072, 4.952527994000093], [8.294193389000156, 4.946754925000164], [8.28965405100007, 4.94098712300007], [8.283988207000107, 4.931766045000074], [8.280273553000029, 4.926099269000133], [8.27007678800004, 4.915665150000052], [8.262762764000058, 4.904217269000071], [8.25926522800006, 4.892133677], [8.259518772999968, 4.883510088000151], [8.26602736500007, 4.871325508999973], [8.271308158000124, 4.857595460000027], [8.272364631000073, 4.841752988000167], [8.2717293770001, 4.835405829000024], [8.266182910000111, 4.835324752000133], [8.26873865000016, 4.829077246000111], [8.277482270000121, 4.837187106000044], [8.309876210000027, 4.837699850000035], [8.310584313000106, 4.836118214000066], [8.311549949000039, 4.835432069000035], [8.312514258000022, 4.83515884600007], [8.312928887000112, 4.83474733200012], [8.313755739000158, 4.834611895000023], [8.315411784000105, 4.833376897000164], [8.316238334000104, 4.833103683000104], [8.322865676000106, 4.826375945], [8.323004454000056, 4.825825689000112], [8.324108834000128, 4.824589775], [8.326177822000034, 4.82349395], [8.327280173000077, 4.823358493000114], [8.331272867, 4.824054255000135], [8.336502222000036, 4.82654096400006], [8.338015308000024, 4.827507025000159], [8.338566925000066, 4.827507953000065], [8.339667479000013, 4.828060665000123], [8.341733922, 4.828064458000028], [8.342836201000182, 4.827653873000031], [8.34352679400007, 4.826967277999984], [8.343941806000089, 4.826005419000069], [8.343947650000075, 4.823666532000118], [8.343539097000075, 4.821327177000057], [8.34354310100008, 4.819401286000129], [8.344509139000081, 4.818440437000163], [8.345474258000081, 4.818304548000185], [8.347399809000137, 4.819408935000183], [8.348773932000029, 4.82106259800014], [8.350007062000145, 4.824228736000066], [8.350687224000069, 4.828495020000105], [8.351233755000123, 4.830421891000128], [8.352056622000077, 4.832211980000181], [8.352743111000109, 4.832901039000035], [8.353292494000186, 4.833865157000048], [8.3542545950001, 4.834830302000057], [8.35563104500011, 4.835520726000027], [8.357282618000113, 4.83579874100019], [8.360864769000102, 4.835668066000096], [8.362104197000178, 4.83594604000001], [8.363480665000168, 4.836636564000116], [8.364439446, 4.838563504000035], [8.366368702000102, 4.838593976000084], [8.366370166000081, 4.837742809000076], [8.36609638100009, 4.837054715000022], [8.365821789999984, 4.836503522000157], [8.364859654000156, 4.835538407000115], [8.363209027999972, 4.834710137000172], [8.360867488000054, 4.834430718000078], [8.360179140000128, 4.834154115], [8.356322188000036, 4.833870872000091], [8.355221923000045, 4.833456057000149], [8.354534062000027, 4.83290484500003], [8.35288910300011, 4.829186925000045], [8.353032103000032, 4.826848485000028], [8.352482973000065, 4.825747002000128], [8.351252397000053, 4.821754915000099], [8.350292036000099, 4.819827103000137], [8.348368666000113, 4.817484845000138], [8.347680846, 4.81693317600002], [8.346029527000098, 4.816242246000058], [8.343686811000055, 4.816375233000144], [8.34203224600003, 4.817197287000113], [8.34134222200015, 4.817883455000072], [8.340925427, 4.819533833000037], [8.341051894000088, 4.824899216000119], [8.340637366000067, 4.825585806999982], [8.338846145000105, 4.825445160000186], [8.337470336000024, 4.824754248000033], [8.336645002000125, 4.82406470300009], [8.335413857000162, 4.820485579000092], [8.335279645000071, 4.818834332000108], [8.334321917000068, 4.815806401000145], [8.33419199500014, 4.812091806000012], [8.334468758000014, 4.811404674000187], [8.334612614000037, 4.808653371], [8.33406613000011, 4.806450820000123], [8.333932674000096, 4.80438755400013], [8.334485981000114, 4.80342532800006], [8.335314567000125, 4.802601303000188], [8.336693891000039, 4.801916623000011], [8.339039728000046, 4.799994912000102], [8.34133469700015, 4.797565363000103], [8.342399084000022, 4.796595141000068], [8.343209253000168, 4.795986546000108], [8.343681968999988, 4.795750098000099], [8.34425549600013, 4.795412229000078], [8.344762186000139, 4.79504025500006], [8.348013203000107, 4.794357393000041], [8.34828177300011, 4.793822787000011], [8.347731507000049, 4.793409338], [8.34704300200002, 4.793270130000053], [8.346356598000057, 4.792581059000156], [8.346495488000187, 4.791618793000112], [8.348839731000055, 4.790522074000023], [8.350495478000028, 4.789288026000065], [8.35159899700011, 4.788739219000036], [8.354081834000112, 4.786818506000031], [8.356287720000012, 4.785721771000169], [8.357667033000041, 4.785312167000029], [8.360145363000072, 4.785316953000063], [8.361384126000189, 4.785870047000174], [8.361933604000171, 4.786421301000132], [8.362482208000074, 4.787797943000157], [8.36289473100004, 4.788211313999966], [8.364134951000153, 4.787938602000168], [8.364136929000097, 4.787113196000064], [8.362212042000124, 4.785046106000095], [8.362216740000122, 4.782982314000037], [8.362631636000174, 4.782020598999964], [8.363598889, 4.780921429000159], [8.36677287599997, 4.778176316000156], [8.368702623000047, 4.777079582000169], [8.373526332000097, 4.775850774000105], [8.378622842000084, 4.775860352], [8.381376321000118, 4.776691409000136], [8.383852845000035, 4.778071435000072], [8.385781029000043, 4.778213018000145], [8.388809029000129, 4.779319303000136], [8.390324776, 4.77932262000013], [8.391700743000115, 4.779874785000061], [8.392664736000029, 4.780014516000165], [8.393078988000184, 4.779740311000126], [8.393628160000162, 4.780153744000131], [8.395004152000126, 4.780706878999979], [8.395555700000102, 4.78070779300009], [8.396243178000134, 4.781121730000109], [8.398304983000116, 4.783464411000068], [8.399951094000187, 4.786632063000127], [8.399938637000105, 4.792546770000058], [8.400481907000142, 4.796262245000094], [8.400472821000108, 4.800802219000047], [8.40088160900018, 4.802866468000047], [8.401702743000044, 4.80548238900019], [8.405133027000034, 4.811816673000067], [8.406644902000153, 4.813608188999979], [8.408157124000013, 4.814848909000148], [8.408982462000097, 4.81595088600011], [8.409256091000088, 4.816776719000131], [8.409387523000134, 4.819666398000038], [8.409100367000178, 4.825168153000106], [8.40771187100006, 4.830530625000051], [8.406189907000055, 4.833554755000137], [8.4060508070001, 4.834380121000038], [8.404390486000125, 4.838091358000099], [8.40411204000003, 4.839191465000056], [8.408162319000041, 4.839255218000119], [8.402680460000056, 4.849204041000178], [8.395684412000094, 4.857471919000034], [8.384872184000074, 4.857153916000073], [8.381374338, 4.862877843000035], [8.368018954000092, 4.87241795400007], [8.350528840000152, 4.887045368000088], [8.347031859000083, 4.894677671000181], [8.346395756000106, 4.899129388], [8.347985117000064, 4.904535305000138], [8.352755628000182, 4.91375732400013], [8.354345159000161, 4.920753036], [8.355299177, 4.927749153000036], [8.355298725000182, 4.934426793000114], [8.355756521000046, 4.939916175000121]]], [[[8.292989961000046, 4.822440712000116], [8.285538329000076, 4.828603946000044], [8.282462508000037, 4.830061036000188], [8.280197493000117, 4.830381711000143], [8.277772764000133, 4.829564025000025], [8.276483064000047, 4.827448072000152], [8.276002270000049, 4.825171076000061], [8.27552692100005, 4.82013039300017], [8.275690777000136, 4.81915533300014], [8.276670872000125, 4.814280112000063], [8.278781181, 4.810219997000161], [8.280564639000147, 4.807947480000166], [8.282026687000155, 4.804698954000116], [8.283487129000036, 4.802263234], [8.285918074000165, 4.799504289000083], [8.288186055000153, 4.797557898000093], [8.29239612900011, 4.794964951000054], [8.294825385000024, 4.793018813000117], [8.297090797000067, 4.792372871000168], [8.300487296000028, 4.792379406000066], [8.301132655, 4.793030963000092], [8.302265008000177, 4.793033133000051], [8.30307043300013, 4.794660379000049], [8.304845092000164, 4.796939737000173], [8.305648086000133, 4.799867611000138], [8.306130867000036, 4.801169039000172], [8.306287589000021, 4.803933053000094], [8.303528908000146, 4.808804979000115], [8.301257255000053, 4.812702376000118], [8.298500920000151, 4.816273685999988], [8.292989961000046, 4.822440712000116]]]]}}, {"type": "Feature", "properties": {"adm2_name": "Degema", "adm2_name1": null, "adm2_name2": null, "adm2_name3": null, "adm2_pcode": "NG033008", "adm1_name": "Rivers", "adm1_name1": null, "adm1_name2": null, "adm1_name3": null, "adm1_pcode": "NG033", "adm0_name": "Nigeria", "adm0_name1": null, "adm0_name2": null, "adm0_name3": null, "adm0_pcode": "NG", "valid_on": "2019-04-17", "valid_to": null, "area_sqkm": 986.59806295, "version": "v01", "lang": "en", "lang1": null, "lang2": null, "lang3": null, "adm2_ref_name": "Degema", "sendist_en": "Rivers West", "sendistpcode": "NG03303", "center_lat": 4.59591653, "center_lon": 6.94341863}, "geometry": {"type": "Polygon", "coordinates": [[[6.783440440999982, 4.802381327000091], [6.783104016000152, 4.802692611000111], [6.775325216000113, 4.804288386000053], [6.765509587, 4.80475616800004], [6.753824347000034, 4.805457102000162], [6.747280705000037, 4.812701670000024], [6.737760944000115, 4.820843220000086], [6.74041996, 4.809632757000031], [6.742170865000048, 4.79982902200004], [6.74213949, 4.793070776000093], [6.74541098200018, 4.79026650000003], [6.757217937000178, 4.783858761000033], [6.760545286000024, 4.779283481000164], [6.764038085000095, 4.774480792000077], [6.762456996000139, 4.760527133000096], [6.762704861000088, 4.746563916000014], [6.766444087000082, 4.738150556000051], [6.771819495000045, 4.74072122900003], [6.776493578000157, 4.746096110000053], [6.781167562000121, 4.746330255000146], [6.789956992000157, 4.739309747000107], [6.794023051000067, 4.730885958000101], [6.797099990000163, 4.715011136000044], [6.801084141000047, 4.69773002900007], [6.802822965000189, 4.686528163000162], [6.805924913000183, 4.673449974000107], [6.810381888999984, 4.657563197000059], [6.814415018000034, 4.645410034000179], [6.82718520800006, 4.63225600200019], [6.836722741000017, 4.618194126000049], [6.836125842000115, 4.603280065000149], [6.83051103400004, 4.59353399000014], [6.823060074000125, 4.584270021000066], [6.810998948000133, 4.574574927000072], [6.806723128000044, 4.560155870000131], [6.808483227000124, 4.551284798000097], [6.809764911000116, 4.540552124000101], [6.812884956000062, 4.529337877000103], [6.817842029000133, 4.517643908000025], [6.822799082000017, 4.505949982000061], [6.826826175000065, 4.49332997800019], [6.830849248000163, 4.480245109000123], [6.833963846000131, 4.468564990000175], [6.836159202000033, 4.456892955000114], [6.837449999000171, 4.447093030000076], [6.841046762000133, 4.437739850000185], [6.846889962000091, 4.422308914000098], [6.852282102000174, 4.407814032000147], [6.858159136000097, 4.39611197500011], [6.874549346000151, 4.39530612100009], [6.886221029000126, 4.39171504], [6.892954461000045, 4.393061639000166], [6.898341210000126, 4.392612926000083], [6.910461896000072, 4.389470603000063], [6.920786262000092, 4.385879495000097], [6.940089070000056, 4.380492687000071], [6.947271731000058, 4.376452432000178], [6.958494678000079, 4.374656682000136], [6.969268323000051, 4.373758797000164], [6.976451022000049, 4.37331009400009], [6.974655096000163, 4.378247758000043], [6.969922193000116, 4.383572130000061], [6.976899679000155, 4.384532474000139], [6.985877543000072, 4.377350342000057], [6.99440671900004, 4.375105372000121], [7.001140491000172, 4.377799017000143], [7.006527496999979, 4.380043502000149], [7.013260800000126, 4.385879508000187], [7.021341210000116, 4.393061645000159], [7.021790079000027, 4.396653185000162], [7.027176820000136, 4.401590802000044], [7.020892208000078, 4.409222112000123], [7.012362932000087, 4.413711555000077], [7.014607428000033, 4.425383074000081], [7.024483334000024, 4.430320749000145], [7.030755098999975, 4.433560856000099], [7.039190836000103, 4.434765836000111], [7.049795188000189, 4.437175731000139], [7.05582050400011, 4.437417018000076], [7.060640673000023, 4.438139899000134], [7.064979046000076, 4.440068256000075], [7.071486387, 4.441755269000112], [7.077454146000036, 4.446481256000084], [7.079228374000138, 4.448738580000168], [7.077903228000082, 4.451868035000018], [7.072338119000108, 4.45595407999997], [7.065028127000176, 4.462071908999974], [7.05867719400004, 4.472379219000175], [7.058772042000044, 4.482635032000076], [7.06162395400014, 4.492402085000094], [7.072209368000074, 4.504900476000103], [7.063216332000081, 4.515233029000115], [7.055504774000099, 4.527882093000073], [7.051494975000026, 4.542366038000068], [7.04974797, 4.552636146], [7.051704858000107, 4.565207941000097], [7.06008569200003, 4.575397967000129], [7.059307015000172, 4.590788848000045], [7.052930844000116, 4.598299073000135], [7.059001105000107, 4.607574005000174], [7.058175166000069, 4.617836929000077], [7.059288981000122, 4.638806834000036], [7.052904254000055, 4.645384776000014], [7.047005281, 4.654756032000023], [7.046089308000148, 4.656579689000012], [7.018652243000076, 4.640433804], [7.013822494000067, 4.639549518000024], [7.009550721000039, 4.64067017800005], [7.006404030000169, 4.644084882000129], [7.003526164000107, 4.650360863000117], [7.003156523000143, 4.666088347000027], [7.002799253999967, 4.679527865000011], [7.003327763000129, 4.686966492000067], [7.005000159000133, 4.693267463000154], [7.006666404000043, 4.700712311000075], [7.008776249000107, 4.705556461000185], [7.007429052000077, 4.706818102], [6.997842688000048, 4.715751198000021], [6.988261175000162, 4.725151044000029], [6.982153021000101, 4.740253907000067], [6.992082203000109, 4.748951958000077], [7.00208701400004, 4.743642346000058], [7.001783731999978, 4.747732173000145], [7.002251526000123, 4.754977211000096], [7.002769599000089, 4.757153042000084], [7.008177887000159, 4.768442633000063], [7.008842114000117, 4.772504821000098], [7.00285908800015, 4.773252977000027], [6.992669656000146, 4.768298175000041], [6.984723600999985, 4.763156849000097], [6.976310332000139, 4.755911826000045], [6.963924062000046, 4.754275807000113], [6.963653598000064, 4.758809112000165], [6.966072217000089, 4.765420008000035], [6.964624873000048, 4.77110242100008], [6.958081379000078, 4.775075424000079], [6.954809697000087, 4.773673540000061], [6.949200522000069, 4.772738456000184], [6.944994023999982, 4.779983532000074], [6.944292920000066, 4.785826215999975], [6.940553803000057, 4.794005381000034], [6.929569842000092, 4.794005390000109], [6.924428006000142, 4.794706810999969], [6.92512889, 4.788864143000069], [6.918585401000144, 4.784891131000165], [6.912041641000144, 4.791902095000125], [6.906433152000147, 4.793538114], [6.893345264000118, 4.791668387000129], [6.887269006999986, 4.797744733000172], [6.881625240000119, 4.794528037000134], [6.874882570000182, 4.788163196000085], [6.86717087400018, 4.782320520000042], [6.86343137800003, 4.774140791000093], [6.866937159000145, 4.764091485000108], [6.875279807000084, 4.755416840000123], [6.881657005000022, 4.747908117000122], [6.893136062000053, 4.744553079000184], [6.9046020830001, 4.739800011], [6.912828052000123, 4.733208229000127], [6.918272033000164, 4.724307981000038], [6.924643966000019, 4.716330981999988], [6.929156676000048, 4.706504832], [6.925823100000059, 4.694410757000071], [6.915170149000176, 4.687501888000156], [6.904569239000011, 4.686188227000059], [6.896359091000022, 4.694643956000107], [6.888601663000145, 4.702165095000055], [6.880817847, 4.706889146000037], [6.870254906000071, 4.709770207000133], [6.865133850000063, 4.712789496000084], [6.860639111000012, 4.71543979400019], [6.8495430050001, 4.710400128000117], [6.83801685300017, 4.708625782000183], [6.837515527999983, 4.709327681000104], [6.835391606000144, 4.709172645000024], [6.833107785999971, 4.710589023000182], [6.831956602000105, 4.712870111000086], [6.829853500000183, 4.717809968000154], [6.821998086, 4.719009861000075], [6.811021864999987, 4.72702217300008], [6.804232970000044, 4.739664106000077], [6.797656790000076, 4.749465291000035], [6.786231668000084, 4.7486299360001], [6.783378496000125, 4.750042544000053], [6.781087330000105, 4.752602529000058], [6.780504619000112, 4.754886916000146], [6.782764812000153, 4.757474551000143], [6.785878438, 4.760067413000058], [6.790966873000116, 4.763737546000073], [6.790648977000103, 4.764480145000164], [6.79349284500006, 4.773314949000167], [6.795415854000112, 4.782156937000082], [6.78952663300015, 4.792049524000106], [6.788268584999969, 4.79326520799998], [6.786677006, 4.794920985000147], [6.785690869000064, 4.796126293000043], [6.784855116000074, 4.797332436999966], [6.784090432000028, 4.799296038000023], [6.783440440999982, 4.802381327000091]]]}}, {"type": "Feature", "properties": {"adm2_name": "Eastern Obolo", "adm2_name1": null, "adm2_name2": null, "adm2_name3": null, "adm2_pcode": "NG003002", "adm1_name": "Akwa Ibom", "adm1_name1": null, "adm1_name2": null, "adm1_name3": null, "adm1_pcode": "NG003", "adm0_name": "Nigeria", "adm0_name1": null, "adm0_name2": null, "adm0_name3": null, "adm0_pcode": "NG", "valid_on": "2019-04-17", "valid_to": null, "area_sqkm": 122.93438546, "version": "v01", "lang": "en", "lang1": null, "lang2": null, "lang3": null, "adm2_ref_name": "Eastern Obolo", "sendist_en": "Akwa Ibom South", "sendistpcode": "NG00303", "center_lat": 4.51471019, "center_lon": 7.69642569}, "geometry": {"type": "Polygon", "coordinates": [[[7.81402588900005, 4.555246835000105], [7.810712675000161, 4.564408781000054], [7.792990989999964, 4.559072014000151], [7.780985034000139, 4.555511980000119], [7.769552410000074, 4.551957153000046], [7.754680294000025, 4.548374164000165], [7.736367111000106, 4.544763085000056], [7.732937588000141, 4.543580993000148], [7.727788838000095, 4.54238510600004], [7.722067570000149, 4.541183952000154], [7.71805373300009, 4.541152009000086], [7.713479253000173, 4.539960867000104], [7.708910197000137, 4.538191793000124], [7.705474869000113, 4.537588111000105], [7.700337656000045, 4.535236830000144], [7.695768164000128, 4.533469219000153], [7.691198146000033, 4.531701084000133], [7.686623321000127, 4.530509010000117], [7.683188654000048, 4.529904841000132], [7.678607862000149, 4.52929114900013], [7.675149755000064, 4.530993966000096], [7.673408187000064, 4.533288014], [7.67280505400015, 4.536169987000164], [7.673934876000033, 4.537909987000091], [7.676210857000115, 4.539659986000174], [7.677914342000122, 4.541405188000169], [7.680856257000073, 4.543918005000137], [7.679848982000124, 4.547014435], [7.677569576, 4.549957267000138], [7.672269357000175, 4.547625095000114], [7.669291182000052, 4.543643942000131], [7.667003156000078, 4.543047902000183], [7.665299711999978, 4.541303149000157], [7.663152470000171, 4.540628444], [7.65839521800018, 4.538608518000046], [7.655315723, 4.537666915000045], [7.65130519700017, 4.53858233], [7.646360708000088, 4.541974969000137], [7.641119121000088, 4.542265518000136], [7.639277494000055, 4.540088045000175], [7.637121125000021, 4.539769893000141], [7.633119713999974, 4.538204437000104], [7.627574333999974, 4.537253336], [7.625551105, 4.537245706000078], [7.624053905000153, 4.537507042000016], [7.622345146000043, 4.536338812], [7.621215594000034, 4.534597856], [7.618371790000083, 4.532267075000163], [7.616090023000027, 4.531094068000186], [7.612661008000089, 4.529911971], [7.609239256000137, 4.528152959000124], [7.605833072000053, 4.524662013000125], [7.607563923000157, 4.523521904], [7.61043698900005, 4.522967819000087], [7.612740876000146, 4.521831984000187], [7.613966753000057, 4.519003854000118], [7.620223868000039, 4.519007207000129], [7.623083191000092, 4.517307776000109], [7.621386789000098, 4.513915520000126], [7.627155775000119, 4.513868790000117], [7.626687293000032, 4.511583338000037], [7.623761172000172, 4.509223914000074], [7.620751084000119, 4.509039396000048], [7.617396389000135, 4.511308674000077], [7.615874758000075, 4.506283272000076], [7.608666151000079, 4.506283283000187], [7.607394534000093, 4.507979399000021], [7.605698588000109, 4.511795497000094], [7.603790393000054, 4.51497555800006], [7.600781662000031, 4.51531599100008], [7.597739210000043, 4.520084921000148], [7.595886137000093, 4.521008027000107], [7.592803948000096, 4.520996129000025], [7.590650103000144, 4.520057553000186], [7.589797397999973, 4.519427760000042], [7.586975126000084, 4.51816081700008], [7.583649864000108, 4.517519499000116], [7.582377281000049, 4.512855518000151], [7.57792544800003, 4.51327944600007], [7.575560062000079, 4.512875086000179], [7.572136951000061, 4.511116032000132], [7.568478177000031, 4.507408146000103], [7.573728836999976, 4.505969059000108], [7.580324988000143, 4.502052306000166], [7.587333648000083, 4.494837760000053], [7.590631859000041, 4.490302559000099], [7.592693426000153, 4.48432445300017], [7.593930454000031, 4.477109445000053], [7.595991411000114, 4.467421069000125], [7.597398291000161, 4.464844716000187], [7.601477413000168, 4.467884063000042], [7.608242363000159, 4.470029841000098], [7.615874860000076, 4.472149843000011], [7.62308326100009, 4.471725441000103], [7.626475117999973, 4.47384595800014], [7.634319815000083, 4.475753814000086], [7.645344190000174, 4.481478209000045], [7.654248551000023, 4.485718229000042], [7.661032939, 4.489958297000044], [7.664629981000076, 4.493393904000129], [7.677203176000091, 4.497536172000025], [7.683504874000107, 4.498164166000151], [7.690928695000025, 4.501110090000168], [7.696644937000144, 4.502888223000127], [7.706392001000154, 4.502965930000073], [7.714414028000135, 4.503608220000103], [7.722423119000155, 4.505404000000169], [7.729286198000182, 4.507191180000063], [7.736148792999984, 4.508977895000044], [7.743596860000139, 4.509614974999977], [7.752752832000112, 4.511421209000048], [7.763629724000168, 4.51323983900005], [7.769924845000105, 4.514444818000186], [7.785371033000047, 4.518033016000061], [7.797979065000163, 4.518712047000065], [7.807140785000058, 4.519939891000035], [7.824886114000037, 4.522970227000087], [7.81402588900005, 4.555246835000105]]]}}, {"type": "Feature", "properties": {"adm2_name": "Ekeremor", "adm2_name1": null, "adm2_name2": null, "adm2_name3": null, "adm2_pcode": "NG006002", "adm1_name": "Bayelsa", "adm1_name1": null, "adm1_name2": null, "adm1_name3": null, "adm1_pcode": "NG006", "adm0_name": "Nigeria", "adm0_name1": null, "adm0_name2": null, "adm0_name3": null, "adm0_pcode": "NG", "valid_on": "2019-04-17", "valid_to": null, "area_sqkm": 1815.49232015, "version": "v01", "lang": "en", "lang1": null, "lang2": null, "lang3": null, "adm2_ref_name": "Ekeremor", "sendist_en": "Bayelsa West", "sendistpcode": "NG00603", "center_lat": 4.94131089, "center_lon": 5.71546452}, "geometry": {"type": "Polygon", "coordinates": [[[5.974926594000067, 5.137524633000169], [5.972455546000049, 5.140614041], [5.964244911000094, 5.149107441000012], [5.960538769000038, 5.157218504000127], [5.946052103000113, 5.164227987], [5.933200709000062, 5.164695254000037], [5.927826474000142, 5.160723214000029], [5.927592717000039, 5.154881967000165], [5.926891694000062, 5.139927867000097], [5.921751381000092, 5.135020723000139], [5.917545344000189, 5.134086100000161], [5.916377159000035, 5.131515987000057], [5.915909672, 5.117496488000143], [5.91450797900012, 5.10814997600005], [5.909367476000114, 5.104878911000185], [5.896516428000155, 5.104411596000148], [5.885300594000114, 5.099972220000041], [5.882730492000121, 5.101841447000027], [5.881353491000141, 5.109508999000127], [5.880772718000117, 5.109508978], [5.877645029000064, 5.105258426000034], [5.877892463000137, 5.100305093000088], [5.878387959000065, 5.097085956000114], [5.877645095000048, 5.091389670000069], [5.874425489000146, 5.086188817000107], [5.871701311000152, 5.08123537900002], [5.870214984000029, 5.076034514000014], [5.869472159000111, 5.071081665000122], [5.867738782000117, 5.068109542000172], [5.864981263000118, 5.06947180800006], [5.86308203800013, 5.074440049000032], [5.857383133000098, 5.077362560000154], [5.853145639000161, 5.075462818000176], [5.851976338000156, 5.070202789000064], [5.848323709000169, 5.06654975400005], [5.840871458000038, 5.067572590000111], [5.839995037999984, 5.070786953999971], [5.839510986999983, 5.074536299000158], [5.840579176, 5.080577382000058], [5.840140873000053, 5.083061213000121], [5.835318976000167, 5.082476580000161], [5.830643178000173, 5.080285091000121], [5.825529070000186, 5.077508471000044], [5.822606631000042, 5.075755112000024], [5.820268610000142, 5.075170501000059], [5.817346124999972, 5.077362532000166], [5.815300339000032, 5.081892475000075], [5.814131321000104, 5.084522210000102], [5.809017251000057, 5.086421954000116], [5.805510590000097, 5.083645836000073], [5.803610923000065, 5.081892521000043], [5.797473973000137, 5.083061236000049], [5.79133648300018, 5.085837352000055], [5.789145087000065, 5.084376356000121], [5.789875405000089, 5.078677638000045], [5.788122132000069, 5.07254079900008], [5.784176763, 5.06932594400007], [5.780443276000085, 5.064958573000126], [5.779018868000037, 5.058013916999982], [5.775635688000023, 5.057479848000128], [5.77349907700011, 5.061219238999968], [5.769225630000108, 5.063355909000052], [5.764239769000142, 5.064246206000064], [5.758363806000034, 5.06104086300013], [5.75195351800005, 5.053740537000067], [5.748570415000188, 5.053206421000141], [5.743050556000071, 5.055699344000061], [5.736462249000056, 5.056589634000034], [5.73058613000012, 5.054452857000058], [5.728449450000085, 5.05071357300011], [5.724531990000173, 5.041098104000071], [5.719368480000128, 5.030948630000125], [5.710287135000044, 5.023826131000135], [5.702096331, 5.022935913000026], [5.691234724000083, 5.024182351000093], [5.682153776000121, 5.027921664000132], [5.675565157000051, 5.029880018000028], [5.666662267000049, 5.028277832000128], [5.663456905000089, 5.02400448800006], [5.663457027000049, 5.018840308000165], [5.663635225000064, 5.015100933000099], [5.661808871000119, 5.012883646000091], [5.656670524000162, 5.011776454000142], [5.647893368000098, 5.011776474000101], [5.642328626000108, 5.015602131000037], [5.632938843999966, 5.01838399900015], [5.625288025000145, 5.026035316000048], [5.619723407000151, 5.034729503000051], [5.61102905600012, 5.038902728000153], [5.599204434000171, 5.042380817000037], [5.590857994000032, 5.043424136000112], [5.58564131900016, 5.047944979000022], [5.58459816800007, 5.055248279000125], [5.569295901999965, 5.056291589000125], [5.550863648000075, 5.055596376999972], [5.544603860000109, 5.058030618000032], [5.533127232000027, 5.062899586000015], [5.524085055000114, 5.068811905000075], [5.516781933, 5.08063604900002], [5.511565091000023, 5.088287346000072], [5.502870472000154, 5.092460618000075], [5.49382816200017, 5.091764928000032], [5.48513408000008, 5.090373984000053], [5.479221714000118, 5.091764955000144], [5.475568261000035, 5.092287110000086], [5.472823178000056, 5.092679033000081], [5.470508622000182, 5.093212600000072], [5.469124432000058, 5.095749861000172], [5.467469329000153, 5.101708910000184], [5.46930175000017, 5.106533507000108], [5.472471716000086, 5.11234565400008], [5.472676213000057, 5.117664788000184], [5.469812470000136, 5.123188525999979], [5.465311421000138, 5.124825462000047], [5.458969198000034, 5.128303504000087], [5.453240863000076, 5.130758315000037], [5.447512706000168, 5.134850023000013], [5.441579827000169, 5.138941773], [5.436465232000046, 5.141396493000059], [5.4320478140001, 5.141510015000051], [5.428486337000038, 5.141601066000021], [5.424455113000079, 5.140861983000093], [5.418285415000128, 5.139730946000043], [5.416211545000124, 5.139350882000031], [5.413113525000142, 5.138521217000061], [5.404754753000077, 5.136281945], [5.401748316000067, 5.135847599000158], [5.3967108330001, 5.135118987000112], [5.393129501000089, 5.134601102000147], [5.390386946999968, 5.134204888000056], [5.390477593000014, 5.13038685000015], [5.388474377000023, 5.129208557000084], [5.386053695000101, 5.127846724000108], [5.38255224400001, 5.128028412000049], [5.380234769000026, 5.126704234999977], [5.381227973000136, 5.119421001000092], [5.386028395000153, 5.108164748000036], [5.38697566899998, 5.106974756000113], [5.388754130000166, 5.094258739000054], [5.390042550000032, 5.086366413], [5.405449268000041, 5.058546806000095], [5.42643664700006, 5.016795394999974], [5.436731351000105, 5.005872827000076], [5.439575156000103, 4.999604189000081], [5.442009963000032, 4.990214387000151], [5.447226638000132, 4.978389731], [5.449813817000063, 4.968125836000127], [5.448617368999976, 4.955089092000094], [5.448617322000075, 4.944307811000044], [5.451399766000065, 4.935961257000088], [5.457312186000081, 4.92657139500011], [5.464962844000183, 4.916833378999968], [5.463919595000107, 4.894923691000145], [5.463919744000179, 4.890750412000045], [5.468092809000041, 4.882055756000057], [5.470875376000151, 4.877882516000113], [5.475396171, 4.866405954000186], [5.480960826000114, 4.857711789000177], [5.492785023000124, 4.83754064600015], [5.500088195000046, 4.8264117330001], [5.505305216000181, 4.818760351000151], [5.510521767000057, 4.81250048600009], [5.513999362000106, 4.8055453610001], [5.520259286000055, 4.793025008000029], [5.526171583000121, 4.784678483000164], [5.531040629000131, 4.774245244000156], [5.533127375000106, 4.767289621000089], [5.533822564000161, 4.762420684000176], [5.531040661000134, 4.760333986000035], [5.539734769000063, 4.752683138000066], [5.545647080000094, 4.749553174000084], [5.559906065000121, 4.741206648000116], [5.564774911000086, 4.737380985000073], [5.566681877000121, 4.727214816000128], [5.569565662000116, 4.722613831], [5.577991946000054, 4.72726963700012], [5.583527466000135, 4.727528095000025], [5.588767574000087, 4.730368164000083], [5.595687786000155, 4.735066904000178], [5.596521980999967, 4.740338333000125], [5.597630160000108, 4.744769594000047], [5.602060858000073, 4.744400532999975], [5.605015312000091, 4.739599701000145], [5.607599773000175, 4.738492010000073], [5.610184678000053, 4.738861558999986], [5.610184707000144, 4.730368119000161], [5.616198945000065, 4.729592801000138], [5.620523989000162, 4.728891380999983], [5.62126251900014, 4.73295309000008], [5.620893557000159, 4.737384283000154], [5.624456919000124, 4.738062862000106], [5.627540090000025, 4.732584007000185], [5.630494031000126, 4.732953087000169], [5.631246597000029, 4.736355297000102], [5.626801464000039, 4.740707890000067], [5.625324784000099, 4.743661874000054], [5.632462921000126, 4.741853239000079], [5.644756776000122, 4.737917948000188], [5.647687917000042, 4.747624887000143], [5.644182278000187, 4.756051059000129], [5.642523662000087, 4.765374208000139], [5.647110853000129, 4.768771632000039], [5.648652107000089, 4.77455898400018], [5.665574052000181, 4.783542184], [5.674067375000106, 4.785388498000032], [5.682929421999972, 4.781326748000026], [5.689576243999966, 4.778741845000127], [5.694038546000058, 4.784626456000012], [5.696592315000089, 4.792773716], [5.695484667000073, 4.801636204000033], [5.696592426000166, 4.810498198000175], [5.701392787000088, 4.812344582000151], [5.70434676400015, 4.809021501000075], [5.711542064000071, 4.805975910000086], [5.714316969000038, 4.808651931000099], [5.720225295000034, 4.806436526000027], [5.724267129000168, 4.800641084000119], [5.735364964000098, 4.798312654000028], [5.755305339000017, 4.79609726800004], [5.766013692000058, 4.800528070000155], [5.767859957000155, 4.812344543000052], [5.77155253400008, 4.814560406000169], [5.781522844000051, 4.807175136000183], [5.785584992000111, 4.803482491000125], [5.797201061000123, 4.805858131000036], [5.812435063000066, 4.812095144000125], [5.827633872000035, 4.816473008000173], [5.836880079000082, 4.820957140000075], [5.84565111500018, 4.824519176000138], [5.860426930000187, 4.830763849000164], [5.878451758000097, 4.839273909000156], [5.895068154000057, 4.84595201500008], [5.904332281000165, 4.85136414800013], [5.917743171000097, 4.858098035000125], [5.930211977000056, 4.86345294900002], [5.942688806999968, 4.869274132000157], [5.953774841000097, 4.874189876000116], [5.967160130000138, 4.879528984999979], [5.977788088000011, 4.884452829000111], [5.992608017000123, 4.89302111100011], [5.988237851000179, 4.904250132000072], [5.982469129000037, 4.914111156999979], [5.980811077000112, 4.923432849000164], [5.980174890000171, 4.938313959000027], [5.985957968000093, 4.9535469650001], [5.989848183000049, 4.965559957000039], [5.992520872000114, 4.985959075000153], [5.993163003, 4.995706076000033], [5.993061896000086, 5.014759982000044], [5.992338278000091, 5.024995768], [5.993516061000093, 5.038916123000092], [5.992317186000093, 5.048230155000169], [5.978823139000156, 5.061480017000065], [5.971264908000137, 5.073695230000112], [5.966843171000107, 5.082137131000025], [5.962886757000149, 5.09103586800012], [5.959865181000055, 5.10084816300008], [5.966450345000112, 5.110024913000188], [5.970254995000175, 5.128180965000126], [5.974926594000067, 5.137524633000169]]]}}, {"type": "Feature", "properties": {"adm2_name": "Eket", "adm2_name1": null, "adm2_name2": null, "adm2_name3": null, "adm2_pcode": "NG003003", "adm1_name": "Akwa Ibom", "adm1_name1": null, "adm1_name2": null, "adm1_name3": null, "adm1_pcode": "NG003", "adm0_name": "Nigeria", "adm0_name1": null, "adm0_name2": null, "adm0_name3": null, "adm0_pcode": "NG", "valid_on": "2019-04-17", "valid_to": null, "area_sqkm": 166.20595768, "version": "v01", "lang": "en", "lang1": null, "lang2": null, "lang3": null, "adm2_ref_name": "Eket", "sendist_en": "Akwa Ibom South", "sendistpcode": "NG00303", "center_lat": 4.63581374, "center_lon": 7.95717976}, "geometry": {"type": "Polygon", "coordinates": [[[8.022169261000101, 4.69251298100005], [8.015862710000135, 4.692461940000044], [8.013001573000054, 4.691862088000107], [8.010145942000122, 4.690683838000155], [8.007290879000095, 4.689507030000129], [8.003294131000132, 4.68774315100012], [8.000439684000128, 4.68656588500005], [7.997022380000033, 4.684228878000056], [7.994733526000175, 4.683633772], [7.991879138000058, 4.68245601100017], [7.989018119000036, 4.681856174000188], [7.986157109000089, 4.68125583200009], [7.984426143000064, 4.682395955000175], [7.98211462200004, 4.684109170999989], [7.980372016000103, 4.686404225], [7.978056053000046, 4.688693978], [7.976295090000121, 4.692718943000045], [7.973394078000069, 4.696158892000028], [7.971663002000184, 4.697299028000032], [7.968801900000074, 4.696699125000066], [7.965963590000058, 4.693790003000061], [7.962553125000056, 4.690876970000147], [7.960849849000169, 4.689132224000048], [7.958012231, 4.686223041000119], [7.956302871000162, 4.685054775000083], [7.954038055000183, 4.682150868000065], [7.95232984900008, 4.680983068999979], [7.949473925, 4.67980482300004], [7.946607973000027, 4.679781917000071], [7.943150248, 4.681486143000029], [7.939102965000075, 4.68491599400005], [7.936212885000032, 4.687200993000033], [7.933322767, 4.689486951000163], [7.931013233000044, 4.691198794000115], [7.929268581000144, 4.693492894000087], [7.925800542000161, 4.696351057000015], [7.921185226000034, 4.699200124000129], [7.917148800000177, 4.70147605600016], [7.91425902400016, 4.703761087000089], [7.912522083000056, 4.705478203000098], [7.910211778000132, 4.707190986000114], [7.907332632000134, 4.708322065], [7.904448952999985, 4.710030054000015], [7.902718147000144, 4.711171123000042], [7.899261070000023, 4.712873954000145], [7.896955203000118, 4.714009720000149], [7.893504299000028, 4.715136016000088], [7.888337831000115, 4.715672064000046], [7.884892004000051, 4.716220866000128], [7.883206036000161, 4.712744273000169], [7.883263999000064, 4.706974019000029], [7.883292991000133, 4.704088216000116], [7.884484563000171, 4.699481009000181], [7.886806849000095, 4.696612813], [7.889122876000158, 4.694323992000079], [7.89144621600019, 4.691455844000075], [7.892609871000104, 4.689733991000026], [7.893778618000056, 4.687435132000132], [7.892660882000143, 4.684541269000079], [7.891548864000129, 4.681068917000175], [7.890419274000124, 4.679327994000118], [7.888722075000146, 4.677005815000086], [7.885883976000059, 4.674097048000021], [7.884181141000113, 4.672351813000091], [7.881365870000138, 4.667134760000181], [7.87966933600012, 4.664813022000089], [7.879125079000119, 4.66192198900012], [7.879152973000089, 4.659037104000049], [7.879755242000101, 4.656156025000143], [7.880351825000162, 4.653852001000132], [7.880947827000114, 4.651548901000183], [7.88212277000008, 4.64867303800014], [7.883865830000047, 4.64637804400013], [7.885598066, 4.645236974000056], [7.88789674700007, 4.644679092000104], [7.890775456000085, 4.643548015000022], [7.893080331000135, 4.642412191], [7.89481706600003, 4.640695109000035], [7.898262724, 4.640145787000108], [7.90055681900003, 4.640163868000059], [7.903411728000094, 4.641342163000104], [7.907419339000114, 4.64195104200013], [7.910280488000126, 4.64255094900011], [7.912574024000037, 4.642570026000044], [7.915458260000094, 4.640861992999987], [7.916639094000118, 4.637407776000089], [7.916088960000081, 4.635096095000051], [7.915537699000026, 4.632781965999982], [7.914409265000074, 4.631042044000083], [7.913279150000108, 4.629301038000108], [7.911582038000176, 4.626978871000063], [7.910451949000048, 4.625237949000109], [7.90874979400013, 4.623493180000082], [7.907625950000067, 4.621175747999985], [7.907074758000135, 4.618863087000022], [7.909971238000139, 4.616000203000112], [7.911702123999987, 4.614860079000152], [7.913434145000053, 4.613718969000047], [7.916891348000036, 4.612016224000115], [7.919195964000096, 4.610879882000063], [7.922653114000127, 4.609177083000134], [7.92438505299998, 4.608036976], [7.926115860000152, 4.6068959320001], [7.92786518700018, 4.604024872000082], [7.928461937000179, 4.60172084200002], [7.927343087000168, 4.598825927000064], [7.925640955000176, 4.597081162], [7.920497026000078, 4.595307832000174], [7.917057990000103, 4.59528017700012], [7.913037910000014, 4.595825202000185], [7.909593241000039, 4.5963740360001], [7.906720040999971, 4.596928146000153], [7.903841746000126, 4.598059202000115], [7.901543395000147, 4.598618037000051], [7.899242776000108, 4.59917594500007], [7.896938742000088, 4.600312219000102], [7.894060963000072, 4.601442791000011], [7.892328961000146, 4.602582902000108], [7.889473831000146, 4.601406091000172], [7.889497083000094, 4.599098172000083], [7.888946040000064, 4.596785055000112], [7.889543021000179, 4.594481015000099], [7.890768761000174, 4.586410975000092], [7.89252392700007, 4.58296204300018], [7.893119759, 4.580657955000163], [7.895441777000087, 4.577791215000104], [7.896606179000173, 4.576068885000041], [7.897769997000182, 4.574347031000059], [7.89893382300005, 4.572625155000026], [7.900097622000146, 4.570902831000183], [7.896824106000167, 4.554140104000112], [7.910556116, 4.55713603800001], [7.915124673000093, 4.558905149000111], [7.919133101000114, 4.559514054000147], [7.921982943000046, 4.561267863000012], [7.924837862000061, 4.562446124000076], [7.927692784000044, 4.563622937000048], [7.931128174000094, 4.564228059000186], [7.940237742000079, 4.570651047000126], [7.947077944000114, 4.57474613100004], [7.953373011000053, 4.575951098000189], [7.960809983000047, 4.577742128000011], [7.969381109000096, 4.580697054000098], [7.975683014000083, 4.581325986000081], [7.981392957000082, 4.583680160000029], [7.987682780000114, 4.585462095000082], [7.993427050999969, 4.584353904000125], [7.99745790500009, 4.582654961000173], [8.000910045000069, 4.581529131000082], [8.003776373999983, 4.581552984000041], [8.00835115500007, 4.582744123000111], [8.01004869100018, 4.585065843000166], [8.010593293000113, 4.587955963000013], [8.010570246999976, 4.590263851000032], [8.009963048000088, 4.593721880000032], [8.009939994000149, 4.59603119500008], [8.008764524000071, 4.598906968999984], [8.0081682820001, 4.601211075000037], [8.007560471000033, 4.604669115000149], [8.006356402000108, 4.610429792000104], [8.005181424000057, 4.613307037000084], [8.004005309000036, 4.616182793000121], [8.003385327000046, 4.620794774999979], [8.001185860000078, 4.624681265000049], [7.997900841000103, 4.636531393000155], [7.998692926000047, 4.644303316000105], [8.005180063000068, 4.651273067999966], [8.012484555000128, 4.657018022000159], [8.018579966000061, 4.658670246000099], [8.019617529000186, 4.660772042000076], [8.01957816300012, 4.664789197000175], [8.020684206000055, 4.668838048000055], [8.021206028000108, 4.674036993000072], [8.02118304400011, 4.676344914000026], [8.021704887000055, 4.681542857000125], [8.021641924999983, 4.687891025999988], [8.022169261000101, 4.69251298100005]]]}}, {"type": "Feature", "properties": {"adm2_name": "Eleme", "adm2_name1": null, "adm2_name2": null, "adm2_name3": null, "adm2_pcode": "NG033009", "adm1_name": "Rivers", "adm1_name1": null, "adm1_name2": null, "adm1_name3": null, "adm1_pcode": "NG033", "adm0_name": "Nigeria", "adm0_name1": null, "adm0_name2": null, "adm0_name3": null, "adm0_pcode": "NG", "valid_on": "2019-04-17", "valid_to": null, "area_sqkm": 136.5952792, "version": "v01", "lang": "en", "lang1": null, "lang2": null, "lang3": null, "adm2_ref_name": "Eleme", "sendist_en": "Rivers South East", "sendistpcode": "NG03302", "center_lat": 4.78498511, "center_lon": 7.14886228}, "geometry": {"type": "Polygon", "coordinates": [[[7.181752315000097, 4.838303095000072], [7.171194131000107, 4.841650002000165], [7.162012195000159, 4.844520091000049], [7.156810308000047, 4.847841290000133], [7.156295280000052, 4.849681779000093], [7.155752107000183, 4.849896923000131], [7.154559983000127, 4.849890889000164], [7.153204592000122, 4.850143236000179], [7.152400119000106, 4.850656952000065], [7.138498793999986, 4.840977150000128], [7.12837501000007, 4.841523141999971], [7.11733003900008, 4.842076818000123], [7.103980116000116, 4.842183095000166], [7.093821005000052, 4.839000247000058], [7.084094042000174, 4.832550069000149], [7.078478740999969, 4.822803970000109], [7.076556321999988, 4.813961973000119], [7.076466046000178, 4.804173021000054], [7.083724056000108, 4.792459927999971], [7.093305995000037, 4.783060058000103], [7.099184157000025, 4.771358009000096], [7.099401089000082, 4.770882609000182], [7.097623790000171, 4.767262070000186], [7.097060752000118, 4.76611523300005], [7.097354090000067, 4.764400826000042], [7.098776431999966, 4.764408249000041], [7.101719412000136, 4.765807627000186], [7.103244756000038, 4.762467886000024], [7.106851017000054, 4.754047851000109], [7.111846029, 4.746550128000138], [7.117301856000154, 4.73904706999997], [7.136040179000076, 4.723979949000068], [7.14520625800003, 4.722978357000159], [7.147351914000126, 4.721760108000126], [7.151056785000151, 4.720348963], [7.155036019000079, 4.720941120000077], [7.158726261000027, 4.722389752000026], [7.16439649400013, 4.726136234000023], [7.165070151, 4.726546780999968], [7.175617120000027, 4.735705880000125], [7.183183162000091, 4.743652804000021], [7.195190844000081, 4.747754083000189], [7.193439050000109, 4.757557879999979], [7.197207795000054, 4.766851891000101], [7.203258167000115, 4.773797042000183], [7.20691819700005, 4.786910153000065], [7.199629827000081, 4.792089363000116], [7.193905198000095, 4.799210729000151], [7.190458920000083, 4.805771398000047], [7.189531808000083, 4.811416795000071], [7.188416890000042, 4.812142829000095], [7.180681267000125, 4.821993856000063], [7.181752315000097, 4.838303095000072]]]}}, {"type": "Feature", "properties": {"adm2_name": "Emohua", "adm2_name1": null, "adm2_name2": null, "adm2_name3": null, "adm2_pcode": "NG033010", "adm1_name": "Rivers", "adm1_name1": null, "adm1_name2": null, "adm1_name3": null, "adm1_pcode": "NG033", "adm0_name": "Nigeria", "adm0_name1": null, "adm0_name2": null, "adm0_name3": null, "adm0_pcode": "NG", "valid_on": "2019-04-17", "valid_to": null, "area_sqkm": 833.00098329, "version": "v01", "lang": "en", "lang1": null, "lang2": null, "lang3": null, "adm2_ref_name": "Emohua", "sendist_en": "Rivers East", "sendistpcode": "NG03301", "center_lat": 5.03159903, "center_lon": 6.76356862}, "geometry": {"type": "Polygon", "coordinates": [[[6.848985212000059, 5.249797784000179], [6.83609494600006, 5.249899879000168], [6.833809237000025, 5.250541248000047], [6.830335692000119, 5.251515906], [6.82709275000002, 5.252425641000059], [6.82428223200003, 5.254179503000046], [6.818213014000037, 5.257966936000173], [6.811363326000105, 5.264082010000038], [6.803584090000015, 5.269271775], [6.7944498600001, 5.277269841000077], [6.778754197000012, 5.272731793000105], [6.768187160000139, 5.275146956000015], [6.756681821000029, 5.275703908000082], [6.742261570000153, 5.273319292000167], [6.737475767000035, 5.276264986000172], [6.734052121000104, 5.277101694000123], [6.73206334300005, 5.276231387000166], [6.730939776000071, 5.273650492], [6.730957420000095, 5.270790738000187], [6.730978592999975, 5.267359007000039], [6.730703554000058, 5.263938992000135], [6.727502819000165, 5.256822082000099], [6.720469067000124, 5.242890806000105], [6.717160098000022, 5.233593024000186], [6.710107806, 5.217799108000065], [6.715516984000089, 5.205167698000139], [6.715847848000124, 5.191180205000023], [6.717530319000161, 5.182233936000102], [6.717951837000044, 5.177526019000027], [6.715079145000061, 5.175068372000169], [6.712953403000029, 5.172425757000099], [6.710843479000062, 5.1672017140001], [6.710051110000109, 5.164519607000159], [6.709212105000063, 5.161645983000085], [6.708332420000033, 5.157672566000031], [6.708053052000025, 5.156666879000056], [6.708056328000112, 5.156141051000077], [6.708296792000112, 5.15571231500013], [6.709010063000051, 5.155860199000074], [6.712353191000091, 5.156850350000013], [6.705283215000065, 5.143711055000097], [6.701036033000037, 5.132555038000135], [6.696308158000079, 5.119072958000174], [6.697516952000058, 5.100416162000158], [6.698338961000161, 5.089686897000149], [6.696355685000185, 5.074317969000049], [6.690659898000092, 5.05571511100004], [6.690530757000147, 5.041729954000118], [6.689030257000184, 5.028687960000127], [6.684774986999969, 5.016601111000057], [6.678204992000019, 5.003132832000119], [6.66888709, 4.991085982000072], [6.672953088000156, 4.982662238000103], [6.679333177000046, 4.975617901000021], [6.681063198000118, 4.963482837000129], [6.679566027000135, 4.950908229000106], [6.676258174000054, 4.941609882000023], [6.66788490600004, 4.932353049000142], [6.677939774000095, 4.924346949000096], [6.68524206100011, 4.917295949000049], [6.669201866000094, 4.90518188700014], [6.677360604000171, 4.897401346000038], [6.690041102000066, 4.902914484], [6.698310924000054, 4.901260891000106], [6.693899995000038, 4.892439406], [6.687284456000043, 4.888580324000088], [6.677111126000113, 4.884261160000108], [6.676809260000027, 4.877553903000035], [6.682873769000082, 4.870937825000055], [6.693087182, 4.869215028000099], [6.702170335000062, 4.868181211000092], [6.702690229000098, 4.862145949000023], [6.710920802000146, 4.856020011000169], [6.720118957000125, 4.855014790000041], [6.721845175000112, 4.84241390800014], [6.720369765999976, 4.832170001000122], [6.726285861, 4.824663139000052], [6.737760944000115, 4.820843220000086], [6.747280705000037, 4.812701670000024], [6.753824347000034, 4.805457102000162], [6.765509587, 4.80475616800004], [6.775325216000113, 4.804288386000053], [6.783104016000152, 4.802692611000111], [6.783440440999982, 4.802381327000091], [6.787945372000138, 4.798212505000151], [6.790055694000159, 4.797391421999976], [6.794255343999964, 4.796810115000142], [6.801499756000055, 4.802419214000167], [6.803603041000088, 4.799147098000105], [6.803836729000068, 4.794940440000062], [6.805706623000049, 4.791434731000152], [6.812717316000032, 4.790967490000128], [6.819027823, 4.794940459000145], [6.822533202000045, 4.800315849000128], [6.823229445000038, 4.810469618000127], [6.823000369000113, 4.818544412000108], [6.825103665000029, 4.824153439000156], [6.830245366000099, 4.824153416000058], [6.840762215000154, 4.819245790000082], [6.845436007000103, 4.814104047000171], [6.854082953000045, 4.807093182000131], [6.864366121000046, 4.805690766000112], [6.878855593000026, 4.802185024000153], [6.883296117999976, 4.802185062000149], [6.887269006999986, 4.797744733000172], [6.893345264000118, 4.791668387000129], [6.906433152000147, 4.793538114], [6.912041641000144, 4.791902095000125], [6.918585401000144, 4.784891131000165], [6.92512889, 4.788864143000069], [6.924428006000142, 4.794706810999969], [6.919987559000162, 4.800783178000131], [6.921156494000172, 4.806859454000175], [6.92840092300014, 4.809196486000076], [6.930737991000058, 4.816908354000134], [6.921857232000036, 4.824620696000181], [6.921011329000123, 4.82978441500012], [6.92583026300008, 4.839577675000044], [6.917884357000048, 4.848225132000096], [6.908068757000024, 4.849159734000182], [6.903507302000037, 4.858153321000088], [6.903628370999968, 4.868790647000026], [6.899845244000062, 4.876541143000054], [6.895214949000035, 4.881644747000109], [6.893246296000086, 4.88591863400012], [6.898720653000169, 4.889122988000054], [6.900824175000139, 4.894031060000088], [6.898253355000065, 4.89847135600013], [6.898756139000113, 4.904881010000054], [6.888145933000089, 4.902635118000035], [6.875255181, 4.902737115000036], [6.861077869000098, 4.913105030000168], [6.854743894000137, 4.925277222999966], [6.85161222500011, 4.935091982000188], [6.848990802000174, 4.950498093000078], [6.847709115999976, 4.961229798000147], [6.847825096000179, 4.973816880000129], [6.849748207000061, 4.982658886000024], [6.849420992000091, 4.997114221000118], [6.844025083000076, 5.011143185000037], [6.84134376500009, 5.020021904000032], [6.836873965000109, 5.034510098000112], [6.830029105000051, 5.041090021000173], [6.820871866000118, 5.046758175000036], [6.810787264000055, 5.051498904000141], [6.802534978999972, 5.055295009000076], [6.793383186000142, 5.061428091000039], [6.783331900000178, 5.069899065000186], [6.77611195999998, 5.085806890000185], [6.775788810999984, 5.100728018000041], [6.781877019000149, 5.111867953000058], [6.792581910000081, 5.124371012000154], [6.803746204000106, 5.136869882000099], [6.812565845000051, 5.14472484300012], [6.823700919000146, 5.153961170000059], [6.829332812000075, 5.165572178000104], [6.832236787000113, 5.18093294099998], [6.832390907000104, 5.197714758000075], [6.832520146000036, 5.211699986000099], [6.831688977999988, 5.221497050000153], [6.834993894999968, 5.23032904500019], [6.843806353000105, 5.242591805000188], [6.848985212000059, 5.249797784000179]]]}}, {"type": "Feature", "properties": {"adm2_name": "Esit - Eket", "adm2_name1": null, "adm2_name2": null, "adm2_name3": null, "adm2_pcode": "NG003004", "adm1_name": "Akwa Ibom", "adm1_name1": null, "adm1_name2": null, "adm1_name3": null, "adm1_pcode": "NG003", "adm0_name": "Nigeria", "adm0_name1": null, "adm0_name2": null, "adm0_name3": null, "adm0_pcode": "NG", "valid_on": "2019-04-17", "valid_to": null, "area_sqkm": 169.41020281, "version": "v01", "lang": "en", "lang1": null, "lang2": null, "lang3": null, "adm2_ref_name": "Esit - Eket", "sendist_en": "Akwa Ibom South", "sendistpcode": "NG00303", "center_lat": 4.64161155, "center_lon": 8.07476696}, "geometry": {"type": "Polygon", "coordinates": [[[8.092146094999976, 4.690193169000167], [8.080048684000133, 4.695866130000127], [8.075439395000046, 4.698136774000091], [8.073128772000075, 4.699850087000186], [8.070823525000037, 4.700985917000025], [8.067934140000148, 4.703270887000031], [8.059362196, 4.70031592700019], [8.055354257000147, 4.699707017000037], [8.05248159700011, 4.700261073999968], [8.047900907000042, 4.699646001000133], [8.044478313000184, 4.69788690900009], [8.041054645000031, 4.696127856000146], [8.038784772000099, 4.693800910000164], [8.036508370000035, 4.692050914000106], [8.033068423000032, 4.692024206000042], [8.029054605000113, 4.691990861000022], [8.025609209000152, 4.692541125000105], [8.022169261000101, 4.69251298100005], [8.021641924999983, 4.687891025999988], [8.021704887000055, 4.681542857000125], [8.02118304400011, 4.676344914000026], [8.021206028000108, 4.674036993000072], [8.020684206000055, 4.668838048000055], [8.01957816300012, 4.664789197000175], [8.019617529000186, 4.660772042000076], [8.018579966000061, 4.658670246000099], [8.012484555000128, 4.657018022000159], [8.005180063000068, 4.651273067999966], [7.998692926000047, 4.644303316000105], [7.997900841000103, 4.636531393000155], [8.001185860000078, 4.624681265000049], [8.003385327000046, 4.620794774999979], [8.004005309000036, 4.616182793000121], [8.005181424000057, 4.613307037000084], [8.006356402000108, 4.610429792000104], [8.007560471000033, 4.604669115000149], [8.0081682820001, 4.601211075000037], [8.008764524000071, 4.598906968999984], [8.009939994000149, 4.59603119500008], [8.009963048000088, 4.593721880000032], [8.010570246999976, 4.590263851000032], [8.010593293000113, 4.587955963000013], [8.01004869100018, 4.585065843000166], [8.018098696000038, 4.582821852000052], [8.027834188000156, 4.584054960000117], [8.033561968000129, 4.584679134000055], [8.039862375000155, 4.585307118000173], [8.048439718000111, 4.587685084999976], [8.054167592000113, 4.588307880000116], [8.059328286000039, 4.588349822], [8.064477081000177, 4.589546219000169], [8.068478438000056, 4.590732073000027], [8.072480943000016, 4.59191892299998], [8.081064030000107, 4.593719003000103], [8.085650503000068, 4.593757179000022], [8.09137798100005, 4.594379869000079], [8.095959679000032, 4.594995052000058], [8.099393943000166, 4.595599193000055], [8.102833542999974, 4.595626831], [8.106842100000108, 4.596237206000183], [8.109707979000177, 4.596260057], [8.11486235600006, 4.596878994000178], [8.11887627100009, 4.596910914000148], [8.123456924000095, 4.597525100000155], [8.127464984000085, 4.59813504300007], [8.133771627000101, 4.598186044000101], [8.139493963000177, 4.599386244000129], [8.142933601000038, 4.599413855000023], [8.146941145000142, 4.600022786000011], [8.15036501200018, 4.601781850000123], [8.152021615000024, 4.608145224000111], [8.15368936699997, 4.61335179800011], [8.15365500500019, 4.616815095000049], [8.153626446000033, 4.619699921000176], [8.15301304600007, 4.623734908000188], [8.152405452999972, 4.627192981000064], [8.152371631000051, 4.630655795000052], [8.151762898000015, 4.634113790000072], [8.15173433700005, 4.637000041000022], [8.15113251800011, 4.639880142000038], [8.151098130000094, 4.643342954000047], [8.151649212000052, 4.645656092000081], [8.152141476999986, 4.65373994800018], [8.149790694000103, 4.65949204500015], [8.147451511999975, 4.66409107800007], [8.143977369000027, 4.66752481900005], [8.141655026000024, 4.670392947000039], [8.138759337000124, 4.673254982000117], [8.136448616000166, 4.674966788], [8.1347181430001, 4.676107904000105], [8.130107763000183, 4.678379033000169], [8.125497877000157, 4.680651179000051], [8.120888489000151, 4.682921916000112], [8.116278490000184, 4.685193094000056], [8.111112794000178, 4.685729042], [8.106515059000117, 4.686845775000108], [8.092146094999976, 4.690193169000167]]]}}, {"type": "Feature", "properties": {"adm2_name": "Essien Udim", "adm2_name1": null, "adm2_name2": null, "adm2_name3": null, "adm2_pcode": "NG003005", "adm1_name": "Akwa Ibom", "adm1_name1": null, "adm1_name2": null, "adm1_name3": null, "adm1_pcode": "NG003", "adm0_name": "Nigeria", "adm0_name1": null, "adm0_name2": null, "adm0_name3": null, "adm0_pcode": "NG", "valid_on": "2019-04-17", "valid_to": null, "area_sqkm": 289.18849534, "version": "v01", "lang": "en", "lang1": null, "lang2": null, "lang3": null, "adm2_ref_name": "Essien Udim", "sendist_en": "Akwa Ibom North West", "sendistpcode": "NG00302", "center_lat": 5.10069108, "center_lon": 7.65665324}, "geometry": {"type": "Polygon", "coordinates": [[[7.764188617000116, 5.149259074000042], [7.761948227, 5.144045812000172], [7.759121005000054, 5.139983174000122], [7.755715040000041, 5.136493182000038], [7.754012377000095, 5.134747998000023], [7.751162837999971, 5.132993233000036], [7.748887331999981, 5.131243249000022], [7.745452010000179, 5.130639047000159], [7.742580029000123, 5.131193151000161], [7.7385659360001, 5.131159789000037], [7.735704636000094, 5.13055990700019], [7.731675030000133, 5.132257935000155], [7.728795929000057, 5.133389955000041], [7.725906639000073, 5.135674960000188], [7.723010811999984, 5.138536913999985], [7.72070141800009, 5.140250173000084], [7.718383797000058, 5.142539957], [7.714927414000158, 5.144242721000012], [7.711463920000142, 5.146523977000129], [7.708006927000156, 5.148228156000187], [7.70513416600005, 5.148780814000077], [7.701109055000188, 5.149902823000104], [7.698236856000108, 5.150456930000018], [7.690777980000064, 5.150973799999974], [7.685049817000163, 5.150351053000065], [7.681025179000017, 5.151473046000092], [7.678157817000113, 5.151449184000057], [7.674132593000138, 5.15257122800017], [7.670676480000054, 5.15427400100009], [7.667791575000024, 5.155982013000028], [7.664914359000022, 5.157114018000186], [7.661450990000048, 5.159393801000078], [7.65798211200007, 5.162251931000128], [7.656250111000077, 5.163392042000055], [7.654513162000114, 5.165110103000188], [7.653332122000108, 5.168562855000062], [7.6532859510001, 5.173180080000066], [7.652666827000019, 5.177792057000033], [7.652070789000106, 5.180096181000067], [7.650907258000018, 5.181818027000077], [7.64775530300011, 5.179837171000088], [7.63978185000019, 5.175796743000092], [7.635790836000012, 5.175029849000055], [7.631800182000063, 5.174012188000177], [7.631319795000024, 5.174093116000108], [7.626918049000153, 5.172389986000042], [7.624630126000113, 5.171793928000113], [7.622343336000085, 5.171197915000107], [7.620048761000021, 5.171179779], [7.617187915000102, 5.170578969000076], [7.614901141000075, 5.169983836000085], [7.612028081000062, 5.170537965000051], [7.609716823000099, 5.172251219000032], [7.607975205000059, 5.174544830000173], [7.605102099000021, 5.175098904000038], [7.600515134000034, 5.175062186], [7.597643139000184, 5.175615780000157], [7.591904150000062, 5.176146998000036], [7.589610101000062, 5.17612789500015], [7.587317174000134, 5.176109763000056], [7.585023142000011, 5.176091186000065], [7.581594963000157, 5.174909143000036], [7.578762746000052, 5.171422987000085], [7.577065238000102, 5.169101206999983], [7.575363251000056, 5.167356044000087], [7.573653988000103, 5.166187764000085], [7.571945307000021, 5.165019960999985], [7.569095824999977, 5.163265255000113], [7.567387174000089, 5.162096948000169], [7.565679085999989, 5.160929191000093], [7.563385128999982, 5.160911052000131], [7.561103011000171, 5.159738049000111], [7.557101014000068, 5.158551251000176], [7.554246027000033, 5.157373882000172], [7.551958868000042, 5.156777870999974], [7.541110883000158, 5.152072889000067], [7.530807087000085, 5.150259029000097], [7.531415211000137, 5.146801026000048], [7.532591102000026, 5.14392421000008], [7.533772075000115, 5.14047098900005], [7.533233252, 5.137003925999977], [7.533284901000115, 5.131810177000034], [7.533312728000055, 5.128923869000175], [7.53393326600002, 5.124311939000108], [7.533966754000119, 5.120850065000013], [7.533444985000074, 5.115651118000187], [7.534063821000075, 5.111039179999977], [7.534661041000106, 5.108735097000022], [7.536415290000036, 5.105287075000035], [7.538170081000032, 5.101838102000045], [7.539912918000084, 5.099544063000053], [7.541077266000116, 5.097821217000103], [7.542825172000164, 5.09495017100005], [7.544569094000053, 5.092655188000151], [7.546310741000184, 5.090361096000038], [7.546906724, 5.088057081000102], [7.555015216000186, 5.080041893000043], [7.556752207999978, 5.078324802000168], [7.558494833000054, 5.076031230000126], [7.561389781000116, 5.073167809999973], [7.564859139000077, 5.070311093000157], [7.56774891900011, 5.068026081000085], [7.570639222000068, 5.065740122000022], [7.574675034000052, 5.063464138000029], [7.577559095000026, 5.061756170000081], [7.581015903000036, 5.060051946000158], [7.58504656700012, 5.058352953000167], [7.590808884000012, 5.055513841000106], [7.594828295000127, 5.054969745], [7.601140970000131, 5.054443798000079], [7.605739227000186, 5.053327065000133], [7.610921893000182, 5.051060231000179], [7.616105050000158, 5.048792824000088], [7.617847719000167, 5.046498746000168], [7.62613304600012, 5.020594145000075], [7.629538942000181, 5.024085071000059], [7.631247725000094, 5.025251891000153], [7.63465867400015, 5.028165810000132], [7.635788130000151, 5.02990580400018], [7.638638018000051, 5.031661057], [7.641480738999974, 5.033991774000071], [7.643757956, 5.035741814000062], [7.646038994000094, 5.036914802000126], [7.648882922000041, 5.039247003000128], [7.65287406900012, 5.041586902000176], [7.655724129000077, 5.043342094000081], [7.657853166000109, 5.043945360000066], [7.668788859000131, 5.044619371000181], [7.680966636000051, 5.041913339000075], [7.680928322000113, 5.045854071000178], [7.680326088000186, 5.048735130000068], [7.683759968000118, 5.04933979700013], [7.687194982999983, 5.049944842000173], [7.690628883999977, 5.050550017999967], [7.692948554000054, 5.050101725000104], [7.6939339380001, 5.05480269100002], [7.698448141000085, 5.056056754000167], [7.702978927000174, 5.052771678000113], [7.704346391000172, 5.049506712000152], [7.705049980000013, 5.0478271180001], [7.708757736000052, 5.044951656000023], [7.712862590000043, 5.045791482000084], [7.713264634999973, 5.048268861000167], [7.712836609000078, 5.053219270000056], [7.712795217000064, 5.065052503000061], [7.712790418999987, 5.066424144000166], [7.716461745, 5.073864942000114], [7.725903522000067, 5.07596136], [7.731259124000189, 5.074979701000075], [7.733384095000076, 5.075712225000132], [7.736256246000096, 5.075158139000109], [7.739123019999965, 5.075180990000092], [7.741995140000142, 5.074626913000031], [7.745447080000076, 5.073501075000138], [7.748319174000073, 5.072947950000071], [7.750613141000088, 5.07296605800002], [7.752911885, 5.072406764000107], [7.755210603000137, 5.071847938000019], [7.787096937000172, 5.120115157000157], [7.786245938000036, 5.120664299000111], [7.784988669000029, 5.123417460000098], [7.784477920000086, 5.126925152000069], [7.7847172970001, 5.129934022000157], [7.779689057000098, 5.140946824000082], [7.774434850000148, 5.144689344000142], [7.772774791000188, 5.145990115000188], [7.770525017000182, 5.146423817000027], [7.768219959000078, 5.147560119000048], [7.764188617000116, 5.149259074000042]]]}}, {"type": "Feature", "properties": {"adm2_name": "Etche", "adm2_name1": null, "adm2_name2": null, "adm2_name3": null, "adm2_pcode": "NG033011", "adm1_name": "Rivers", "adm1_name1": null, "adm1_name2": null, "adm1_name3": null, "adm1_pcode": "NG033", "adm0_name": "Nigeria", "adm0_name1": null, "adm0_name2": null, "adm0_name3": null, "adm0_pcode": "NG", "valid_on": "2019-04-17", "valid_to": null, "area_sqkm": 815.82754508, "version": "v01", "lang": "en", "lang1": null, "lang2": null, "lang3": null, "adm2_ref_name": "Etche", "sendist_en": "Rivers East", "sendistpcode": "NG03301", "center_lat": 5.07653212, "center_lon": 7.09263876}, "geometry": {"type": "Polygon", "coordinates": [[[7.242135034000057, 5.1958670140001], [7.231534133000025, 5.194551871000101], [7.229193720000069, 5.194728295000118], [7.226599089000104, 5.194924394999987], [7.224537683000051, 5.195079699000075], [7.21723194100008, 5.199615333], [7.213542942000117, 5.199133968000069], [7.210079932000099, 5.196578858], [7.206140409, 5.1977314290001], [7.200284087000057, 5.199445224000044], [7.198285954000028, 5.199775744000021], [7.196079678000103, 5.200654440000108], [7.193909780000126, 5.201518487000101], [7.190780631000109, 5.202972337000119], [7.188223922000077, 5.204425337000089], [7.185384870000178, 5.206168126000136], [7.182541891000028, 5.207621624000126], [7.179408451000143, 5.208785978000037], [7.174276386000145, 5.21024466900019], [7.171414350000134, 5.210251393000021], [7.168567634000112, 5.211415257000056], [7.166314635000163, 5.212044165000066], [7.165475828000126, 5.215111465000177], [7.16078716100003, 5.229914096000073], [7.157072414000083, 5.234528506000117], [7.153378510000152, 5.234973149000041], [7.14830505000009, 5.234484115999976], [7.138138836000053, 5.237212407000072], [7.131662044999985, 5.240422516000024], [7.124716738000075, 5.245020042000078], [7.12101768000008, 5.24639095100008], [7.117785208000157, 5.246837609000124], [7.115941732000067, 5.246364776000121], [7.112756525, 5.237545321000084], [7.107709305000014, 5.231959254000174], [7.102190809000149, 5.228224071000113], [7.096663112999977, 5.226342016000103], [7.093960554000148, 5.225473609000062], [7.092122492000101, 5.226262629000189], [7.089569972000106, 5.227182395000057], [7.087322357000062, 5.228674458000171], [7.083796085000131, 5.22897246600013], [7.081119591000174, 5.230340432000162], [7.076833824000062, 5.232649837], [7.074863508000078, 5.233847130000072], [7.071746378000114, 5.235067874000151], [7.070062588000042, 5.236259006000125], [7.066474064000147, 5.237781572000131], [7.06442082600006, 5.239266469000029], [7.062163323999982, 5.240469504000146], [7.059900413999969, 5.240023125000107], [7.057805053999971, 5.242176524000172], [7.055966359000024, 5.244066756000052], [7.053144809000116, 5.245570665000059], [7.049116151000021, 5.246992648000059], [7.047133892999966, 5.247860920000107], [7.045132174, 5.248737837000135], [7.042693641000142, 5.249077870000121], [7.03999226000019, 5.249618104000035], [7.035688006000044, 5.248759733000156], [7.032237935000126, 5.247610615000099], [7.028792517000113, 5.246750312000074], [7.023335405000182, 5.245316013000149], [7.021244426000067, 5.244569354000078], [7.01930993100018, 5.243878795000057], [7.014990380000086, 5.241863307000131], [7.012022862000038, 5.242380124000135], [7.00883350700019, 5.241290562000074], [7.006873609000024, 5.240621134000094], [7.003732795000076, 5.239980703000128], [7.001007560000062, 5.239575784000124], [6.998440399, 5.239194343000065], [6.993147528000065, 5.237004831000093], [6.990743595000026, 5.236010567000108], [6.986503087000187, 5.234255716000121], [6.982931196000095, 5.234736885000018], [6.980701466000028, 5.235037247000037], [6.978500750000023, 5.235333941000079], [6.975482910000039, 5.235740247000081], [6.971787899000162, 5.236238014000151], [6.967688246000137, 5.234678875000043], [6.967061186000137, 5.228712739000059], [6.966266782000105, 5.217840918000149], [6.966301568000119, 5.211549399000148], [6.968543180000154, 5.206779500000096], [6.966414868000129, 5.202712950000091], [6.963055041000189, 5.187821855000152], [6.963838895000038, 5.179062630999965], [6.958235587000047, 5.176614049000079], [6.957387568000115, 5.175465416000122], [6.957395508000104, 5.17403553000014], [6.95825939600013, 5.172324426000159], [6.963331248000031, 5.167772735000028], [6.965516907000165, 5.155168055], [6.967243149000183, 5.142567131000135], [6.970809915000018, 5.12995102900004], [6.972530826000082, 5.116884256999981], [6.974720898999976, 5.104745871000034], [6.976017012, 5.09541081499998], [6.979126889000042, 5.083264868000185], [6.980856804999974, 5.071131218000062], [6.98260032200011, 5.060393823000084], [6.984330320000083, 5.048258760000124], [6.987880148000158, 5.033779112000047], [6.993306269000129, 5.023013138000124], [7.001498155000093, 5.012691941000128], [7.005550821000043, 5.00287010400001], [7.010533818000113, 4.993971832999989], [7.017805055000167, 4.983657799000127], [7.02693977500013, 4.97565988100007], [7.035152937000078, 4.96766995500019], [7.035966978000033, 4.956007977000183], [7.039434935000145, 4.934809224000048], [7.053143061000185, 4.921373851000169], [7.062797960000125, 4.919898965000129], [7.075163872000076, 4.912806953000086], [7.086643191000178, 4.909452895000015], [7.097636167000019, 4.903305972999988], [7.104446756000186, 4.89299489400014], [7.126119202000154, 4.896553017000087], [7.131078493000018, 4.907252989000085], [7.134186681000187, 4.906155411000043], [7.135605245000136, 4.907020570000157], [7.138064476000125, 4.910685299000022], [7.143767811000146, 4.913196095000103], [7.150316264000082, 4.92433307500005], [7.159626095000078, 4.935448156000177], [7.168517167000118, 4.94475217500019], [7.181393214000138, 4.949262105000116], [7.194867654000177, 4.95299359500018], [7.194955196000137, 4.955389817000025], [7.193580190000034, 4.966442547000042], [7.191341890000103, 4.973951865000174], [7.18911843799998, 4.978364684000155], [7.185130754000113, 4.982331742000099], [7.183078801000079, 4.982347933000142], [7.173611755000138, 4.984169463000057], [7.167911944000025, 4.985266234999983], [7.162504132000095, 4.997896211000182], [7.164929831000109, 5.011396875000059], [7.176064059000169, 5.020631786000081], [7.18215706400008, 5.032238947000053], [7.185483065000028, 5.043402202000095], [7.190628059000119, 5.052217932000133], [7.198510091000173, 5.058217072], [7.204145803000188, 5.070292946000166], [7.206095268000126, 5.081933019000019], [7.207106039000166, 5.09171484500007], [7.209058791000075, 5.103820842000118], [7.213769817000127, 5.115437942000142], [7.215253860000075, 5.126616032000072], [7.221358864000024, 5.139620747000038], [7.224689003000151, 5.151248918000022], [7.234924811000099, 5.162823191000143], [7.241042992000132, 5.177227041000151], [7.243885927000065, 5.186061901000187], [7.242689967000047, 5.192757612000037], [7.242135034000057, 5.1958670140001]]]}}, {"type": "Feature", "properties": {"adm2_name": "Ethiope East", "adm2_name1": null, "adm2_name2": null, "adm2_name3": null, "adm2_pcode": "NG010005", "adm1_name": "Delta", "adm1_name1": null, "adm1_name2": null, "adm1_name3": null, "adm1_pcode": "NG010", "adm0_name": "Nigeria", "adm0_name1": null, "adm0_name2": null, "adm0_name3": null, "adm0_pcode": "NG", "valid_on": "2019-04-17", "valid_to": null, "area_sqkm": 379.80280988, "version": "v01", "lang": "en", "lang1": null, "lang2": null, "lang3": null, "adm2_ref_name": "Ethiope East", "sendist_en": "Delta Central", "sendistpcode": "NG01001", "center_lat": 5.66729263, "center_lon": 5.97212972}, "geometry": {"type": "MultiPolygon", "coordinates": [[[[5.991903766, 5.754439853000179], [5.981730981000055, 5.748114119000093], [5.969620103000011, 5.748805003000086], [5.958599083000138, 5.750695282000038], [5.940936923000152, 5.746387015000039], [5.924606723000068, 5.748332105000031], [5.917080979000048, 5.758672205999972], [5.906148982000104, 5.770370030000095], [5.890539045000025, 5.763305126000148], [5.887896094000098, 5.75300259], [5.878351174000159, 5.751414782000097], [5.868166067000061, 5.747861844999989], [5.864126147000093, 5.738812918000121], [5.860094916000037, 5.727684073000091], [5.858107125000174, 5.715878005000093], [5.854742989000158, 5.707529098], [5.850031812000168, 5.696393992000083], [5.859580014000073, 5.69023176900015], [5.869799140000055, 5.686155825000014], [5.87866397099998, 5.680682151000099], [5.889581173000181, 5.672451065000132], [5.899827051999978, 5.662134196000125], [5.903944077, 5.653847166000162], [5.910788993999972, 5.643500834000122], [5.918333930000017, 5.629001165000034], [5.908167032000108, 5.612124943000083], [5.915039002000071, 5.605394911000133], [5.924602041000071, 5.595766036000043], [5.93076505900018, 5.58610920600006], [5.937604003000104, 5.577149899000119], [5.951642090000121, 5.569075099000088], [5.958748749000051, 5.562763156000187], [5.97100779100009, 5.558703923000166], [5.979833089000067, 5.562244938000106], [5.985916044000021, 5.570618135000075], [5.991306685999973, 5.581757946000096], [6.004210012000044, 5.586027116000025], [6.017790919000106, 5.590301083000043], [6.028649843999972, 5.595244900000125], [6.040855926000063, 5.602974855000127], [6.050336824000055, 5.612069088], [6.058454058000052, 5.621844747000182], [6.059088122000105, 5.632253092000099], [6.057663878000028, 5.646803865000095], [6.054209365000133, 5.659257914000023], [6.044614855000134, 5.675821845000144], [6.041172104000111, 5.68550202300014], [6.040129176000164, 5.697036235000041], [6.039714393000054, 5.700560113000108], [6.03598310700005, 5.704705788000183], [6.032283824000103, 5.706308871000033], [6.026089298000045, 5.713116142000104], [6.020611761000055, 5.721392145000152], [6.01445816100005, 5.728969050000103], [6.007615163000139, 5.738621252000087], [6.001463829000102, 5.745503892000045], [5.991903766, 5.754439853000179]]], [[[6.16265490800015, 5.74060392399997], [6.154451761000075, 5.750245166000127], [6.144177901000148, 5.766802814000187], [6.140738104000036, 5.775788717000182], [6.135921133000181, 5.788926164000145], [6.130418808000115, 5.802749224000081], [6.126978901000143, 5.811736138000072], [6.123526972000093, 5.823495871999967], [6.120879071000104, 5.839725072000022], [6.111967026000173, 5.823400033000155], [6.107929126000045, 5.813658281000016], [6.101854927999966, 5.803205014000127], [6.093735220000156, 5.794122185999981], [6.080683628000088, 5.788235132000182], [6.075937240000144, 5.786094233000028], [6.07362553400003, 5.786473337000132], [6.061857344000089, 5.775133144000051], [6.048963980000167, 5.768785007000133], [6.051740166, 5.756324738999979], [6.066047139000091, 5.750203146000047], [6.078306125000097, 5.746143833000133], [6.091908821000118, 5.745563940000068], [6.1034761250001, 5.744273235000094], [6.11640502, 5.742299962000175], [6.126612254000122, 5.740997790000051], [6.136820883000041, 5.739002263000089], [6.146347879000132, 5.737695191000114], [6.16265490800015, 5.74060392399997]]]]}}, {"type": "Feature", "properties": {"adm2_name": "Ethiope West", "adm2_name1": null, "adm2_name2": null, "adm2_name3": null, "adm2_pcode": "NG010006", "adm1_name": "Delta", "adm1_name1": null, "adm1_name2": null, "adm1_name3": null, "adm1_pcode": "NG010", "adm0_name": "Nigeria", "adm0_name1": null, "adm0_name2": null, "adm0_name3": null, "adm0_pcode": "NG", "valid_on": "2019-04-17", "valid_to": null, "area_sqkm": 537.11030729, "version": "v01", "lang": "en", "lang1": null, "lang2": null, "lang3": null, "adm2_ref_name": "Ethiope West", "sendist_en": "Delta Central", "sendistpcode": "NG01001", "center_lat": 5.91132282, "center_lon": 5.77585906}, "geometry": {"type": "Polygon", "coordinates": [[[5.764177427000106, 5.997814182000184], [5.75693475700001, 6.002093365000121], [5.745285025000157, 6.008976031000088], [5.698932998000032, 6.033555932000013], [5.673977930999968, 6.048922016000063], [5.668930094000018, 6.052030112000011], [5.667607290000035, 6.049861439000097], [5.657451969000078, 6.033209770000155], [5.637066901000026, 6.029572913000095], [5.626190268000073, 6.02878898900002], [5.61600791800015, 6.024542847000077], [5.605133945000034, 6.02306608900011], [5.593594980000034, 6.018116062999979], [5.583425882000085, 6.011096000000123], [5.578019085000108, 6.003423240000131], [5.571273667000128, 5.990883831000076], [5.572011819000068, 5.977714095000067], [5.569335103000128, 5.967982765000102], [5.563938004000022, 5.958229946000074], [5.570820230000152, 5.948819656000182], [5.57565398700018, 5.939153216000079], [5.583109946000036, 5.928568770000084], [5.591301071000032, 5.921701977999987], [5.601522841000076, 5.916934073000107], [5.612507870000059, 5.91740327600013], [5.616248504000168, 5.923158100000023], [5.620361886000126, 5.929486201000032], [5.622174171000097, 5.940965656000117], [5.624695789000157, 5.943190675000096], [5.632659939000121, 5.947550269000033], [5.638008755000158, 5.94652943400007], [5.642828341000154, 5.944968574000029], [5.647653031, 5.942872758000021], [5.653050517000054, 5.936501608000071], [5.660602715000152, 5.928010106000045], [5.66561415700005, 5.924197691000188], [5.673611037000171, 5.916145760000177], [5.681134148000126, 5.90649987], [5.692031833000044, 5.902430054999968], [5.70156480300011, 5.899735032000024], [5.711096792000149, 5.897040882000056], [5.722464984, 5.901694775000067], [5.727298325000163, 5.904111897000064], [5.726694173000055, 5.895653304000177], [5.721336825000037, 5.888111099000071], [5.722056789000078, 5.879100737999977], [5.718697060000181, 5.870058011000083], [5.724881531000051, 5.865445111000156], [5.7333398560001, 5.86665347100012], [5.742402468000137, 5.86967463600007], [5.747235775000092, 5.867861729000083], [5.753881520999983, 5.858195224999974], [5.765964556000085, 5.860007820000135], [5.774423190999983, 5.85457038200019], [5.778664044000152, 5.842123918000084], [5.768381187000102, 5.834632914000053], [5.774864489000095, 5.824809039], [5.779450877000158, 5.817859151000164], [5.785604955000053, 5.81028223200002], [5.789640822000138, 5.812538219000089], [5.792007042000137, 5.811782405999963], [5.793800821000161, 5.807201857000166], [5.795797001000096, 5.804942202000177], [5.79635958300014, 5.802691437000021], [5.797062744000129, 5.80058150900004], [5.79621877000011, 5.796924649000175], [5.797203601000149, 5.790735223000183], [5.79917276000009, 5.790172589000179], [5.80128282600009, 5.787640615999976], [5.80339291700011, 5.786655855000163], [5.805080958000076, 5.789047273000108], [5.808316262000062, 5.791157301000112], [5.812536345000126, 5.788906639000061], [5.812958226000092, 5.785249282000052], [5.812664109000025, 5.782110730000056], [5.813661499000148, 5.778919158000122], [5.815349712999989, 5.777653289000114], [5.819569044000161, 5.775402541], [5.820413140000028, 5.773433270000055], [5.822663651000141, 5.771745256000031], [5.828431127000044, 5.773292561000062], [5.826743073000159, 5.77666850900016], [5.826743230000091, 5.780466616000069], [5.828290543000151, 5.782717227000035], [5.83082235500018, 5.783842597000103], [5.832510619000061, 5.782435914000132], [5.834901942000101, 5.780466574000059], [5.83926246600015, 5.781451168], [5.840950446000022, 5.782857842000055], [5.840528581000171, 5.785530525000127], [5.840669277000075, 5.788343860999987], [5.841794533000098, 5.790875922000168], [5.843623283000113, 5.791719855999986], [5.846858373999964, 5.789187895000055], [5.849812530000179, 5.787359253000091], [5.853217559000086, 5.787916623], [5.857548711000163, 5.788625200000126], [5.85979930100018, 5.788765930000011], [5.862190612000063, 5.788765970000043], [5.863738011000123, 5.785389933000033], [5.864863363000154, 5.783701890999964], [5.867395339000041, 5.780888597000114], [5.86955821600003, 5.781524598000033], [5.872178014999974, 5.782295216000023], [5.874068635000071, 5.784947884000132], [5.883918897000115, 5.790017579000107], [5.887267621000092, 5.794730728000104], [5.890886713000043, 5.796221305000074], [5.89418519200018, 5.798591796000153], [5.897670759, 5.803782461000026], [5.902400943000089, 5.81105989200006], [5.90640413400007, 5.825979276000112], [5.906504235000114, 5.843882032000067], [5.910546830000044, 5.852237268000067], [5.921317030000125, 5.877292102000069], [5.833310038000036, 5.941052909000177], [5.835303723000038, 5.951471812000079], [5.830506682000077, 5.959753963000139], [5.822996052, 5.966627040999981], [5.812038802000075, 5.983872003000101], [5.795056902000056, 5.979569940000033], [5.764177427000106, 5.997814182000184]]]}}, {"type": "Feature", "properties": {"adm2_name": "Etim Ekpo", "adm2_name1": null, "adm2_name2": null, "adm2_name3": null, "adm2_pcode": "NG003006", "adm1_name": "Akwa Ibom", "adm1_name1": null, "adm1_name2": null, "adm1_name3": null, "adm1_pcode": "NG003", "adm0_name": "Nigeria", "adm0_name1": null, "adm0_name2": null, "adm0_name3": null, "adm0_pcode": "NG", "valid_on": "2019-04-17", "valid_to": null, "area_sqkm": 220.36900124, "version": "v01", "lang": "en", "lang1": null, "lang2": null, "lang3": null, "adm2_ref_name": "Etim Ekpo", "sendist_en": "Akwa Ibom North West", "sendistpcode": "NG00302", "center_lat": 4.95308065, "center_lon": 7.57060639}, "geometry": {"type": "Polygon", "coordinates": [[[7.680966636000051, 5.041913339000075], [7.668788859000131, 5.044619371000181], [7.657853166000109, 5.043945360000066], [7.655724129000077, 5.043342094000081], [7.65287406900012, 5.041586902000176], [7.648882922000041, 5.039247003000128], [7.646038994000094, 5.036914802000126], [7.643757956, 5.035741814000062], [7.641480738999974, 5.033991774000071], [7.638638018000051, 5.031661057], [7.635788130000151, 5.02990580400018], [7.63465867400015, 5.028165810000132], [7.631247725000094, 5.025251891000153], [7.629538942000181, 5.024085071000059], [7.62613304600012, 5.020594145000075], [7.617847719000167, 5.046498746000168], [7.611030797000126, 5.040094883000108], [7.606483895000167, 5.036017911000101], [7.604207978000034, 5.034267920000161], [7.601932082000019, 5.032517915000028], [7.598509081000032, 5.030758821000177], [7.593371851000086, 5.028409051999972], [7.588813541000036, 5.02548697400016], [7.58424971400018, 5.023140925000121], [7.581411911000089, 5.020233132000101], [7.578483940000069, 5.017232439999987], [7.575136069000052, 5.010951820000116], [7.574101327999983, 5.001992513000175], [7.570204199000045, 4.995529401999988], [7.565246194000053, 4.986912858000096], [7.557421002000069, 4.982225220000032], [7.551743163000083, 4.975396730000057], [7.549485819000154, 4.97323402], [7.549201243000084, 4.972647204000111], [7.546942394000098, 4.969164812000145], [7.544116058000043, 4.965103161000059], [7.542413496000052, 4.963356974000078], [7.540142868000089, 4.96103004500003], [7.53673048100012, 4.958116983000025], [7.53218483600017, 4.954040981000105], [7.529334948000042, 4.952285815000039], [7.525343875000146, 4.949944975000165], [7.520780811000066, 4.947599865000086], [7.516204733000166, 4.946407788000158], [7.513349824000102, 4.94523093700019], [7.511062922000065, 4.944634939000082], [7.508196050000038, 4.944612051000149], [7.505329176000146, 4.944589160000135], [7.502461734, 4.944565798000156], [7.49896470200008, 4.94527720800005], [7.491546117000041, 4.946785956000156], [7.490800193000155, 4.945568051], [7.489898474000086, 4.944349924000051], [7.4894010860001, 4.942880559000059], [7.488982718000159, 4.940661505000151], [7.488173894, 4.939833166000085], [7.487044857000114, 4.938093208000168], [7.484201036000115, 4.935760990000119], [7.482492011000033, 4.934593178000114], [7.480789877000063, 4.932847980000133], [7.478721020000023, 4.919539925000095], [7.478094792000093, 4.915512057000058], [7.477131710000151, 4.908759560000135], [7.480892846000131, 4.90626217900018], [7.485747957000115, 4.903185676000078], [7.487530675000187, 4.897884570000031], [7.4871193890001, 4.890804779], [7.480714535, 4.882689641000013], [7.481891325000049, 4.879758855000034], [7.484212835000108, 4.876893018000146], [7.485383042000024, 4.874592808000045], [7.486545806000152, 4.872870897000155], [7.487715980000132, 4.870572087000028], [7.48888501600004, 4.86827278800007], [7.490055160000054, 4.865973970000141], [7.491219, 4.864252123000028], [7.493530003000046, 4.862538812000139], [7.495839840000144, 4.860826], [7.502089767000086, 4.866648242000167], [7.50436586100011, 4.868398163000052], [7.506056937000039, 4.871296858], [7.507760025000096, 4.873043076000101], [7.509456856999975, 4.875364779000051], [7.511154279000095, 4.877686956000105], [7.512278108000089, 4.880004878000022], [7.514530941000089, 4.884062768000035], [7.516796359000125, 4.886967214000038], [7.519065812, 4.889294163000102], [7.522477988999981, 4.892208083000128], [7.525895354000056, 4.894544084000074], [7.530446995000148, 4.898043145000145], [7.533846859000107, 4.902111036000179], [7.536685073000058, 4.905018789000167], [7.538962121, 4.906768792000094], [7.541804920000118, 4.909101005000025], [7.544642673000169, 4.912010157000054], [7.546346142000175, 4.913754006000033], [7.548037767999972, 4.916654114000153], [7.549740699000097, 4.918398871000022], [7.551444212000092, 4.920145011999978], [7.553707900000177, 4.923048013000084], [7.555405244000099, 4.925371183000152], [7.558238156000186, 4.928855873000145], [7.561076191000097, 4.931765116000065], [7.564480668000158, 4.935256031000165], [7.566746228, 4.938159011000039], [7.569015759000138, 4.940485922000107], [7.57243271800013, 4.942822979000084], [7.574135903000126, 4.944568177000065], [7.57813338, 4.946331988999987], [7.580987950000122, 4.947508830000118], [7.583848702000012, 4.948109157000147], [7.588436192000188, 4.948145893000174], [7.593022001000065, 4.948184029000117], [7.597035774000119, 4.948215962000177], [7.601604893000058, 4.949984068000106], [7.60389307700018, 4.950580132000027], [7.606175158000099, 4.951753158000088], [7.608462812000027, 4.952348228000119], [7.613605193000126, 4.954121112000109], [7.61702313700016, 4.956457104000094], [7.621586916000012, 4.958803194999973], [7.626161793000108, 4.959993867000094], [7.629590930000063, 4.961175955000044], [7.631298846000163, 4.962344181000049], [7.633581086000163, 4.963517182000032], [7.636448111000163, 4.963540065000075], [7.638178685000128, 4.962398983000128], [7.641068839000184, 4.960114037000096], [7.642232818000139, 4.958393122000075], [7.644555275000187, 4.955524924999963], [7.646866110000133, 4.953813072], [7.648614204000182, 4.95094108700016], [7.649209893000034, 4.948637026000029], [7.650373801000057, 4.946915177000108], [7.651537718000156, 4.945192825000049], [7.653275867000161, 4.94347618200004], [7.656739509000033, 4.941194990000156], [7.659050197000113, 4.939483189000157], [7.660419170000125, 4.938580804000026], [7.660564317000137, 4.939036102000046], [7.663469712000108, 4.943155089000015], [7.666231617000108, 4.946686566000096], [7.673531517000129, 4.947006596000108], [7.689304809000134, 4.94618336000002], [7.691932693000126, 4.946192797000037], [7.695875089000026, 4.946206922000044], [7.696740093000187, 4.946551398000111], [7.702796846000126, 4.948964311], [7.714412048000156, 4.954966112000022], [7.725368856000046, 4.960831578000011], [7.726482235000105, 4.961427578000155], [7.740131539, 4.973396305000051], [7.756746633000034, 4.985603827000034], [7.763568274000022, 4.992733941000097], [7.770640975, 4.992987117000041], [7.770161763000146, 4.999863174000097], [7.768097115000046, 5.003065788000072], [7.762612097000044, 5.005569016000038], [7.758936284000129, 5.005556524000099], [7.753256601000089, 5.005537148000087], [7.740068766000093, 5.000770208], [7.733659642000021, 4.997445672000083], [7.729026107000095, 4.99492165800018], [7.717460239000047, 4.996930548000137], [7.714861527000153, 4.998293040000021], [7.710638947000177, 4.998767862000079], [7.706035161999978, 5.000463023000066], [7.702004018000082, 5.00216201700016], [7.697962011000016, 5.005013976000157], [7.696133269000086, 5.007182359000069], [7.695517050000149, 5.007398396999974], [7.687967707000155, 5.012644194000131], [7.684294436000073, 5.018820848000132], [7.684125754000149, 5.026977582000029], [7.68397193200002, 5.02798702500013], [7.68280792600018, 5.029708829000128], [7.682195426000135, 5.033743848000142], [7.682161067000038, 5.037207145000082], [7.681563745000176, 5.039511173000108], [7.680966636000051, 5.041913339000075]]]}}, {"type": "Feature", "properties": {"adm2_name": "Etinan", "adm2_name1": null, "adm2_name2": null, "adm2_name3": null, "adm2_pcode": "NG003007", "adm1_name": "Akwa Ibom", "adm1_name1": null, "adm1_name2": null, "adm1_name3": null, "adm1_pcode": "NG003", "adm0_name": "Nigeria", "adm0_name1": null, "adm0_name2": null, "adm0_name3": null, "adm0_pcode": "NG", "valid_on": "2019-04-17", "valid_to": null, "area_sqkm": 172.86412377, "version": "v01", "lang": "en", "lang1": null, "lang2": null, "lang3": null, "adm2_ref_name": "Etinan", "sendist_en": "Akwa Ibom North East", "sendistpcode": "NG00301", "center_lat": 4.84574149, "center_lon": 7.84314997}, "geometry": {"type": "Polygon", "coordinates": [[[7.882976732000031, 4.793542861000162], [7.880642986, 4.797564045000172], [7.877169027000093, 4.800999147000141], [7.873689297000112, 4.805010807999963], [7.87136678100012, 4.807877987000154], [7.86904367700015, 4.810744724000131], [7.86788065200011, 4.812467071000071], [7.868980884000166, 4.817091942000047], [7.870093673000156, 4.820563776000029], [7.870638112000165, 4.823454865000087], [7.872317636000048, 4.827507983000032], [7.872283980000077, 4.830970759000024], [7.872817036000129, 4.835014806000061], [7.873355794000133, 4.838481888000047], [7.872175033000076, 4.841936079000106], [7.872145964000026, 4.844820961999972], [7.870971441000108, 4.847696761000179], [7.870948052000074, 4.85000607], [7.869198806999975, 4.85287711899997], [7.868597239000167, 4.855758169000183], [7.866837095000164, 4.85978415000011], [7.866241217999971, 4.862088216000132], [7.865632786000106, 4.865546218000077], [7.867330138, 4.86786793300007], [7.868460197000161, 4.869608845000073], [7.869588592000184, 4.871348841000156], [7.871292276000133, 4.873095060000139], [7.872993734000033, 4.874838855000064], [7.874118131000046, 4.877157211000053], [7.875241992000042, 4.879475135000177], [7.875218632000099, 4.881783035000183], [7.875191258000143, 4.884668828000088], [7.873442434000026, 4.887539822000178], [7.871686762000081, 4.890988784000058], [7.869359113000144, 4.894432982000126], [7.868763196000089, 4.896737123000037], [7.867587909000122, 4.899612923000177], [7.865838970000084, 4.902484879000099], [7.864668811000172, 4.904784171000074], [7.863500316000057, 4.907083055000044], [7.861154750000139, 4.912258135000172], [7.859967908000158, 4.916288831000031], [7.857645726000044, 4.919156047000115], [7.856476016000045, 4.921454904000029], [7.855867947000092, 4.924912960000142], [7.854693039000097, 4.927789200000063], [7.853518115000043, 4.930665028000021], [7.85292091499997, 4.932969137000157], [7.852324832000136, 4.935273174000088], [7.8517121000001, 4.939308186000176], [7.851688589000162, 4.941616080000131], [7.852211231000069, 4.946815011000183], [7.852176255000188, 4.950276843999973], [7.852129785000102, 4.954894022000076], [7.852674837000052, 4.957784147000041], [7.852651899000136, 4.960093024000059], [7.853190651000091, 4.963560124000026], [7.853735172000142, 4.966450244000043], [7.854273944000113, 4.969916841000099], [7.853666916000179, 4.973374818000138], [7.853058735000047, 4.97683286299997], [7.851883065000095, 4.979710087], [7.850714274000097, 4.982008000000178], [7.84896536399998, 4.984880019], [7.845496200000014, 4.98773815900006], [7.842096037000147, 4.983670236000023], [7.840984145000164, 4.980197911000062], [7.840433960000041, 4.977884732000064], [7.83988897200004, 4.974995166000099], [7.838794402000076, 4.969791917000066], [7.837682007000183, 4.966321006000044], [7.837137080000105, 4.963429934000089], [7.83602992100009, 4.959381110000095], [7.834918159000097, 4.955908764000014], [7.833237887000166, 4.951856136000117], [7.832687793000105, 4.94954301700011], [7.831558229000109, 4.947802075000141], [7.829288124000129, 4.945475100000067], [7.827596972000151, 4.94257595800002], [7.827045802000043, 4.940262753000184], [7.826529879000077, 4.934486882000044], [7.826570879000087, 4.930448016000184], [7.827752352000061, 4.926993835000076], [7.828352661000054, 4.924112797000078], [7.829523107000114, 4.92181395800003], [7.830716057000018, 4.91720673500015], [7.831324349000113, 4.91374922000017], [7.831919957000025, 4.911445139000023], [7.832516129000112, 4.909141079000165], [7.832555941000066, 4.905100853000022], [7.832584772000018, 4.902215996000166], [7.832608400000026, 4.899908025000059], [7.832647657000166, 4.895867815000088], [7.833273177000081, 4.890678875999981], [7.832739925000169, 4.886633851000056], [7.832189929000151, 4.884321227000044], [7.831059994000157, 4.882581259000119], [7.829357006000123, 4.880835985000147], [7.827649400000041, 4.879666834000147], [7.825940121000144, 4.878500002000067], [7.823084741000116, 4.877322185000025], [7.820790867000028, 4.877304104000018], [7.818502791000071, 4.876708048000125], [7.816210029999979, 4.876688959000035], [7.812764278000031, 4.877239193000094], [7.810464601000092, 4.877797100000123], [7.807025180000153, 4.877768988000128], [7.814215281000088, 4.846662024000068], [7.815396030000159, 4.843207798000094], [7.817145080000103, 4.840336800000046], [7.818899345000034, 4.836887813000033], [7.820080033000011, 4.833435053000187], [7.820103167000184, 4.831126244000018], [7.81955278300012, 4.828813095000044], [7.818428854000103, 4.826496124000073], [7.816164253000011, 4.823592149000092], [7.809915177999983, 4.817770007000092], [7.808217832000082, 4.815446816000133], [7.805952828000045, 4.812542923000137], [7.80540778500017, 4.809652789000097], [7.805436843000109, 4.806766999000104], [7.804897628000163, 4.803299881999976], [7.804365363999977, 4.799255862000052], [7.802701890000037, 4.793470868000156], [7.801027966000049, 4.788840738000033], [7.800488839000138, 4.785373187000062], [7.801114073000178, 4.780183803000057], [7.803492816000073, 4.771545902000071], [7.804090063000046, 4.769241807000128], [7.804691971000125, 4.766362207999975], [7.806434948000174, 4.76406714500007], [7.807605024000168, 4.761767884000164], [7.809347962000118, 4.759472805000087], [7.811096107000083, 4.7566018280001], [7.812276593000092, 4.753149011000176], [7.812891143000115, 4.74911403100009], [7.812920118000136, 4.746228235000046], [7.812964806000082, 4.741611026000044], [7.812444129000085, 4.736412993000101], [7.811915989000056, 4.73179102500012], [7.810815055000091, 4.727165188000072], [7.810078222000186, 4.722420376000059], [7.824026114000105, 4.71289152300011], [7.837877503000186, 4.705575138000029], [7.844796570000028, 4.703961409000158], [7.854544267, 4.708081585], [7.859014334000108, 4.709322360999977], [7.866735432000041, 4.71139112000003], [7.870383395000147, 4.715491865000104], [7.873631972000055, 4.717137656000148], [7.881349591000117, 4.720432935000019], [7.884353166000039, 4.72115315800005], [7.884261819000017, 4.72198675500016], [7.885373892000132, 4.72545910600013], [7.885912626000106, 4.72892618100002], [7.887030994000099, 4.73182106400003], [7.886995794000029, 4.735282920000088], [7.886967950000042, 4.73816920600018], [7.886928202000092, 4.742208954000091], [7.886320163000164, 4.74566700400004], [7.886291193999966, 4.748551822000024], [7.885695066000039, 4.750855925000167], [7.884524941000109, 4.75315521400006], [7.883349681000027, 4.75603200200004], [7.882173852, 4.75890776500006], [7.881571971000028, 4.761787917000163], [7.881548653999971, 4.764097232000154], [7.88152133900013, 4.766983036], [7.882615932000022, 4.772184835000076], [7.883738952000044, 4.774503237999966], [7.884283988000163, 4.77739284900008], [7.884829030000162, 4.780283015000123], [7.884806287000117, 4.782591832000094], [7.88535134, 4.785481922000088], [7.884736971999985, 4.789516944000184], [7.882976732000031, 4.793542861000162]]]}}, {"type": "Feature", "properties": {"adm2_name": "Etung", "adm2_name1": null, "adm2_name2": null, "adm2_name3": null, "adm2_pcode": "NG009011", "adm1_name": "Cross River", "adm1_name1": null, "adm1_name2": null, "adm1_name3": null, "adm1_pcode": "NG009", "adm0_name": "Nigeria", "adm0_name1": null, "adm0_name2": null, "adm0_name3": null, "adm0_pcode": "NG", "valid_on": "2019-04-17", "valid_to": null, "area_sqkm": 812.53940412, "version": "v01", "lang": "en", "lang1": null, "lang2": null, "lang3": null, "adm2_ref_name": "Etung", "sendist_en": "Cross River Central", "sendistpcode": "NG00901", "center_lat": 5.87847971, "center_lon": 8.80856514}, "geometry": {"type": "Polygon", "coordinates": [[[8.989945219000163, 5.951848958000028], [8.985459143000071, 5.962213032000079], [8.982087, 5.969123926000123], [8.979831756000124, 5.972583764000035], [8.976434809000182, 5.976051870000106], [8.973046179000107, 5.980668077000018], [8.969658037000102, 5.985282844000039], [8.96398753000011, 5.989914880000129], [8.960581930999979, 5.992234258], [8.957184620000021, 5.995701756000017], [8.954920099000105, 5.998014027000124], [8.952655532000051, 6.000326116], [8.950390954000113, 6.002637933000074], [8.94812690100008, 6.004949995000061], [8.940175116000034, 6.009595885000067], [8.935645086000022, 6.014220180000166], [8.929967156000089, 6.017703959000187], [8.925436880000063, 6.022326998000153], [8.920890642000131, 6.024654807000104], [8.912947407000047, 6.030449789000158], [8.90841027900018, 6.033926038000118], [8.903863217000037, 6.036252930000046], [8.900466663000032, 6.039721025000063], [8.895920035000074, 6.042047966000098], [8.892515222000156, 6.044367854000029], [8.886827748000144, 6.046702809000067], [8.883421708000014, 6.04902316700003], [8.87888407000014, 6.052497898000183], [8.874329644000056, 6.053677994000111], [8.870915396000157, 6.054850102000103], [8.866368966000039, 6.057177100000104], [8.861813313000141, 6.058356742000171], [8.857259889000147, 6.05953590200005], [8.844667407000088, 6.053882071000032], [8.838895932000128, 6.044736848000184], [8.831973862999973, 6.034451913000169], [8.826227332000144, 6.028750908000177], [8.821621088000029, 6.02304218400019], [8.815874342000086, 6.017341180000074], [8.81125941800019, 6.010484169], [8.810059753000132, 6.002456179000148], [8.805436140000097, 5.994451083], [8.801980201000049, 5.989881958000069], [8.799663766000151, 5.985305795000045], [8.795075257, 5.981893021000133], [8.794491213000185, 5.981313405000151], [8.79273704600007, 5.967190092000124], [8.789396026000077, 5.959645420000129], [8.771267115000114, 5.95568513600017], [8.768606115000011, 5.951077034000093], [8.76400948700018, 5.946516003999989], [8.758261433000143, 5.940814910000086], [8.754813154000033, 5.937395155000047], [8.747925577000046, 5.931701186999987], [8.742188490000103, 5.927147851000029], [8.736466251000138, 5.924891001000162], [8.731886136000185, 5.922626994000154], [8.72615642400001, 5.919221824000147], [8.72157589000011, 5.916956834000132], [8.718128159, 5.913537025999972], [8.71467125900017, 5.908967912000094], [8.71232979400014, 5.900947993000102], [8.71113795600013, 5.894066808000161], [8.711060363, 5.883735124000111], [8.70986106800018, 5.875706193000042], [8.70866878400011, 5.868825974], [8.70637049200019, 5.86654621200006], [8.702905519000126, 5.860828816000037], [8.6994573610001, 5.85740897200003], [8.69372671400015, 5.854003005000038], [8.686856040000066, 5.850606010999968], [8.678862523000134, 5.849513940000122], [8.669735769000113, 5.849576033000062], [8.665163865000181, 5.848460181000064], [8.65716081700009, 5.846219061000113], [8.651439788, 5.843962133000048], [8.646858953000162, 5.841697200000169], [8.643410943000163, 5.838275972000076], [8.63997146100013, 5.836003841999968], [8.636506110000028, 5.830286956], [8.634198935000029, 5.82685899500018], [8.631883365000078, 5.822282723000058], [8.62841039600005, 5.815417739000111], [8.626093863000165, 5.810841149000169], [8.623769510000102, 5.805117079000127], [8.6225863680001, 5.799385156000085], [8.621394287000157, 5.792503780000061], [8.62021177700018, 5.786771828000042], [8.620177068000032, 5.782178911000074], [8.617852988000152, 5.776454946000172], [8.617810487999975, 5.770715285000165], [8.616626978000113, 5.764982203999978], [8.615443504000098, 5.759250230000021], [8.61425949400018, 5.753518121000127], [8.614209227, 5.746629302000088], [8.614174597000158, 5.742036785000153], [8.612991234000049, 5.736305243], [8.61295414000017, 5.73138379500017], [8.622815105000086, 5.728724927000087], [8.635381712000083, 5.726483769000083], [8.646813477000137, 5.723087848000034], [8.661668714000086, 5.719708031999971], [8.675382830000103, 5.716322916000024], [8.684519563000151, 5.715216129], [8.695940714000187, 5.714118912000117], [8.706225276000055, 5.711866911000186], [8.717650538000044, 5.709621003000166], [8.727934840000103, 5.707368816999974], [8.73593151800003, 5.706256912000072], [8.749644999000054, 5.702871841000047], [8.764496033000114, 5.70064107800016], [8.774779242000022, 5.698389979000126], [8.781634220000171, 5.697270850000166], [8.79077072900003, 5.696164072999977], [8.79648427800015, 5.695041194000055], [8.802191540000024, 5.695066941000164], [8.806763703000058, 5.693939170000021], [8.814759277000121, 5.692825817000028], [8.818035810000083, 5.693561065000097], [8.815813908000052, 5.701612983000189], [8.814689429, 5.703917056000137], [8.813575047000029, 5.707368866000081], [8.813600357000155, 5.710813052000105], [8.814758065000035, 5.713100910000094], [8.815915787000051, 5.715390172000127], [8.818205940000098, 5.716522220000172], [8.821636948000105, 5.717647054000167], [8.825068533000092, 5.718771022000055], [8.828491106000058, 5.718747199000177], [8.834195388000069, 5.718708015000118], [8.83648504600012, 5.719840096000098], [8.842214351000166, 5.723245118000079], [8.845680212000104, 5.728961925000135], [8.849136493, 5.733530958000074], [8.85031103200015, 5.738114865], [8.851477623000108, 5.741550899000117], [8.852669896000066, 5.748432089000119], [8.852712683000163, 5.754171874000122], [8.852746918000037, 5.758763789], [8.853913025000168, 5.762199943000098], [8.856237292, 5.767924813000036], [8.858578797000064, 5.775945254000078], [8.858595961000049, 5.778241136000133], [8.857497224000156, 5.783988934000035], [8.855257941000048, 5.789744908000046], [8.853018589000044, 5.795501292999973], [8.848516301000018, 5.803568866000035], [8.846267650000073, 5.808177044000104], [8.844028617000163, 5.813932944000101], [8.84405422000009, 5.817377115000056], [8.844079824000062, 5.820820878000177], [8.844113402000175, 5.825413191999985], [8.844131587000163, 5.827710200000183], [8.851833518000149, 5.827653919000056], [8.858964867, 5.831976355999984], [8.859181541000169, 5.838892461000171], [8.85766779800008, 5.842782518999968], [8.860910585000056, 5.845592518000046], [8.865232562000187, 5.847105000000113], [8.869555241000171, 5.849915041000031], [8.871067813000082, 5.852292137000063], [8.877552046000062, 5.854669629000114], [8.881441861000098, 5.857479106000142], [8.883387385000105, 5.86050510300015], [8.889223248000064, 5.859640648000095], [8.895274042000153, 5.860288561000175], [8.901973656999985, 5.861801688000071], [8.904567801000042, 5.865043647000164], [8.903919320000114, 5.871527262000029], [8.90802600699999, 5.881253224000091], [8.911700482000185, 5.88579174900002], [8.913645037000038, 5.8922752900001], [8.910836036000092, 5.899580013000048], [8.91234768400011, 5.903081901000121], [8.915590119000058, 5.904162426000084], [8.923154650000072, 5.902649439000186], [8.930071013999964, 5.907836404000136], [8.935473178, 5.910646012000029], [8.939579699000092, 5.911942931000169], [8.94087710700012, 5.917129996000085], [8.941791391000095, 5.920033002000139], [8.946372212000142, 5.922297916000105], [8.952101740000103, 5.925703022000107], [8.961262563000162, 5.930232109000144], [8.96700071400005, 5.934784838000155], [8.971572925000089, 5.935902133000127], [8.97846906500007, 5.942742873000043], [8.989945219000163, 5.951848958000028]]]}}, {"type": "Feature", "properties": {"adm2_name": "Gokana", "adm2_name1": null, "adm2_name2": null, "adm2_name3": null, "adm2_pcode": "NG033012", "adm1_name": "Rivers", "adm1_name1": null, "adm1_name2": null, "adm1_name3": null, "adm1_pcode": "NG033", "adm0_name": "Nigeria", "adm0_name1": null, "adm0_name2": null, "adm0_name3": null, "adm0_pcode": "NG", "valid_on": "2019-04-17", "valid_to": null, "area_sqkm": 132.74240367, "version": "v01", "lang": "en", "lang1": null, "lang2": null, "lang3": null, "adm2_ref_name": "Gokana", "sendist_en": "Rivers South East", "sendistpcode": "NG03302", "center_lat": 4.6596482, "center_lon": 7.29151885}, "geometry": {"type": "Polygon", "coordinates": [[[7.31535486000007, 4.597617165000031], [7.320522907000168, 4.608765102000064], [7.324765228000103, 4.619453914000189], [7.328555070000107, 4.631079196000144], [7.330491134000113, 4.641320242000177], [7.338902064000024, 4.654773283000111], [7.344055991000062, 4.66452311300003], [7.347083435000116, 4.675246883], [7.350367546000143, 4.675261768000098], [7.354063505000113, 4.675564479000172], [7.356049213000119, 4.676717414999985], [7.356041555, 4.678433243000029], [7.354600379000146, 4.682716607000089], [7.353448677000074, 4.685857302000159], [7.351161875000059, 4.688420800000131], [7.348783003000051, 4.691580298000076], [7.347191932000101, 4.705057158000159], [7.345461751000016, 4.717192164000039], [7.344653147000088, 4.729320048000034], [7.32845775800007, 4.720590111000092], [7.316945157000077, 4.720214874000021], [7.304935908000061, 4.716114988000072], [7.295247011000129, 4.713860980000106], [7.285574827000119, 4.713470913000037], [7.27450892000013, 4.711693753000077], [7.257001806, 4.710433946000023], [7.246848133000015, 4.707716933000029], [7.234645755000088, 4.702348254000185], [7.226068593999969, 4.700393244000054], [7.231968010000116, 4.693295675000172], [7.237410226000122, 4.685314373999972], [7.252555584000049, 4.685153051000043], [7.248405984000044, 4.676936172000069], [7.241861814, 4.666264973000068], [7.240745080000181, 4.641889080000169], [7.24793917900007, 4.626122946000066], [7.25292501500013, 4.61769197600006], [7.257023410000045, 4.615647075000027], [7.261499475000107, 4.605545869000025], [7.271490868000171, 4.598915004000048], [7.277479334000077, 4.596272034000037], [7.297402650000038, 4.600186045000157], [7.31535486000007, 4.597617165000031]]]}}, {"type": "Feature", "properties": {"adm2_name": "Ibeno", "adm2_name1": null, "adm2_name2": null, "adm2_name3": null, "adm2_pcode": "NG003008", "adm1_name": "Akwa Ibom", "adm1_name1": null, "adm1_name2": null, "adm1_name3": null, "adm1_pcode": "NG003", "adm0_name": "Nigeria", "adm0_name1": null, "adm0_name2": null, "adm0_name3": null, "adm0_pcode": "NG", "valid_on": "2019-04-17", "valid_to": null, "area_sqkm": 243.38210447, "version": "v01", "lang": "en", "lang1": null, "lang2": null, "lang3": null, "adm2_ref_name": "Ibeno", "sendist_en": "Akwa Ibom South", "sendistpcode": "NG00303", "center_lat": 4.56345927, "center_lon": 8.08897007}, "geometry": {"type": "Polygon", "coordinates": [[[8.241193734000149, 4.579414371000098], [8.237719696000113, 4.58171082400014], [8.235410007000041, 4.583424096000158], [8.233672316000082, 4.585141187000033], [8.231917539000108, 4.588590125999986], [8.230169532000161, 4.591462125000021], [8.227847222000037, 4.594327936000127], [8.223792778000131, 4.598336249], [8.220897742000034, 4.601198219000025], [8.218002106000085, 4.604061165000132], [8.213989234000053, 4.604028209999967], [8.210548427000049, 4.604000081000038], [8.20825567200012, 4.603981956000041], [8.205394912000031, 4.60338213000017], [8.202527854000152, 4.603357770000116], [8.19794644500007, 4.602744096000151], [8.193939342000078, 4.602135209000096], [8.189352182000107, 4.602097971000035], [8.183612881000158, 4.602628242000151], [8.178446748, 4.603164235000179], [8.17443967500003, 4.602553876], [8.166973861000145, 4.603648190000172], [8.162387809000109, 4.603610966000076], [8.158385441000064, 4.602425069000105], [8.15036501200018, 4.601781850000123], [8.146941145000142, 4.600022786000011], [8.142933601000038, 4.599413855000023], [8.139493963000177, 4.599386244000129], [8.133771627000101, 4.598186044000101], [8.127464984000085, 4.59813504300007], [8.123456924000095, 4.597525100000155], [8.11887627100009, 4.596910914000148], [8.11486235600006, 4.596878994000178], [8.109707979000177, 4.596260057], [8.106842100000108, 4.596237206000183], [8.102833542999974, 4.595626831], [8.099393943000166, 4.595599193000055], [8.095959679000032, 4.594995052000058], [8.09137798100005, 4.594379869000079], [8.085650503000068, 4.593757179000022], [8.081064030000107, 4.593719003000103], [8.072480943000016, 4.59191892299998], [8.068478438000056, 4.590732073000027], [8.064477081000177, 4.589546219000169], [8.059328286000039, 4.588349822], [8.054167592000113, 4.588307880000116], [8.048439718000111, 4.587685084999976], [8.039862375000155, 4.585307118000173], [8.033561968000129, 4.584679134000055], [8.027834188000156, 4.584054960000117], [8.018098696000038, 4.582821852000052], [8.01004869100018, 4.585065843000166], [8.00835115500007, 4.582744123000111], [8.003776373999983, 4.581552984000041], [8.000910045000069, 4.581529131000082], [7.99745790500009, 4.582654961000173], [7.993427050999969, 4.584353904000125], [7.987682780000114, 4.585462095000082], [7.981392957000082, 4.583680160000029], [7.975683014000083, 4.581325986000081], [7.969381109000096, 4.580697054000098], [7.960809983000047, 4.577742128000011], [7.953373011000053, 4.575951098000189], [7.947077944000114, 4.57474613100004], [7.940237742000079, 4.570651047000126], [7.931128174000094, 4.564228059000186], [7.927692784000044, 4.563622937000048], [7.924837862000061, 4.562446124000076], [7.921982943000046, 4.561267863000012], [7.919133101000114, 4.559514054000147], [7.915124673000093, 4.558905149000111], [7.910556116, 4.55713603800001], [7.896824106000167, 4.554140104000112], [7.89395801600017, 4.554115779000142], [7.889944028000059, 4.554083824000088], [7.884211270000037, 4.554038043000105], [7.879612236000185, 4.555154778000031], [7.872737808000181, 4.554522021000025], [7.864698965000173, 4.555611126000144], [7.856104670000093, 4.554965022000147], [7.850370781000038, 4.55491783400015], [7.843484937000142, 4.555439958000022], [7.834884940000109, 4.555369838000104], [7.822834164000085, 4.556427011000039], [7.81402588900005, 4.555246835000105], [7.824886114000037, 4.522970227000087], [7.849517049000099, 4.525476923000042], [7.8622763730001, 4.526586046000034], [7.878012747000071, 4.525559909000151], [7.89717079400009, 4.528980721000039], [7.909143826000047, 4.531033527000091], [7.917353988000116, 4.530691138000066], [7.92898583200008, 4.533428198000081], [7.929683109000166, 4.53651284], [7.936556725000059, 4.537146077000102], [7.948826529000087, 4.534796255000174], [7.956695186000047, 4.535822873000029], [7.973457794000183, 4.535138585000084], [7.983378809000101, 4.535822853000013], [7.987561933000165, 4.539866915000175], [8.000188132000119, 4.538815023000154], [8.00991144000011, 4.541202067000143], [8.015194164000036, 4.540954106000129], [8.02306150100003, 4.54026985400003], [8.029973059000099, 4.54194114500018], [8.036291286000164, 4.540837769], [8.04769318700005, 4.540612238000108], [8.057614428000022, 4.541980275000071], [8.067193037000038, 4.542664521000177], [8.075256614000068, 4.543460849000155], [8.083856367000124, 4.543529997], [8.092508418000023, 4.54334878800006], [8.104497238000079, 4.543696887000124], [8.11406040800017, 4.541980288000161], [8.125006700000085, 4.542664541000022], [8.13355939600001, 4.542664526000067], [8.142910757000095, 4.544007767000096], [8.153811543000131, 4.543519005000178], [8.158974800000067, 4.544134636000024], [8.159302027000024, 4.545763333000082], [8.166639282000062, 4.54610298800003], [8.176139900000123, 4.546123512000122], [8.179721038000139, 4.545718185000055], [8.186606179000023, 4.545458304000135], [8.19225302500007, 4.544919948000029], [8.19308012600004, 4.544646254000099], [8.199827071000072, 4.544110790000047], [8.205197346000034, 4.544397373000038], [8.207401297000047, 4.54398919099998], [8.208502562000149, 4.543991550000101], [8.215802974000042, 4.54263116900006], [8.217180105000011, 4.54263402100014], [8.217868969000165, 4.542360770000187], [8.220899665000104, 4.542091850000133], [8.225858452000182, 4.540863969000043], [8.227098469000168, 4.540866843000117], [8.227786751999986, 4.540593128000125], [8.230128045000185, 4.540322760000151], [8.230955965000135, 4.539911747000133], [8.232331945000112, 4.539914613], [8.233297519000075, 4.539504050000062], [8.234398750000139, 4.539506441000185], [8.235501409000165, 4.53909588300013], [8.236327342000038, 4.539097783000102], [8.237016470000015, 4.53868629699997], [8.238944770000046, 4.538414972], [8.240047420000167, 4.538004882], [8.244041644000049, 4.537462696000091], [8.245970777000082, 4.536778923000099], [8.24665904699998, 4.536780347000047], [8.25065493600016, 4.535688408], [8.256577389000142, 4.534874927000146], [8.259746480000103, 4.533918362000122], [8.261260941000046, 4.533783923000101], [8.263466989000165, 4.532825462000119], [8.26498144400017, 4.532691007999972], [8.267186103000029, 4.532145026000137], [8.268837936000011, 4.532148384000038], [8.27021391400018, 4.532426356000144], [8.273243666000042, 4.532294753000144], [8.27806262900009, 4.532579903000112], [8.27985106000017, 4.533409119000169], [8.281087802000172, 4.53451204300012], [8.283281373000023, 4.538505559000157], [8.283966187000033, 4.540570723000144], [8.286021404000167, 4.545251870000129], [8.285879973000135, 4.546902163000141], [8.284499868000069, 4.548138170000186], [8.284222390000025, 4.548962595000091], [8.284219718000145, 4.550338281000052], [8.284493725000175, 4.551301933000047], [8.287099609000109, 4.555709369], [8.288744092000059, 4.559289456000045], [8.28970504400013, 4.560391921000019], [8.29094406900009, 4.560944538], [8.29149365800015, 4.561496255000122], [8.291766019000022, 4.562459453000031], [8.294511124000053, 4.566729534000103], [8.297533207000072, 4.570174715000178], [8.29752919900011, 4.5716876890001], [8.296702433000121, 4.572374327999967], [8.294634984000027, 4.573058138000079], [8.294010911000157, 4.571776877000048], [8.293472508000093, 4.568309788000136], [8.292360435000035, 4.564837936000117], [8.290072401999964, 4.564242850000085], [8.287784377000094, 4.563646807000055], [8.285496930000136, 4.563051231000145], [8.282647045000147, 4.561296955000103], [8.279791566000029, 4.560120112], [8.276936660000104, 4.558941821000133], [8.274644182000088, 4.558924186000183], [8.271203793000097, 4.558896057000084], [8.268910195000046, 4.558876976000022], [8.265464713000085, 4.559426765000126], [8.261439351000092, 4.56054781000006], [8.25856696599999, 4.561101918000077], [8.255682686000114, 4.562809945000083], [8.254658236000068, 4.563144605000048], [8.25419606100013, 4.563295599000128], [8.251833192000106, 4.563066009000124], [8.24976626400013, 4.563749769000026], [8.248663828000076, 4.564022543000021], [8.246598015000131, 4.564156085000093], [8.245221104000109, 4.564015387000154], [8.243018193000012, 4.564148402000058], [8.242605203000153, 4.563872331000027], [8.24136649900015, 4.56400726600009], [8.238196548000133, 4.564963819000127], [8.23723119900012, 4.565787306000118], [8.234749815000157, 4.56688261700009], [8.232133610000119, 4.566877386999977], [8.230343972000014, 4.566873073000181], [8.229930988000149, 4.566596988000185], [8.22924209100006, 4.566596031000188], [8.228965886000026, 4.567283143000168], [8.23034024000009, 4.568386567000175], [8.232266694000145, 4.569078423000065], [8.233918121000102, 4.569356908999964], [8.234468210000045, 4.56935834300009], [8.236397526000133, 4.568674566000084], [8.239155662000087, 4.567166800000052], [8.24080933700003, 4.56662036400013], [8.243012265000061, 4.566486861000044], [8.244114984000078, 4.566351416000089], [8.246317907000048, 4.566218857000024], [8.24842045600019, 4.565990160000069], [8.247037067, 4.567358012000057], [8.24586696700004, 4.569656855000119], [8.244118609000111, 4.572527884000067], [8.243936237000128, 4.573233798000047], [8.24148096500005, 4.574187750000078], [8.239276871000072, 4.574595934000115], [8.239273745, 4.57583380900013], [8.239545679000116, 4.577209958000026], [8.240094936, 4.578174124000043], [8.241193734000149, 4.579414371000098]]]}}, {"type": "Feature", "properties": {"adm2_name": "Ibesikpo Asutan", "adm2_name1": null, "adm2_name2": null, "adm2_name3": null, "adm2_pcode": "NG003009", "adm1_name": "Akwa Ibom", "adm1_name1": null, "adm1_name2": null, "adm1_name3": null, "adm1_pcode": "NG003", "adm0_name": "Nigeria", "adm0_name1": null, "adm0_name2": null, "adm0_name3": null, "adm0_pcode": "NG", "valid_on": "2019-04-17", "valid_to": null, "area_sqkm": 175.1215714, "version": "v01", "lang": "en", "lang1": null, "lang2": null, "lang3": null, "adm2_ref_name": "Ibesikpo Asutan", "sendist_en": "Akwa Ibom North East", "sendistpcode": "NG00301", "center_lat": 4.8963601, "center_lon": 7.96617999}, "geometry": {"type": "Polygon", "coordinates": [[[7.993620744000111, 4.968735255000013], [7.988443754000059, 4.970424190000074], [7.983828310000092, 4.973272777000091], [7.978640152000139, 4.976117163000083], [7.975170962000163, 4.978973849], [7.972859804000052, 4.98068716400013], [7.969970413, 4.982972123000081], [7.967085999000119, 4.984680171000036], [7.965917319000027, 4.986979007000173], [7.963606068000047, 4.98869183700009], [7.961868585000047, 4.990408880000189], [7.957248227000036, 4.993834944000128], [7.952654558, 4.994375252000054], [7.947488776000171, 4.994911221999985], [7.942891178000082, 4.996027022000135], [7.939451215000133, 4.995999809000125], [7.936579439000184, 4.99655386400002], [7.933712146000175, 4.99653100800009], [7.93141808200005, 4.996511939000015], [7.926257870000143, 4.99647], [7.921670864000077, 4.996432795000032], [7.918805269000188, 4.9964099], [7.914784736000172, 4.996954876000189], [7.911919137000098, 4.996932075000132], [7.909046187000058, 4.997486134000098], [7.906178893000174, 4.997461783000119], [7.898714945000052, 4.998557118000065], [7.891828731000146, 4.999077784000121], [7.886662794000188, 4.999612818000173], [7.882638178000093, 5.000734775000183], [7.884397715999967, 4.996708879000153], [7.88499481700012, 4.994406205000075], [7.88675485300007, 4.990379799000152], [7.887350809000168, 4.988076209000155], [7.887391151000145, 4.984035990000109], [7.888003567000169, 4.980000981000103], [7.888600623, 4.977696892000154], [7.889203355000177, 4.97481682300014], [7.891536433999988, 4.970796100000086], [7.892712319000054, 4.967918897000175], [7.893904072000169, 4.963312175], [7.895073684000124, 4.961011867000138], [7.897407736000162, 4.956991164000044], [7.899149908000084, 4.95469716600013], [7.901477677, 4.951252914000122], [7.904952825000123, 4.94781781800009], [7.90843299200003, 4.943806151000103], [7.909596796000073, 4.942083812000135], [7.910778093000033, 4.938631069000166], [7.911948070000108, 4.936332243000038], [7.913695704000077, 4.933460213000103], [7.914888341000108, 4.932047174000161], [7.915302909000104, 4.930318715000055], [7.915337852000107, 4.918459761000065], [7.919031655000083, 4.907838488000152], [7.923547393000149, 4.894357045000106], [7.927234741000063, 4.885780313000168], [7.931329714000071, 4.876795830999981], [7.932576139000048, 4.867802877000031], [7.934662818000163, 4.849815947000025], [7.934695947000137, 4.838365943000156], [7.934720792000121, 4.829778401000169], [7.938010767000151, 4.81751991200008], [7.93916049000012, 4.81385947299998], [7.940063919000181, 4.8109829980001], [7.940903401000185, 4.801988908000055], [7.942151085000035, 4.792586997000114], [7.947037138000098, 4.790965420000134], [7.951913856000033, 4.79261520600005], [7.951884759, 4.802838492000035], [7.954279073000066, 4.81920269900013], [7.959951898000043, 4.827397622000092], [7.961070992999964, 4.835728014000097], [7.961686144000168, 4.835732953000047], [7.963967522000075, 4.836905924000064], [7.966250040000148, 4.838078050000036], [7.970818977000079, 4.839847107000139], [7.973107066000125, 4.840443133000065], [7.974287999000012, 4.836988953000059], [7.974884854000095, 4.834684863000064], [7.978897976000155, 4.834718241000132], [7.981752950000157, 4.835896041000069], [7.984028859000034, 4.83764501700017], [7.985737893000078, 4.838812810999968], [7.987446933000058, 4.839982060000182], [7.989716816000055, 4.842308055], [7.992548706000036, 4.84579415900015], [7.996104619, 4.847945706000075], [8.000984512000116, 4.848776930000099], [8.009121967000056, 4.848799144000168], [8.01847749400008, 4.849642367000058], [8.021723571, 4.852922580000097], [8.021709446000159, 4.858238660000154], [8.017632161000051, 4.86149917900002], [8.016001464000055, 4.862721523000062], [8.011928469000111, 4.864346247000185], [8.00907354300017, 4.866792129000089], [8.007846069000038, 4.86924236700014], [8.00652230500009, 4.875478554000154], [8.007546462, 4.879412166], [8.009021740000037, 4.882697128000018], [8.009747449000145, 4.890971317000151], [8.00973598600018, 4.895232765000117], [8.009231068000133, 4.897487431000172], [8.008728169000165, 4.898990107000145], [8.008051656000077, 4.899387784999988], [8.006238384000142, 4.900453110000115], [8.006876717000125, 4.904201986000146], [8.008551504000025, 4.908832074000088], [8.008511376000058, 4.912871811000116], [8.007317292000039, 4.917479959], [8.004990732000124, 4.920923260000052], [8.002668511000081, 4.923789988000124], [8.001499142000057, 4.926088828000104], [8.000902876000112, 4.928392883000015], [8.00087368200019, 4.931279155000084], [8.00141323400004, 4.934745833000079], [8.00138459600015, 4.937632106000024], [8.001338879, 4.942247894000047], [8.000157291000107, 4.945702075000099], [7.99896467700006, 4.950308788000143], [7.997778116000177, 4.954339999000183], [7.996028793000107, 4.957211017000077], [7.994847683000103, 4.960663756000031], [7.993092800000113, 4.964113221000048], [7.993620744000111, 4.968735255000013]]]}}, {"type": "Feature", "properties": {"adm2_name": "Ibiono Ibom", "adm2_name1": null, "adm2_name2": null, "adm2_name3": null, "adm2_pcode": "NG003010", "adm1_name": "Akwa Ibom", "adm1_name1": null, "adm1_name2": null, "adm1_name3": null, "adm1_pcode": "NG003", "adm0_name": "Nigeria", "adm0_name1": null, "adm0_name2": null, "adm0_name3": null, "adm0_pcode": "NG", "valid_on": "2019-04-17", "valid_to": null, "area_sqkm": 336.16748952, "version": "v01", "lang": "en", "lang1": null, "lang2": null, "lang3": null, "adm2_ref_name": "Ibiono Ibom", "sendist_en": "Akwa Ibom North East", "sendistpcode": "NG00301", "center_lat": 5.20024113, "center_lon": 7.89535445}, "geometry": {"type": "Polygon", "coordinates": [[[7.880370181000103, 5.366795550000177], [7.877982882000026, 5.367052017000162], [7.876112163000016, 5.368900774999986], [7.87436924900004, 5.367439773000058], [7.869856708000157, 5.363656057000185], [7.865860058000067, 5.361892283000088], [7.862432078000097, 5.36071013600008], [7.859002994000093, 5.359528082000168], [7.855001247000189, 5.358342237000159], [7.852707751000139, 5.358323164000126], [7.850409075000186, 5.358880975000147], [7.847548091000078, 5.358282037000151], [7.844687105000162, 5.357680834000064], [7.841831336000041, 5.356503971000109], [7.840123156000061, 5.355336234000049], [7.837852178000105, 5.353009218000068], [7.835615851999989, 5.347218972000064], [7.834486729000105, 5.345478992000153], [7.833357065000087, 5.343738136000184], [7.831672081000079, 5.340261956000177], [7.830553978000069, 5.337367036999979], [7.829442249000181, 5.333895200000086], [7.828317862000119, 5.331576742999971], [7.826620847000129, 5.32925516500012], [7.825497060000146, 5.326938108000149], [7.823221108000098, 5.325188176000154], [7.820387718000177, 5.321701995000069], [7.818129213000077, 5.318221061000031], [7.815869644000088, 5.314740109000127], [7.815326048000031, 5.311850116000187], [7.81420179700001, 5.309532170000068], [7.811374980000153, 5.305469039000059], [7.809110861000136, 5.302565094000045], [7.807987247000085, 5.300248111000087], [7.806868899000108, 5.297352836000073], [7.807320319000155, 5.294784402000175], [7.807476920000056, 5.293894750000106], [7.805801785000085, 5.289264216000163], [7.806398733000094, 5.286960077], [7.806995099000062, 5.284657045000074], [7.807597282000074, 5.281775022999966], [7.808772009000165, 5.278899239000054], [7.811077172000012, 5.27776379400018], [7.813950209000154, 5.277210228000058], [7.81681575600004, 5.27723308700007], [7.819688764000091, 5.276679049000052], [7.822560655000075, 5.276124986000127], [7.825445226000113, 5.274416958000018], [7.827761883000051, 5.272127205], [7.832387652000079, 5.268125119], [7.834159987000078, 5.262944219000133], [7.83590863500018, 5.260073143000113], [7.837639979000073, 5.258933032000186], [7.840535863000014, 5.256070105000163], [7.842858074000048, 5.253202947999966], [7.843459922000136, 5.250321843999984], [7.844072710000034, 5.246286792000092], [7.844097414000089, 5.243978941000023], [7.844130802000052, 5.240516155000023], [7.845324049000055, 5.235909001000039], [7.845368942000164, 5.231291710000164], [7.846567881000169, 5.226108078000095], [7.846608144000186, 5.222067818000085], [7.846063318000063, 5.219178285000055], [7.844956992000164, 5.21512789500008], [7.842698354000163, 5.211647952000021], [7.83985874300015, 5.20873880500011], [7.837605968000162, 5.204679967], [7.835335936000092, 5.202353054000127], [7.834218239000108, 5.199459115000025], [7.835432841000056, 5.192542976000084], [7.834895050000057, 5.189074971000082], [7.834344015, 5.18676287], [7.834946392, 5.183882183000151], [7.836688907000052, 5.181587238000077], [7.839004912000121, 5.179296979000185], [7.841320882000048, 5.177008132000083], [7.843070765000164, 5.174136168000132], [7.843678224000087, 5.170678156000179], [7.844297190000134, 5.166066138000133], [7.843195676000107, 5.161439907000101], [7.842095865000147, 5.156814103000158], [7.84098921400016, 5.152764823000098], [7.839871054000184, 5.149869913000032], [7.837629031000063, 5.144658096000057], [7.834808978000012, 5.140017946000171], [7.834258020999982, 5.137704860999975], [7.834855116000142, 5.135400795000123], [7.836592182000118, 5.133684138000092], [7.838897493, 5.132547886000054], [7.841775118000157, 5.131416771000033], [7.843529397999987, 5.12796784], [7.844131035000146, 5.125086798000041], [7.844154033999985, 5.122778916000016], [7.843627211000182, 5.118156907000127], [7.841947228000038, 5.114103824000097], [7.840829178000035, 5.111208913999974], [7.84143712499997, 5.107750901000145], [7.843167736000112, 5.106610759000148], [7.846064055, 5.103747854000119], [7.848380078000048, 5.101459033000026], [7.850689755000133, 5.09974622600015], [7.850731084000074, 5.095705972000189], [7.84960671500005, 5.093389025000022], [7.847348229000033, 5.089908113000149], [7.844515836000085, 5.086421036000047], [7.842830248000041, 5.08294487400002], [7.842285085000185, 5.080055246000029], [7.842325361000121, 5.076014968000038], [7.843500837000022, 5.073139207], [7.845250207, 5.070268149000128], [7.849302720000026, 5.066259831000139], [7.85105776100005, 5.062810860000127], [7.851659784, 5.059930783000141], [7.849405540000021, 5.055871973000023], [7.84888899200007, 5.054805676], [7.849619439000037, 5.047923972000149], [7.849633544000028, 5.043411881000111], [7.849545288, 5.042309487000182], [7.849393140000075, 5.040403044000072], [7.848655056999974, 5.037141984000129], [7.84766953899998, 5.03312812900009], [7.845483700000045, 5.031360376000123], [7.847675819000131, 5.031122788000175], [7.851661802000024, 5.033140723999963], [7.854901919000099, 5.034404301000166], [7.862128923000171, 5.037435002], [7.86461947700019, 5.038946730000021], [7.866572841000163, 5.040427953000119], [7.867334623000147, 5.040433932000155], [7.870195981000109, 5.041035194000187], [7.871808994000048, 5.041048095000065], [7.872584752000137, 5.045488993], [7.874805681000112, 5.053517385000077], [7.876788723000061, 5.058035539000173], [7.883510455000021, 5.063320359000102], [7.891225256000041, 5.070362707000129], [7.89169141800005, 5.070642963000068], [7.893967247000148, 5.072392004000108], [7.896810764000122, 5.074724187000072], [7.900234467000189, 5.076482789000067], [7.903078055000094, 5.078814978000082], [7.905359057000169, 5.079988043000014], [7.908208920000163, 5.081741810000096], [7.911632188000056, 5.083500878000166], [7.913334804999977, 5.085246103000088], [7.914464053000188, 5.08698700400015], [7.915015438000069, 5.089300195000135], [7.916137954000021, 5.091618046000121], [7.91611483700018, 5.09392593400014], [7.915519443000107, 5.096230046000187], [7.914350105000153, 5.098528874000124], [7.91317397600011, 5.101405136000096], [7.911424987000089, 5.104277091000142], [7.91930894900014, 5.118769154000063], [7.924939114000097, 5.129202838000083], [7.927192390000016, 5.133261240000138], [7.929450786000189, 5.13674307499997], [7.932282661000102, 5.14022776000013], [7.936263213000132, 5.143722996000122], [7.938527355000076, 5.146626964000063], [7.941371174000096, 5.148959126000079], [7.945895164000092, 5.155344018999983], [7.952149834000181, 5.160589251000033], [7.955556183, 5.164079216000061], [7.960114034000128, 5.167002183000022], [7.962384081000096, 5.169329172000118], [7.963508248000096, 5.171646096000131], [7.962911918000145, 5.17395022200003], [7.960596152000051, 5.176239988000134], [7.957687868999983, 5.180255892000048], [7.955939996999973, 5.183127908000188], [7.955320153000059, 5.187739884], [7.954127866000078, 5.192347977000168], [7.954666806999967, 5.195815102000097], [7.955791022000028, 5.198133048000045], [7.956336125000064, 5.201023141000121], [7.957459223000114, 5.203341060000184], [7.959155907000138, 5.205663168000115], [7.960853187000055, 5.207984991000103], [7.969827719000136, 5.220265383000083], [7.96871928000013, 5.225717990000135], [7.966410436000047, 5.231453884000075], [7.961823244000129, 5.23603102800007], [7.953822146000164, 5.238293210000052], [7.948098077000054, 5.241714085000183], [7.943515527000159, 5.245141975000138], [7.940071207000074, 5.249722984000186], [7.937766776000103, 5.254311096000038], [7.936598925, 5.260053100000107], [7.936083823000047, 5.262585597000111], [7.936199226999975, 5.265501019000112], [7.93560314900003, 5.267804113000068], [7.93557395300013, 5.270689018000155], [7.934971667000013, 5.273570971000083], [7.933796837000159, 5.276446881000027], [7.931457782000166, 5.281044886000075], [7.929696845000024, 5.285070916000109], [7.92620636200013, 5.290236906000132], [7.922725342000092, 5.294249076000142], [7.919829803000027, 5.297111077000068], [7.916361069000118, 5.299969261000115], [7.912880998, 5.303979913000148], [7.909412146000079, 5.306838010999968], [7.907107087000043, 5.307973927000035], [7.904796919000034, 5.309687137000026], [7.901913014000058, 5.31139521800003], [7.900181071000191, 5.312534795999966], [7.895571383000174, 5.314805906000117], [7.892114203000119, 5.316510211000036], [7.888667826000187, 5.31705898000007], [7.885801965000098, 5.317036110000117], [7.882356126, 5.317584970000041], [7.879489155000044, 5.317562048000127], [7.874896954000121, 5.318101944000034], [7.872041397000032, 5.316925019000053], [7.869759009000177, 5.315752977000102], [7.867472060000011, 5.315155971000081], [7.865183986999966, 5.314560927000059], [7.862885050000102, 5.315118816000108], [7.860000886000023, 5.316827695000029], [7.857689886000117, 5.3185410480001], [7.857093765000116, 5.320844142000055], [7.85592391800003, 5.323143046000041], [7.85418085200007, 5.325438018], [7.851291961000015, 5.327723024000079], [7.849249826000118, 5.329489712000054], [7.846665075000033, 5.331726044000163], [7.844353925000121, 5.33343788600007], [7.842617055000119, 5.335155907], [7.840874420999967, 5.337450964000084], [7.84198627100011, 5.340921895000122], [7.845976835999977, 5.343263087000025], [7.848831962000133, 5.344439917000102], [7.851704891000111, 5.34388590400016], [7.856290578000028, 5.34392404700003], [7.859164067000165, 5.343368996000038], [7.862031235000075, 5.343392911000137], [7.865476221, 5.342843962000074], [7.86834283800016, 5.342866011000069], [7.870653954000034, 5.341154166000081], [7.872963908000031, 5.339440876000083], [7.875853882000058, 5.337155850000045], [7.878726158000063, 5.336602179000124], [7.882172185000172, 5.336051947000101], [7.887338353000018, 5.33551696800015], [7.889636827000118, 5.334959053999967], [7.89366225700013, 5.333837097000128], [7.89653391000013, 5.333283006000045], [7.899390244000074, 5.33445974100016], [7.901671694000186, 5.33563287100003], [7.903936190000138, 5.338537238000072], [7.904481095, 5.34142682099997], [7.903317130000062, 5.343149108000148], [7.900422157999969, 5.346012102000032], [7.896386398, 5.348288062000051], [7.891764310000042, 5.35171321100006], [7.888289723000071, 5.355147856000087], [7.884815074000073, 5.35858206], [7.881334648000063, 5.36259509000007], [7.880370181000103, 5.366795550000177]]]}}, {"type": "Feature", "properties": {"adm2_name": "Ika", "adm2_name1": null, "adm2_name2": null, "adm2_name3": null, "adm2_pcode": "NG003011", "adm1_name": "Akwa Ibom", "adm1_name1": null, "adm1_name2": null, "adm1_name3": null, "adm1_pcode": "NG003", "adm0_name": "Nigeria", "adm0_name1": null, "adm0_name2": null, "adm0_name3": null, "adm0_pcode": "NG", "valid_on": "2019-04-17", "valid_to": null, "area_sqkm": 114.66776512, "version": "v01", "lang": "en", "lang1": null, "lang2": null, "lang3": null, "adm2_ref_name": "Ika", "sendist_en": "Akwa Ibom North West", "sendistpcode": "NG00302", "center_lat": 5.01641372, "center_lon": 7.54292693}, "geometry": {"type": "Polygon", "coordinates": [[[7.617847719000167, 5.046498746000168], [7.616105050000158, 5.048792824000088], [7.610921893000182, 5.051060231000179], [7.605739227000186, 5.053327065000133], [7.601140970000131, 5.054443798000079], [7.594828295000127, 5.054969745], [7.590808884000012, 5.055513841000106], [7.58504656700012, 5.058352953000167], [7.581015903000036, 5.060051946000158], [7.577559095000026, 5.061756170000081], [7.574675034000052, 5.063464138000029], [7.570639222000068, 5.065740122000022], [7.56774891900011, 5.068026081000085], [7.564859139000077, 5.070311093000157], [7.561389781000116, 5.073167809999973], [7.558494833000054, 5.076031230000126], [7.556752207999978, 5.078324802000168], [7.555015216000186, 5.080041893000043], [7.546906724, 5.088057081000102], [7.545795048000059, 5.08458519200002], [7.544672082000034, 5.082266821000132], [7.542996709000079, 5.077637236000157], [7.541885103000084, 5.07416485400006], [7.541334958000164, 5.071852224000054], [7.54021604400009, 5.068956859000025], [7.537952123000139, 5.066052881000076], [7.535682032000125, 5.063725917000113], [7.53226983400009, 5.060812994000059], [7.529425920000108, 5.058481217000121], [7.525997891000088, 5.05729912400011], [7.524289296, 5.056130887000165], [7.520286861000045, 5.054945007000072], [7.518901964000122, 5.053178801000172], [7.525101949000032, 5.050471310000034], [7.531024827000181, 5.048933520000162], [7.530072607000079, 5.047582468000087], [7.528321639000183, 5.044921129000102], [7.528949023, 5.038576639000041], [7.527912822000189, 5.037692100000129], [7.525625338000111, 5.037096954000106], [7.522722189000149, 5.036539099000038], [7.52049953400018, 5.036615355000151], [7.517972272000122, 5.037302045000104], [7.51544577400017, 5.03821755600012], [7.512274625999964, 5.036597227000073], [7.509670261000053, 5.034508663000111], [7.511933116000137, 5.030059812000161], [7.51197363700004, 5.026020052000035], [7.509726226000168, 5.021385210000062], [7.50860769500008, 5.018489816000113], [7.5074903040001, 5.015594997000164], [7.506365534999986, 5.01327805], [7.504658329000165, 5.012110206000045], [7.491908771000055, 5.007781027000021], [7.490524657000094, 5.006178856000076], [7.489138670999978, 5.003661606000151], [7.487753073000079, 5.001602172000105], [7.485214278000115, 4.998169447], [7.483599384000058, 4.996338380000168], [7.480381708000095, 4.996567230000096], [7.477856322000036, 4.997940565000079], [7.474635123000098, 4.997253893000106], [7.471143247000157, 4.995911145000036], [7.465689644000065, 4.986772593000126], [7.467803142000093, 4.984066079000172], [7.468256488000122, 4.980971362], [7.467827083000032, 4.978315273000078], [7.462582020000127, 4.973333267000157], [7.463192906000074, 4.972528952000118], [7.466083110999989, 4.970242982000173], [7.469545917000175, 4.967963208000185], [7.473024024000097, 4.965508097000168], [7.477566235000097, 4.965527092000059], [7.480208315000084, 4.965538116000062], [7.481094108999969, 4.964214664000167], [7.482131434000109, 4.960928083000113], [7.483953706000079, 4.960577039000043], [7.486248108000041, 4.960595128000023], [7.48911398100006, 4.960618036000142], [7.491418716999988, 4.959482213000058], [7.49204410800013, 4.954292794000082], [7.4915059490001, 4.950826151000058], [7.491546117000041, 4.946785956000156], [7.49896470200008, 4.94527720800005], [7.502461734, 4.944565798000156], [7.505329176000146, 4.944589160000135], [7.508196050000038, 4.944612051000149], [7.511062922000065, 4.944634939000082], [7.513349824000102, 4.94523093700019], [7.516204733000166, 4.946407788000158], [7.520780811000066, 4.947599865000086], [7.525343875000146, 4.949944975000165], [7.529334948000042, 4.952285815000039], [7.53218483600017, 4.954040981000105], [7.53673048100012, 4.958116983000025], [7.540142868000089, 4.96103004500003], [7.542413496000052, 4.963356974000078], [7.544116058000043, 4.965103161000059], [7.546942394000098, 4.969164812000145], [7.549201243000084, 4.972647204000111], [7.549485819000154, 4.97323402], [7.551743163000083, 4.975396730000057], [7.557421002000069, 4.982225220000032], [7.565246194000053, 4.986912858000096], [7.570204199000045, 4.995529401999988], [7.574101327999983, 5.001992513000175], [7.575136069000052, 5.010951820000116], [7.578483940000069, 5.017232439999987], [7.581411911000089, 5.020233132000101], [7.58424971400018, 5.023140925000121], [7.588813541000036, 5.02548697400016], [7.593371851000086, 5.028409051999972], [7.598509081000032, 5.030758821000177], [7.601932082000019, 5.032517915000028], [7.604207978000034, 5.034267920000161], [7.606483895000167, 5.036017911000101], [7.611030797000126, 5.040094883000108], [7.617847719000167, 5.046498746000168]]]}}, {"type": "Feature", "properties": {"adm2_name": "Ika North East", "adm2_name1": null, "adm2_name2": null, "adm2_name3": null, "adm2_pcode": "NG010007", "adm1_name": "Delta", "adm1_name1": null, "adm1_name2": null, "adm1_name3": null, "adm1_pcode": "NG010", "adm0_name": "Nigeria", "adm0_name1": null, "adm0_name2": null, "adm0_name3": null, "adm0_pcode": "NG", "valid_on": "2019-04-17", "valid_to": null, "area_sqkm": 467.70072246, "version": "v01", "lang": "en", "lang1": null, "lang2": null, "lang3": null, "adm2_ref_name": "Ika North East", "sendist_en": "Delta North", "sendistpcode": "NG01002", "center_lat": 6.23676851, "center_lon": 6.32092515}, "geometry": {"type": "Polygon", "coordinates": [[[6.375341956999989, 6.239600143000075], [6.371198146000097, 6.254128963000142], [6.371909588000165, 6.257847581000135], [6.369922489000146, 6.261239919000161], [6.369334185000127, 6.268725984000071], [6.374113026000032, 6.273040557000058], [6.379639747000169, 6.276677247000066], [6.383993033000138, 6.282668195000156], [6.389380083000162, 6.294501771000114], [6.391353251000169, 6.309774903000118], [6.387904124000158, 6.320841751000103], [6.383092025000167, 6.332591014000116], [6.378266833000055, 6.347114142000066], [6.374145101000124, 6.356789093999964], [6.368660977000047, 6.366452075000041], [6.363858085000174, 6.376121026000078], [6.362289398000144, 6.384439003000068], [6.357560244000183, 6.384293551000098], [6.349565855000151, 6.378776148000043], [6.341586010000071, 6.37841364600007], [6.336294613000064, 6.378173403000176], [6.331655541000089, 6.376447765000023], [6.324658830000033, 6.37384547400012], [6.322375173000125, 6.373044872000094], [6.319386909000173, 6.37126305400011], [6.312781342000108, 6.367324775000156], [6.307765428000039, 6.365965977000144], [6.304602678000037, 6.365047457000173], [6.298853358000031, 6.36337792900008], [6.290317970000103, 6.361868261000041], [6.281655757000067, 6.357406113000138], [6.270836893000023, 6.343445823000025], [6.261365825999974, 6.332272026000055], [6.253943915999969, 6.319034053000109], [6.246644130000163, 6.312650205000182], [6.254680118000181, 6.306557203000182], [6.262197086000015, 6.29829790499997], [6.273789751999971, 6.290765703000091], [6.280618206000099, 6.284582166000177], [6.284069994000049, 6.272821005000026], [6.281415026000104, 6.258235925000122], [6.27465098, 6.249857829000064], [6.267220145000067, 6.238699875000179], [6.259102916000188, 6.22892386500007], [6.250970013000028, 6.222614776000057], [6.24820099100009, 6.23368788800019], [6.24610607700015, 6.246152849000111], [6.241989045000025, 6.254440860999978], [6.238598812000077, 6.257641607000153], [6.236596590000147, 6.259616351000091], [6.222962054, 6.255657742000039], [6.215033385000083, 6.25286130500001], [6.208083126000133, 6.252062154999976], [6.203234435000127, 6.252646963000075], [6.200741397000058, 6.253747236000038], [6.197507326000107, 6.254344318999983], [6.193535466000071, 6.253940719000184], [6.191433319000168, 6.252680909000048], [6.189842475000148, 6.249559493000049], [6.189001523, 6.245821991000071], [6.183744681000121, 6.234837138000046], [6.18181174700004, 6.227733321000187], [6.180909793000012, 6.22387100300017], [6.179099528000052, 6.217016798000145], [6.173690185000055, 6.209761637000156], [6.168765545000099, 6.204127003000053], [6.16201385700009, 6.193441911000093], [6.153229202999967, 6.180885826000065], [6.16211215900006, 6.171251795000103], [6.172983060000092, 6.173422772000038], [6.181831835000082, 6.171415841000169], [6.192721711000161, 6.169425923], [6.195490797000161, 6.158352919000095], [6.201662923000129, 6.146616001000098], [6.210546031000035, 6.136981075000108], [6.217380106000178, 6.129408822000016], [6.220139993000032, 6.120417133999979], [6.229016868000031, 6.112168817000111], [6.236527880000153, 6.105297070000063], [6.244044804, 6.097036832000128], [6.254951964000099, 6.090887022000061], [6.265138109000077, 6.094439060000127], [6.280048892000082, 6.105659066000158], [6.290907915000162, 6.110603763000086], [6.301782003000142, 6.112080991000084], [6.317399873000056, 6.117064918000096], [6.328268937000189, 6.119929827000078], [6.33846294500006, 6.121401844000104], [6.342145596000023, 6.123459604], [6.337646083000152, 6.143300200999988], [6.336515438000106, 6.151852489000134], [6.337026243000025, 6.15506643700013], [6.343753197000069, 6.155115348000152], [6.35330849200011, 6.157455921000121], [6.357845171000065, 6.157357450000063], [6.370066940000072, 6.166541109999969], [6.385460517000013, 6.180562095000028], [6.387179790000062, 6.184067898000137], [6.387028996000026, 6.185388635000038], [6.385895560000051, 6.194475961000023], [6.384254574000181, 6.199814507000099], [6.380486975999986, 6.223031376000051], [6.379480888999979, 6.226459034000129], [6.375341956999989, 6.239600143000075]]]}}, {"type": "Feature", "properties": {"adm2_name": "Ika South", "adm2_name1": null, "adm2_name2": null, "adm2_name3": null, "adm2_pcode": "NG010008", "adm1_name": "Delta", "adm1_name1": null, "adm1_name2": null, "adm1_name3": null, "adm1_pcode": "NG010", "adm0_name": "Nigeria", "adm0_name1": null, "adm0_name2": null, "adm0_name3": null, "adm0_pcode": "NG", "valid_on": "2019-04-17", "valid_to": null, "area_sqkm": 435.59292097, "version": "v01", "lang": "en", "lang1": null, "lang2": null, "lang3": null, "adm2_ref_name": "Ika South", "sendist_en": "Delta North", "sendistpcode": "NG01002", "center_lat": 6.18730663, "center_lon": 6.13356177}, "geometry": {"type": "Polygon", "coordinates": [[[6.246644130000163, 6.312650205000182], [6.236330981000094, 6.303630768000062], [6.223472123000022, 6.289653759000089], [6.212637875000098, 6.279160932000138], [6.197598813000127, 6.282746299000053], [6.193510957000115, 6.298419887000136], [6.188703012000133, 6.309475891000091], [6.180489892000026, 6.321196971000177], [6.1675238360001, 6.33149105300015], [6.158658922000086, 6.33696504400001], [6.150474950999978, 6.342443976000027], [6.140926864, 6.348607100000152], [6.126613217000113, 6.356115871000156], [6.117772018000153, 6.35152435800012], [6.113042904, 6.349068122000119], [6.106954071000075, 6.342083027000115], [6.100864070000057, 6.335096836000162], [6.094778107000025, 6.327417801000138], [6.088016880000055, 6.318347043000131], [6.086042008999982, 6.30376718399998], [6.086105770000017, 6.289205119000144], [6.076631948000056, 6.278722732000119], [6.084858915000154, 6.263534971000126], [6.095097032000012, 6.255299054000034], [6.112161246000085, 6.240878027000122], [6.112276172000179, 6.239651085], [6.108433898000044, 6.2148594250001], [6.106398058000025, 6.202002526000058], [6.106966008000086, 6.197726754000144], [6.110836508000091, 6.181171346000099], [6.119569342000034, 6.157698942000081], [6.134222601000147, 6.135543980000136], [6.134707163000087, 6.134811479], [6.14124020600002, 6.123920931999976], [6.148083166000049, 6.114270148000116], [6.156969180999965, 6.103940938999983], [6.163812231000065, 6.094288880000136], [6.16930387400015, 6.082546221000143], [6.176817923000044, 6.074979825000071], [6.185698863000141, 6.066039097000157], [6.193221946000108, 6.05639312500017], [6.201412287000153, 6.049526173000061], [6.210274216000016, 6.044745029000069], [6.223897926000177, 6.039310890000138], [6.232762834000027, 6.03383687600018], [6.240956858000118, 6.026276997000025], [6.256639924000126, 6.016697854000142], [6.270244143000184, 6.016118062000146], [6.283148772000061, 6.019692888000179], [6.293352065000022, 6.019083969000121], [6.299509001, 6.010814221000146], [6.309712021000109, 6.010204716000089], [6.319196213, 6.018606182000156], [6.323217790000172, 6.031816002000141], [6.325212033000014, 6.042233922000037], [6.327185125000028, 6.057507999000052], [6.330525886000146, 6.070712035000099], [6.332522773999983, 6.080437161000077], [6.335867829000108, 6.092946966000113], [6.344658737000032, 6.104116026000042], [6.347980478000181, 6.115139261000024], [6.346949476000134, 6.117955710000103], [6.345595027000059, 6.119848132000186], [6.343454039, 6.122350474000086], [6.342145596000023, 6.123459604], [6.33846294500006, 6.121401844000104], [6.328268937000189, 6.119929827000078], [6.317399873000056, 6.117064918000096], [6.301782003000142, 6.112080991000084], [6.290907915000162, 6.110603763000086], [6.280048892000082, 6.105659066000158], [6.265138109000077, 6.094439060000127], [6.254951964000099, 6.090887022000061], [6.244044804, 6.097036832000128], [6.236527880000153, 6.105297070000063], [6.229016868000031, 6.112168817000111], [6.220139993000032, 6.120417133999979], [6.217380106000178, 6.129408822000016], [6.210546031000035, 6.136981075000108], [6.201662923000129, 6.146616001000098], [6.195490797000161, 6.158352919000095], [6.192721711000161, 6.169425923], [6.181831835000082, 6.171415841000169], [6.172983060000092, 6.173422772000038], [6.16211215900006, 6.171251795000103], [6.153229202999967, 6.180885826000065], [6.16201385700009, 6.193441911000093], [6.168765545000099, 6.204127003000053], [6.173690185000055, 6.209761637000156], [6.179099528000052, 6.217016798000145], [6.180909793000012, 6.22387100300017], [6.18181174700004, 6.227733321000187], [6.183744681000121, 6.234837138000046], [6.189001523, 6.245821991000071], [6.189842475000148, 6.249559493000049], [6.191433319000168, 6.252680909000048], [6.193535466000071, 6.253940719000184], [6.197507326000107, 6.254344318999983], [6.200741397000058, 6.253747236000038], [6.203234435000127, 6.252646963000075], [6.208083126000133, 6.252062154999976], [6.215033385000083, 6.25286130500001], [6.222962054, 6.255657742000039], [6.236596590000147, 6.259616351000091], [6.238598812000077, 6.257641607000153], [6.241989045000025, 6.254440860999978], [6.24610607700015, 6.246152849000111], [6.24820099100009, 6.23368788800019], [6.250970013000028, 6.222614776000057], [6.259102916000188, 6.22892386500007], [6.267220145000067, 6.238699875000179], [6.27465098, 6.249857829000064], [6.281415026000104, 6.258235925000122], [6.284069994000049, 6.272821005000026], [6.280618206000099, 6.284582166000177], [6.273789751999971, 6.290765703000091], [6.262197086000015, 6.29829790499997], [6.254680118000181, 6.306557203000182], [6.246644130000163, 6.312650205000182]]]}}, {"type": "Feature", "properties": {"adm2_name": "Ikom", "adm2_name1": null, "adm2_name2": null, "adm2_name3": null, "adm2_pcode": "NG009012", "adm1_name": "Cross River", "adm1_name1": null, "adm1_name2": null, "adm1_name3": null, "adm1_pcode": "NG009", "adm0_name": "Nigeria", "adm0_name1": null, "adm0_name2": null, "adm0_name3": null, "adm0_pcode": "NG", "valid_on": "2019-04-17", "valid_to": null, "area_sqkm": 1967.79132186, "version": "v01", "lang": "en", "lang1": null, "lang2": null, "lang3": null, "adm2_ref_name": "Ikom", "sendist_en": "Cross River Central", "sendistpcode": "NG00901", "center_lat": 6.06133249, "center_lon": 8.66787063}, "geometry": {"type": "Polygon", "coordinates": [[[8.857259889000147, 6.05953590200005], [8.8527047500001, 6.060716153000101], [8.849282373, 6.060739056000102], [8.843585838000024, 6.061925925000025], [8.840172542000062, 6.063098025000158], [8.836767182000017, 6.065417799999977], [8.833370280000167, 6.068884843000092], [8.831113575000074, 6.072344751000173], [8.827716572999975, 6.075812870000163], [8.826610792000054, 6.080412808000062], [8.824353953000127, 6.083872821999989], [8.820965797000099, 6.088489010000046], [8.817602376000082, 6.096549042999982], [8.815355499000077, 6.101156280999987], [8.811958063000134, 6.1046238240001], [8.805164125999966, 6.11155896300005], [8.799493547, 6.116190965000158], [8.793823398000086, 6.120821898000088], [8.789277342, 6.123149915000056], [8.78586387700011, 6.124320931000113], [8.779052972000102, 6.12896113100004], [8.772233030000166, 6.132451942000102], [8.766546234000032, 6.134788001000061], [8.761999277000143, 6.137114973], [8.757444553000028, 6.138295165000159], [8.752898067999979, 6.140622154000027], [8.74948432399998, 6.141794238000045], [8.743806035000091, 6.145276963000128], [8.739259932000095, 6.147604913], [8.732457319000105, 6.153391836000026], [8.731358312, 6.15914017900019], [8.733691393000072, 6.166011896000043], [8.734865873000047, 6.170597084], [8.736049710000032, 6.176329139000075], [8.738365429000055, 6.180905819000031], [8.741847045000043, 6.188919089000137], [8.744172269000046, 6.19464301000005], [8.745364021000057, 6.201522881000074], [8.745423340000059, 6.209559862000106], [8.74660691300005, 6.215292003000172], [8.748930695000126, 6.221015906000105], [8.75012315700019, 6.22789718100006], [8.752447073000098, 6.233622021000144], [8.753639090000036, 6.240501873000085], [8.754822891, 6.246234001000062], [8.754857072999982, 6.250826825000104], [8.756032091000066, 6.255411078000066], [8.757214293000175, 6.261143193000123], [8.756176045000075, 6.274928102000047], [8.751707231000125, 6.287588145000086], [8.74725458200004, 6.302544117000139], [8.745040752000023, 6.311744277], [8.740562316000023, 6.323256022000123], [8.738366333000158, 6.334752123000158], [8.734994006000079, 6.341662887000155], [8.732746845000065, 6.346271983000122], [8.729367252000145, 6.352034995000167], [8.725995151000063, 6.358946819000096], [8.723755954000183, 6.364703147000114], [8.71926101200006, 6.373918920000108], [8.718145396000125, 6.377370911000014], [8.715899507000188, 6.381978918000186], [8.714791398999978, 6.386579020000113], [8.712542581000093, 6.39118728], [8.711342721000108, 6.383158229000117], [8.706745884000156, 6.378598241000134], [8.703297356000121, 6.375176800000133], [8.699858665000079, 6.372903746000134], [8.695269619000157, 6.369492032000153], [8.689547556000036, 6.367235195000035], [8.684967850000021, 6.364970216000074], [8.683110710000165, 6.363655175000076], [8.681149048000066, 6.364358239000182], [8.669427574999986, 6.363509697000154], [8.666220585000076, 6.35643068800016], [8.662074211000174, 6.354794969000125], [8.651789713000085, 6.352570042000139], [8.644944013000156, 6.352616726000065], [8.635801367000056, 6.350382843000091], [8.628938842000082, 6.34813493900009], [8.618654157000094, 6.345909079000137], [8.615222980000112, 6.344783779000068], [8.60951015300003, 6.343676093000113], [8.602665742000113, 6.343722839000066], [8.596952398000099, 6.342614235000156], [8.591256862000137, 6.343800982000062], [8.586693541000102, 6.343833026000027], [8.580998526000087, 6.345019874000172], [8.577575732000014, 6.345044199000142], [8.573020660999987, 6.346222940000075], [8.568473810000114, 6.348550863000014], [8.563927458000023, 6.350877768000089], [8.559389825000153, 6.354353873000036], [8.553703319000022, 6.356689016000075], [8.54800686699997, 6.35787677400009], [8.542328958000098, 6.361360017000095], [8.536632398000052, 6.362546895000037], [8.530936929000177, 6.36373524000004], [8.52523330800011, 6.363773795000156], [8.518379284000048, 6.362672816999975], [8.51268375400008, 6.363860156999976], [8.505830894000042, 6.362760076000029], [8.503385353000112, 6.362776822000171], [8.504374354000163, 6.356300416000067], [8.506572557000084, 6.353735437000182], [8.51059109900001, 6.353735462000088], [8.511196917000063, 6.346571144999984], [8.512343949000126, 6.345083062000072], [8.50767249, 6.342378574000122], [8.503642018000164, 6.341279550000138], [8.499950567000155, 6.340427344000148], [8.497990351000169, 6.337852894000093], [8.49887961200011, 6.335783921000086], [8.503318939000167, 6.33177802], [8.50693898100019, 6.327723924000111], [8.51060323400003, 6.322228385000074], [8.504383067000106, 6.32143783500004], [8.497779867000133, 6.323327500000175], [8.493750410000075, 6.320030726000084], [8.49228473900007, 6.316366717000051], [8.492650857000115, 6.310871580000025], [8.492284892000157, 6.30647523100015], [8.493017265999981, 6.300247162000062], [8.490086499000085, 6.295484564], [8.486075206000066, 6.293592006000097], [8.48424734100007, 6.291087609999977], [8.486950174000185, 6.287192343000015], [8.48361119800012, 6.285006539], [8.479500962000031, 6.285312691000115], [8.477251066000065, 6.285480435000125], [8.473115204000123, 6.284353217000103], [8.469821038000077, 6.281700110000088], [8.466906763999987, 6.277952239000058], [8.463991377000127, 6.275765446000037], [8.462380312000107, 6.274557162000065], [8.460257327000079, 6.272531046000097], [8.459300885000118, 6.269182735000072], [8.46008118900005, 6.265633091000041], [8.463379803000123, 6.263165915000172], [8.465780451000171, 6.26327795100002], [8.468259905000139, 6.263169224000023], [8.474193570000011, 6.262232296000093], [8.478045341000154, 6.259317467000074], [8.477213016000121, 6.254736456000046], [8.474739212000031, 6.252930616000185], [8.468105310000055, 6.252986442000179], [8.45967865300014, 6.252253935000056], [8.450572181000041, 6.251283130000104], [8.446856380000156, 6.251154896000173], [8.442882743999974, 6.247987752000142], [8.445024336000074, 6.24016376600008], [8.446727473000067, 6.233706938000125], [8.444530510000106, 6.229312846000028], [8.435192842, 6.229312958000037], [8.43025004400016, 6.223820242000158], [8.428602020000028, 6.215032603], [8.426404847000072, 6.20953985], [8.42805303299997, 6.204047187000015], [8.434094174000052, 6.205695136000031], [8.435012608000022, 6.197919878000107], [8.438488840000048, 6.193062273000123], [8.442882495000049, 6.187569634000113], [8.444530649000171, 6.182626659000164], [8.447277270000143, 6.177134015999968], [8.448374507000096, 6.172190615000147], [8.448374849000118, 6.166698477000125], [8.44387521900012, 6.162268110000127], [8.44384941200002, 6.158822950000172], [8.442683054000156, 6.155386943000167], [8.445079932000056, 6.148572847000025], [8.450572036000096, 6.150770165000097], [8.458261322, 6.147474296000155], [8.466500464000148, 6.138137269000026], [8.465950868000164, 6.128799919000187], [8.459360140000172, 6.119462427000144], [8.456065381000144, 6.11561780500017], [8.453751544999989, 6.109386913000151], [8.454866577000075, 6.105935134000049], [8.458245963000081, 6.100171064000108], [8.464852386000189, 6.096943376000013], [8.473640480000086, 6.094196830000158], [8.477485784000123, 6.087056646000178], [8.481879004000177, 6.079367154000067], [8.48462567700011, 6.071677678000128], [8.485175135000134, 6.062889539000139], [8.489019176000113, 6.062340216999985], [8.490117918000067, 6.058495488000119], [8.493413705000023, 6.057397421000132], [8.496686013000044, 6.052834954], [8.501240520000067, 6.051654765000137], [8.508060417000081, 6.048162940000168], [8.512598132000107, 6.044688269000176], [8.51714440100011, 6.042360721000136], [8.52054988700013, 6.040040957000031], [8.523955312999988, 6.037721141000134], [8.531889960000058, 6.030777981000142], [8.537560345000031, 6.026146], [8.540957375000062, 6.022678883000026], [8.543205536000187, 6.018071187000032], [8.543162475000088, 6.012330990000123], [8.540838160000078, 6.006606028000022], [8.533942188000026, 5.999764971000047], [8.52934446300003, 5.995203958000047], [8.52246569200014, 5.990659267000183], [8.519788094999967, 5.988002864], [8.515021804000071, 5.987041282000064], [8.503316729000119, 5.982835128000033], [8.49830967600019, 5.974447392], [8.493125001000124, 5.964970816], [8.49260792300015, 5.964458053000158], [8.489168190000044, 5.962185791000081], [8.486860988999979, 5.958756916000141], [8.4845532760001, 5.955328895000093], [8.484511139000062, 5.949588808000044], [8.48902332400013, 5.94266897600005], [8.493535893000171, 5.935749939000175], [8.49692450300006, 5.931134200999963], [8.499180110000111, 5.927673797000011], [8.502576593000185, 5.924205746000041], [8.503692858000079, 5.920753928000067], [8.502517553000075, 5.916170062000049], [8.499069061000057, 5.912748759000067], [8.494489432000137, 5.910483886000122], [8.488767843, 5.908227953999983], [8.480748076, 5.903689901000121], [8.476167546000113, 5.901425797], [8.4704377220001, 5.898021279000091], [8.466998175000185, 5.89574909900017], [8.46467408300009, 5.890024182000161], [8.464606280999988, 5.880839755000068], [8.464546381, 5.872803217000012], [8.464495523999972, 5.86591481], [8.465576378000037, 5.857871028999966], [8.465525503000038, 5.850983192], [8.468896700000187, 5.844070971000178], [8.472268342000064, 5.837159126000188], [8.474515659000133, 5.83255096900001], [8.476737931000116, 5.824499174000039], [8.47897715300013, 5.818743261000122], [8.482348374000082, 5.811831039000026], [8.483437759000083, 5.804934918000072], [8.485676756000146, 5.799179109000022], [8.48449408800019, 5.793447012000115], [8.48331943100004, 5.788863194000101], [8.482127165000179, 5.781981932000065], [8.482101578000083, 5.778538284000035], [8.482058372999973, 5.772798048000084], [8.482025392000025, 5.768206097000018], [8.481999235000046, 5.764761038000188], [8.480934287000082, 5.761620968000045], [8.486852610000085, 5.754537104000121], [8.491434195000181, 5.751109081000095], [8.500587737000103, 5.746553820000031], [8.510871603000112, 5.744301815000142], [8.521140132000028, 5.745499175000077], [8.529131147000157, 5.745534858000099], [8.534838605000061, 5.745562077000159], [8.554265934000114, 5.741054020000092], [8.565690786000062, 5.738807235000081], [8.578253942, 5.737716182000156], [8.58853706400015, 5.735464103000083], [8.595392195000045, 5.734345931000121], [8.604535364000128, 5.732089026000153], [8.610242065000023, 5.732114790000139], [8.61295414000017, 5.73138379500017], [8.612991234000049, 5.736305243], [8.614174597000158, 5.742036785000153], [8.614209227, 5.746629302000088], [8.61425949400018, 5.753518121000127], [8.615443504000098, 5.759250230000021], [8.616626978000113, 5.764982203999978], [8.617810487999975, 5.770715285000165], [8.617852988000152, 5.776454946000172], [8.620177068000032, 5.782178911000074], [8.62021177700018, 5.786771828000042], [8.621394287000157, 5.792503780000061], [8.6225863680001, 5.799385156000085], [8.623769510000102, 5.805117079000127], [8.626093863000165, 5.810841149000169], [8.62841039600005, 5.815417739000111], [8.631883365000078, 5.822282723000058], [8.634198935000029, 5.82685899500018], [8.636506110000028, 5.830286956], [8.63997146100013, 5.836003841999968], [8.643410943000163, 5.838275972000076], [8.646858953000162, 5.841697200000169], [8.651439788, 5.843962133000048], [8.65716081700009, 5.846219061000113], [8.665163865000181, 5.848460181000064], [8.669735769000113, 5.849576033000062], [8.678862523000134, 5.849513940000122], [8.686856040000066, 5.850606010999968], [8.69372671400015, 5.854003005000038], [8.6994573610001, 5.85740897200003], [8.702905519000126, 5.860828816000037], [8.70637049200019, 5.86654621200006], [8.70866878400011, 5.868825974], [8.70986106800018, 5.875706193000042], [8.711060363, 5.883735124000111], [8.71113795600013, 5.894066808000161], [8.71232979400014, 5.900947993000102], [8.71467125900017, 5.908967912000094], [8.718128159, 5.913537025999972], [8.72157589000011, 5.916956834000132], [8.72615642400001, 5.919221824000147], [8.731886136000185, 5.922626994000154], [8.736466251000138, 5.924891001000162], [8.742188490000103, 5.927147851000029], [8.747925577000046, 5.931701186999987], [8.754813154000033, 5.937395155000047], [8.758261433000143, 5.940814910000086], [8.76400948700018, 5.946516003999989], [8.768606115000011, 5.951077034000093], [8.771267115000114, 5.95568513600017], [8.789396026000077, 5.959645420000129], [8.79273704600007, 5.967190092000124], [8.794491213000185, 5.981313405000151], [8.795075257, 5.981893021000133], [8.799663766000151, 5.985305795000045], [8.801980201000049, 5.989881958000069], [8.805436140000097, 5.994451083], [8.810059753000132, 6.002456179000148], [8.81125941800019, 6.010484169], [8.815874342000086, 6.017341180000074], [8.821621088000029, 6.02304218400019], [8.826227332000144, 6.028750908000177], [8.831973862999973, 6.034451913000169], [8.838895932000128, 6.044736848000184], [8.844667407000088, 6.053882071000032], [8.857259889000147, 6.05953590200005]]]}}, {"type": "Feature", "properties": {"adm2_name": "Ikono", "adm2_name1": null, "adm2_name2": null, "adm2_name3": null, "adm2_pcode": "NG003012", "adm1_name": "Akwa Ibom", "adm1_name1": null, "adm1_name2": null, "adm1_name3": null, "adm1_pcode": "NG003", "adm0_name": "Nigeria", "adm0_name1": null, "adm0_name2": null, "adm0_name3": null, "adm0_pcode": "NG", "valid_on": "2019-04-17", "valid_to": null, "area_sqkm": 262.60389898, "version": "v01", "lang": "en", "lang1": null, "lang2": null, "lang3": null, "adm2_ref_name": "Ikono", "sendist_en": "Akwa Ibom North West", "sendistpcode": "NG00302", "center_lat": 5.17806602, "center_lon": 7.79329416}, "geometry": {"type": "Polygon", "coordinates": [[[7.807320319000155, 5.294784402000175], [7.802653195000175, 5.294183164000174], [7.795911169000078, 5.294160981], [7.791168337999977, 5.293643983000038], [7.787170770000159, 5.294382705000089], [7.77669220700011, 5.291590470000074], [7.773701760000051, 5.289825663000158], [7.77195280400008, 5.290070449000154], [7.771202609000113, 5.290318573999969], [7.770945644999983, 5.292573798000092], [7.771178319000057, 5.297587910000175], [7.770395973000177, 5.307612097000117], [7.766130559000032, 5.313613810999982], [7.763119729000152, 5.317865125000026], [7.750363230000062, 5.323837778000154], [7.742873505000034, 5.323310608000043], [7.738882683000099, 5.321792867000113], [7.734157697000114, 5.316011048], [7.733178728000041, 5.310242208000034], [7.73119060800019, 5.307477894000101], [7.729444692000129, 5.306970502000013], [7.727191882999989, 5.308466753000118], [7.724186751000047, 5.310962999000083], [7.718940030000169, 5.311696605000179], [7.711698278000142, 5.311671112000113], [7.699731327000052, 5.306113855000092], [7.693998577000173, 5.30308532700019], [7.689790915, 5.292542095000044], [7.68597797700005, 5.287718789999985], [7.683655999000109, 5.290585952000072], [7.681334003000188, 5.293453247000116], [7.680170270000076, 5.295175105999988], [7.679185346000111, 5.298054147000073], [7.679043031000163, 5.295511407000049], [7.678097418000164, 5.280718333000152], [7.67837204000017, 5.273700568000095], [7.680886832000056, 5.268696164000062], [7.683398502000045, 5.264694535], [7.688136527000097, 5.259782750000113], [7.689114809000046, 5.260618224000154], [7.69138483200004, 5.262945192000132], [7.694223123000086, 5.265852931000097], [7.697639967000043, 5.268189889000041], [7.701625095000054, 5.271108161000086], [7.703355785000099, 5.26996798000016], [7.705104940000126, 5.267095975000132], [7.707428261000075, 5.264228829000047], [7.708597172000054, 5.26192996400016], [7.709772038000096, 5.259054216999971], [7.710936097000058, 5.257330838000144], [7.711533012000132, 5.255027830000188], [7.712701890000062, 5.252727970000137], [7.713889160000065, 5.248698287000025], [7.715058554000166, 5.246398977000069], [7.715654876000144, 5.244094830000108], [7.716824796000139, 5.241795960000104], [7.717994147000127, 5.239497213999982], [7.719747851000136, 5.236049234000177], [7.720918296000093, 5.233748926000089], [7.722661187000142, 5.231454859999985], [7.724399254000161, 5.229736834000107], [7.727287595000121, 5.22745184200005], [7.73076899400013, 5.223440117000052], [7.733073501000092, 5.222303902000078], [7.735377988000096, 5.221168950000163], [7.737688963999972, 5.219456236000042], [7.739988072000131, 5.218896876000088], [7.741718948000027, 5.217757218000145], [7.74402395300001, 5.216621936000024], [7.746341309000115, 5.214332122000087], [7.7480780570001, 5.212614980000126], [7.749821253000107, 5.210319932000118], [7.751563854000096, 5.208025022000129], [7.75216577100008, 5.205143915], [7.752768248000109, 5.202263809000101], [7.752216605000058, 5.199951155000065], [7.751677887000028, 5.196484152000039], [7.750561421000043, 5.19358925400013], [7.750009807000083, 5.191276023000114], [7.74832406000013, 5.187799007000024], [7.746082531000184, 5.182587131999981], [7.746116855000025, 5.179123902000185], [7.746718767000061, 5.176242819000095], [7.746741827000051, 5.173934945000099], [7.747918365000032, 5.171059148999973], [7.749666129000047, 5.16818712200012], [7.751432134000083, 5.16358420600011], [7.75433326700005, 5.160144777000028], [7.758410194000135, 5.153829065000082], [7.764188617000116, 5.149259074000042], [7.768219959000078, 5.147560119000048], [7.770525017000182, 5.146423817000027], [7.772774791000188, 5.145990115000188], [7.774434850000148, 5.144689344000142], [7.779689057000098, 5.140946824000082], [7.7847172970001, 5.129934022000157], [7.784477920000086, 5.126925152000069], [7.784988669000029, 5.123417460000098], [7.786245938000036, 5.120664299000111], [7.787096937000172, 5.120115157000157], [7.790497522000067, 5.117921], [7.800998200000095, 5.112440844000162], [7.803253586000039, 5.109690903000057], [7.804266522000148, 5.105182115000048], [7.803529769000022, 5.101419560000068], [7.803790212000024, 5.098161689000051], [7.806795522000129, 5.094912788999977], [7.810790883000038, 5.09417384700015], [7.811244428, 5.094526523000184], [7.814027358000089, 5.096691139000029], [7.817581494000137, 5.099304811000138], [7.82075934, 5.09871834400019], [7.824027951000176, 5.091208693000112], [7.824300448999963, 5.083940110000071], [7.823822982000024, 5.077170354000032], [7.82636618700019, 5.062388890000022], [7.828877523000131, 5.057383507000054], [7.830887324000116, 5.053128509000089], [7.832397229000037, 5.049122606000026], [7.833168239999964, 5.046932567000056], [7.834160107000059, 5.044114806999971], [7.835168516000124, 5.04085928100011], [7.837683527000081, 5.034600477000026], [7.840936240000019, 5.031853421000108], [7.845483700000045, 5.031360376000123], [7.84766953899998, 5.03312812900009], [7.848655056999974, 5.037141984000129], [7.849393140000075, 5.040403044000072], [7.849545288, 5.042309487000182], [7.849633544000028, 5.043411881000111], [7.849619439000037, 5.047923972000149], [7.84888899200007, 5.054805676], [7.849405540000021, 5.055871973000023], [7.851659784, 5.059930783000141], [7.85105776100005, 5.062810860000127], [7.849302720000026, 5.066259831000139], [7.845250207, 5.070268149000128], [7.843500837000022, 5.073139207], [7.842325361000121, 5.076014968000038], [7.842285085000185, 5.080055246000029], [7.842830248000041, 5.08294487400002], [7.844515836000085, 5.086421036000047], [7.847348229000033, 5.089908113000149], [7.84960671500005, 5.093389025000022], [7.850731084000074, 5.095705972000189], [7.850689755000133, 5.09974622600015], [7.848380078000048, 5.101459033000026], [7.846064055, 5.103747854000119], [7.843167736000112, 5.106610759000148], [7.84143712499997, 5.107750901000145], [7.840829178000035, 5.111208913999974], [7.841947228000038, 5.114103824000097], [7.843627211000182, 5.118156907000127], [7.844154033999985, 5.122778916000016], [7.844131035000146, 5.125086798000041], [7.843529397999987, 5.12796784], [7.841775118000157, 5.131416771000033], [7.838897493, 5.132547886000054], [7.836592182000118, 5.133684138000092], [7.834855116000142, 5.135400795000123], [7.834258020999982, 5.137704860999975], [7.834808978000012, 5.140017946000171], [7.837629031000063, 5.144658096000057], [7.839871054000184, 5.149869913000032], [7.84098921400016, 5.152764823000098], [7.842095865000147, 5.156814103000158], [7.843195676000107, 5.161439907000101], [7.844297190000134, 5.166066138000133], [7.843678224000087, 5.170678156000179], [7.843070765000164, 5.174136168000132], [7.841320882000048, 5.177008132000083], [7.839004912000121, 5.179296979000185], [7.836688907000052, 5.181587238000077], [7.834946392, 5.183882183000151], [7.834344015, 5.18676287], [7.834895050000057, 5.189074971000082], [7.835432841000056, 5.192542976000084], [7.834218239000108, 5.199459115000025], [7.835335936000092, 5.202353054000127], [7.837605968000162, 5.204679967], [7.83985874300015, 5.20873880500011], [7.842698354000163, 5.211647952000021], [7.844956992000164, 5.21512789500008], [7.846063318000063, 5.219178285000055], [7.846608144000186, 5.222067818000085], [7.846567881000169, 5.226108078000095], [7.845368942000164, 5.231291710000164], [7.845324049000055, 5.235909001000039], [7.844130802000052, 5.240516155000023], [7.844097414000089, 5.243978941000023], [7.844072710000034, 5.246286792000092], [7.843459922000136, 5.250321843999984], [7.842858074000048, 5.253202947999966], [7.840535863000014, 5.256070105000163], [7.837639979000073, 5.258933032000186], [7.83590863500018, 5.260073143000113], [7.834159987000078, 5.262944219000133], [7.832387652000079, 5.268125119], [7.827761883000051, 5.272127205], [7.825445226000113, 5.274416958000018], [7.822560655000075, 5.276124986000127], [7.819688764000091, 5.276679049000052], [7.81681575600004, 5.27723308700007], [7.813950209000154, 5.277210228000058], [7.811077172000012, 5.27776379400018], [7.808772009000165, 5.278899239000054], [7.807597282000074, 5.281775022999966], [7.806995099000062, 5.284657045000074], [7.806398733000094, 5.286960077], [7.805801785000085, 5.289264216000163], [7.807476920000056, 5.293894750000106], [7.807320319000155, 5.294784402000175]]]}}, {"type": "Feature", "properties": {"adm2_name": "Ikot Abasi", "adm2_name1": null, "adm2_name2": null, "adm2_name3": null, "adm2_pcode": "NG003013", "adm1_name": "Akwa Ibom", "adm1_name1": null, "adm1_name2": null, "adm1_name3": null, "adm1_pcode": "NG003", "adm0_name": "Nigeria", "adm0_name1": null, "adm0_name2": null, "adm0_name3": null, "adm0_pcode": "NG", "valid_on": "2019-04-17", "valid_to": null, "area_sqkm": 335.67490226, "version": "v01", "lang": "en", "lang1": null, "lang2": null, "lang3": null, "adm2_ref_name": "Ikot Abasi", "sendist_en": "Akwa Ibom South", "sendistpcode": "NG00303", "center_lat": 4.60887766, "center_lon": 7.62169427}, "geometry": {"type": "Polygon", "coordinates": [[[7.680856257000073, 4.543918005000137], [7.681335165000121, 4.54433648600002], [7.683302436000076, 4.544290136000143], [7.684951028000057, 4.544742954000128], [7.686054219000141, 4.546725437000077], [7.689301246000127, 4.549577229000136], [7.69214992100018, 4.551332002000095], [7.695572852000168, 4.553091052000184], [7.698979026000075, 4.556581021], [7.70126121300018, 4.557754027999977], [7.702969179999968, 4.55892180800015], [7.705175225000175, 4.559863718000088], [7.707314365000059, 4.565142785000035], [7.710528654000029, 4.571666017000098], [7.717278449999981, 4.580992416000186], [7.714705119000143, 4.611681825000062], [7.717119747000083, 4.626574456000128], [7.714625066, 4.634627846000114], [7.712146519000044, 4.63803006500018], [7.703796979000174, 4.644822304000058], [7.703162980000059, 4.649781417000099], [7.703457340000057, 4.653813592000063], [7.70745049500016, 4.658168997000075], [7.710518639000156, 4.662521082000183], [7.711114058000135, 4.668724884000142], [7.713553839000099, 4.676485596000077], [7.716677477000076, 4.679649131000133], [7.716672072999984, 4.680232967000109], [7.717222160000119, 4.682546134000063], [7.717198943000085, 4.684854948000179], [7.717743662000146, 4.687745097000118], [7.717721022000035, 4.690052987000115], [7.717675148000126, 4.69467021000014], [7.717640606000145, 4.698132061000138], [7.716471295000076, 4.700430894000021], [7.714142822999975, 4.70387604400014], [7.712406086999977, 4.705593116999978], [7.708381327000041, 4.706715131000124], [7.705509225000071, 4.707269216000043], [7.703203918000042, 4.708404057000052], [7.700911085000143, 4.708384999000089], [7.698043794000114, 4.708363040000108], [7.694603164, 4.708333987000117], [7.691736997000135, 4.708312037999974], [7.688864285000079, 4.708866138000189], [7.686564898000029, 4.709424041999966], [7.683699297000146, 4.709401125000113], [7.680326752000042, 4.702447884000094], [7.679214965000028, 4.69897603000004], [7.676956009000151, 4.695495117000064], [7.674685062000094, 4.693168151000123], [7.672988037000096, 4.690845019999983], [7.670705663000092, 4.689672954], [7.669003218000171, 4.687928195000154], [7.666160182000112, 4.68559597300009], [7.663877884000101, 4.684422956000105], [7.659893207000039, 4.681506178], [7.655897076000088, 4.679741873000125], [7.653036045000022, 4.679142025999965], [7.650742861000026, 4.679122946000177], [7.647881843000107, 4.678523039000027], [7.645134721000147, 4.679052886000079], [7.643239580000113, 4.678091071000154], [7.63893494600012, 4.674664042000188], [7.634327592000091, 4.669685430000015], [7.631550668000045, 4.667808673000081], [7.631369334000112, 4.666845802000068], [7.626781951000055, 4.666810037000062], [7.62275682100011, 4.667931087000113], [7.619299948000162, 4.669634804000111], [7.616415782000104, 4.671342831000118], [7.613543813000035, 4.671896895000145], [7.610671247000028, 4.672451008000053], [7.608384209000178, 4.671854979000045], [7.605527763999987, 4.670678124000119], [7.602099731000123, 4.669496071000083], [7.599812154000119, 4.668900060000055], [7.595253752000076, 4.665976958000158], [7.592966221999973, 4.665381885000045], [7.59125810800009, 4.664214167000011], [7.589548884000067, 4.663045842000088], [7.587261920000174, 4.662449811000045], [7.583254054, 4.661839944000121], [7.580387110000117, 4.661818041], [7.577515164000033, 4.662371118000067], [7.57464206700007, 4.662924741000097], [7.572342803000083, 4.663484110000127], [7.569465198999978, 4.664615160000096], [7.566008114000056, 4.666317928000126], [7.563720057000182, 4.66572287200006], [7.560853109000107, 4.665698983000141], [7.559143972000186, 4.664531238000052], [7.556868322000184, 4.662782201000027], [7.555159770000046, 4.661612959000081], [7.553451240000072, 4.660445190000019], [7.549431574000039, 4.660990245000107], [7.547689175000187, 4.663284778000161], [7.545934890000069, 4.666732779000085], [7.544765152000082, 4.669033046000038], [7.544168142000103, 4.6713361730001], [7.543005159000074, 4.673058069000092], [7.541245125000103, 4.677083991000131], [7.538910625000028, 4.681105118000062], [7.536015785000131, 4.683968029000027], [7.533693097000139, 4.686833849000038], [7.529640169000174, 4.690842144000101], [7.527896955000188, 4.693136226000036], [7.525622435000116, 4.690816869000059], [7.520742091000102, 4.684716691000176], [7.517953110000178, 4.676873690000036], [7.518476485, 4.669727333000026], [7.52074218700011, 4.662581421000141], [7.523182349000024, 4.657178417000182], [7.523182170999974, 4.649509447000185], [7.519870572000173, 4.640446207000082], [7.519696512000166, 4.631034365000062], [7.521090483000137, 4.626502967000135], [7.524324804000116, 4.622284371000148], [7.525202031000163, 4.618084897000131], [7.526377951000086, 4.615210043000104], [7.527553308000108, 4.612332851000076], [7.528150328000095, 4.610029247999989], [7.528746235000142, 4.607726065000122], [7.529347792000067, 4.604845066000053], [7.530517970000062, 4.602546180000104], [7.531687033000082, 4.60024595100009], [7.532856058999982, 4.597947108000085], [7.534026195000024, 4.595647785000153], [7.535758152000028, 4.594508188000077], [7.537507104000156, 4.591636157000039], [7.539244119999978, 4.589919134000183], [7.542139314999986, 4.5870571210001], [7.543303156000093, 4.585334764000152], [7.544473188000097, 4.583034999000176], [7.545081370000162, 4.579576994000149], [7.543962222000118, 4.576683035999963], [7.542843646999984, 4.573788168000078], [7.541727338000101, 4.570892824000168], [7.538910940000108, 4.565676214000177], [7.53663487700004, 4.563926227000081], [7.534931953000182, 4.562181013000099], [7.532568660000095, 4.562876221000067], [7.52991804200019, 4.561220174000084], [7.527268539999966, 4.560557364000147], [7.524617913000156, 4.556251053999972], [7.523956079000072, 4.550619614000141], [7.526474937000103, 4.547684171000185], [7.52764495200006, 4.545384865000187], [7.529382368000086, 4.543667778000156], [7.53113055700004, 4.540795807999984], [7.532874170000184, 4.538502224000126], [7.534617196000113, 4.536207184000148], [7.53635508800005, 4.534490102000177], [7.537518237000086, 4.532767778000107], [7.539834274000157, 4.530477977000089], [7.541653349000114, 4.528679836000094], [7.546547744000179, 4.520805829000096], [7.552378161000036, 4.514445286000068], [7.559268567000117, 4.510947257999987], [7.568478177000031, 4.507408146000103], [7.572136951000061, 4.511116032000132], [7.575560062000079, 4.512875086000179], [7.57792544800003, 4.51327944600007], [7.582377281000049, 4.512855518000151], [7.583649864000108, 4.517519499000116], [7.586975126000084, 4.51816081700008], [7.589797397999973, 4.519427760000042], [7.590650103000144, 4.520057553000186], [7.592803948000096, 4.520996129000025], [7.595886137000093, 4.521008027000107], [7.597739210000043, 4.520084921000148], [7.600781662000031, 4.51531599100008], [7.603790393000054, 4.51497555800006], [7.605698588000109, 4.511795497000094], [7.607394534000093, 4.507979399000021], [7.608666151000079, 4.506283283000187], [7.615874758000075, 4.506283272000076], [7.617396389000135, 4.511308674000077], [7.620751084000119, 4.509039396000048], [7.623761172000172, 4.509223914000074], [7.626687293000032, 4.511583338000037], [7.627155775000119, 4.513868790000117], [7.621386789000098, 4.513915520000126], [7.623083191000092, 4.517307776000109], [7.620223868000039, 4.519007207000129], [7.613966753000057, 4.519003854000118], [7.612740876000146, 4.521831984000187], [7.61043698900005, 4.522967819000087], [7.607563923000157, 4.523521904], [7.605833072000053, 4.524662013000125], [7.609239256000137, 4.528152959000124], [7.612661008000089, 4.529911971], [7.616090023000027, 4.531094068000186], [7.618371790000083, 4.532267075000163], [7.621215594000034, 4.534597856], [7.622345146000043, 4.536338812], [7.624053905000153, 4.537507042000016], [7.625551105, 4.537245706000078], [7.627574333999974, 4.537253336], [7.633119713999974, 4.538204437000104], [7.637121125000021, 4.539769893000141], [7.639277494000055, 4.540088045000175], [7.641119121000088, 4.542265518000136], [7.646360708000088, 4.541974969000137], [7.65130519700017, 4.53858233], [7.655315723, 4.537666915000045], [7.65839521800018, 4.538608518000046], [7.663152470000171, 4.540628444], [7.665299711999978, 4.541303149000157], [7.667003156000078, 4.543047902000183], [7.669291182000052, 4.543643942000131], [7.672269357000175, 4.547625095000114], [7.677569576, 4.549957267000138], [7.679848982000124, 4.547014435], [7.680856257000073, 4.543918005000137]]]}}, {"type": "Feature", "properties": {"adm2_name": "Ikot Ekpene", "adm2_name1": null, "adm2_name2": null, "adm2_name3": null, "adm2_pcode": "NG003014", "adm1_name": "Akwa Ibom", "adm1_name1": null, "adm1_name2": null, "adm1_name3": null, "adm1_pcode": "NG003", "adm0_name": "Nigeria", "adm0_name1": null, "adm0_name2": null, "adm0_name3": null, "adm0_pcode": "NG", "valid_on": "2019-04-17", "valid_to": null, "area_sqkm": 115.8922647, "version": "v01", "lang": "en", "lang1": null, "lang2": null, "lang3": null, "adm2_ref_name": "Ikot Ekpene", "sendist_en": "Akwa Ibom North West", "sendistpcode": "NG00302", "center_lat": 5.20043896, "center_lon": 7.70544431}, "geometry": {"type": "Polygon", "coordinates": [[[7.764188617000116, 5.149259074000042], [7.758410194000135, 5.153829065000082], [7.75433326700005, 5.160144777000028], [7.751432134000083, 5.16358420600011], [7.749666129000047, 5.16818712200012], [7.747918365000032, 5.171059148999973], [7.746741827000051, 5.173934945000099], [7.746718767000061, 5.176242819000095], [7.746116855000025, 5.179123902000185], [7.746082531000184, 5.182587131999981], [7.74832406000013, 5.187799007000024], [7.750009807000083, 5.191276023000114], [7.750561421000043, 5.19358925400013], [7.751677887000028, 5.196484152000039], [7.752216605000058, 5.199951155000065], [7.752768248000109, 5.202263809000101], [7.75216577100008, 5.205143915], [7.751563854000096, 5.208025022000129], [7.749821253000107, 5.210319932000118], [7.7480780570001, 5.212614980000126], [7.746341309000115, 5.214332122000087], [7.74402395300001, 5.216621936000024], [7.741718948000027, 5.217757218000145], [7.739988072000131, 5.218896876000088], [7.737688963999972, 5.219456236000042], [7.735377988000096, 5.221168950000163], [7.733073501000092, 5.222303902000078], [7.73076899400013, 5.223440117000052], [7.727287595000121, 5.22745184200005], [7.724399254000161, 5.229736834000107], [7.722661187000142, 5.231454859999985], [7.720918296000093, 5.233748926000089], [7.719747851000136, 5.236049234000177], [7.717994147000127, 5.239497213999982], [7.716824796000139, 5.241795960000104], [7.715654876000144, 5.244094830000108], [7.715058554000166, 5.246398977000069], [7.713889160000065, 5.248698287000025], [7.712701890000062, 5.252727970000137], [7.711533012000132, 5.255027830000188], [7.710936097000058, 5.257330838000144], [7.709772038000096, 5.259054216999971], [7.708597172000054, 5.26192996400016], [7.707428261000075, 5.264228829000047], [7.705104940000126, 5.267095975000132], [7.703355785000099, 5.26996798000016], [7.701625095000054, 5.271108161000086], [7.697639967000043, 5.268189889000041], [7.694223123000086, 5.265852931000097], [7.69138483200004, 5.262945192000132], [7.689114809000046, 5.260618224000154], [7.688136527000097, 5.259782750000113], [7.685702951, 5.257705267000119], [7.684006052000029, 5.255383016000053], [7.682298292000098, 5.254213831000072], [7.680589408000117, 5.253047041000173], [7.677732726000045, 5.251869178000106], [7.674872855999979, 5.251268884000183], [7.670870627000056, 5.250081989000137], [7.668004190000147, 5.250059110000109], [7.665136611000094, 5.250035759000014], [7.662837746000037, 5.250595073000113], [7.661128949000158, 5.249425933000055], [7.659999828000082, 5.247684978000109], [7.659460784000032, 5.244217821000063], [7.659489875000077, 5.241332947000103], [7.659523893000028, 5.237870154], [7.658973904999982, 5.235558071000128], [7.65899695100012, 5.233249222000154], [7.659024923000118, 5.23036291700015], [7.659622121000154, 5.228059716000075], [7.660217635000038, 5.225756209], [7.660837316000084, 5.221144154000058], [7.660859797000057, 5.218834895000043], [7.660893778000116, 5.215373099000146], [7.659248810000122, 5.20785711100018], [7.659288879000144, 5.203816881000023], [7.658743855000125, 5.200926764000087], [7.657626981000135, 5.198031856000171], [7.657081978000065, 5.19514173500005], [7.655957973000056, 5.192823863000115], [7.654846073000044, 5.189353045000189], [7.653721527000073, 5.187035164000179], [7.652593204000084, 5.185294165000073], [7.650907258000018, 5.181818027000077], [7.652070789000106, 5.180096181000067], [7.652666827000019, 5.177792057000033], [7.6532859510001, 5.173180080000066], [7.653332122000108, 5.168562855000062], [7.654513162000114, 5.165110103000188], [7.656250111000077, 5.163392042000055], [7.65798211200007, 5.162251931000128], [7.661450990000048, 5.159393801000078], [7.664914359000022, 5.157114018000186], [7.667791575000024, 5.155982013000028], [7.670676480000054, 5.15427400100009], [7.674132593000138, 5.15257122800017], [7.678157817000113, 5.151449184000057], [7.681025179000017, 5.151473046000092], [7.685049817000163, 5.150351053000065], [7.690777980000064, 5.150973799999974], [7.698236856000108, 5.150456930000018], [7.701109055000188, 5.149902823000104], [7.70513416600005, 5.148780814000077], [7.708006927000156, 5.148228156000187], [7.711463920000142, 5.146523977000129], [7.714927414000158, 5.144242721000012], [7.718383797000058, 5.142539957], [7.72070141800009, 5.140250173000084], [7.723010811999984, 5.138536913999985], [7.725906639000073, 5.135674960000188], [7.728795929000057, 5.133389955000041], [7.731675030000133, 5.132257935000155], [7.735704636000094, 5.13055990700019], [7.7385659360001, 5.131159789000037], [7.742580029000123, 5.131193151000161], [7.745452010000179, 5.130639047000159], [7.748887331999981, 5.131243249000022], [7.751162837999971, 5.132993233000036], [7.754012377000095, 5.134747998000023], [7.755715040000041, 5.136493182000038], [7.759121005000054, 5.139983174000122], [7.761948227, 5.144045812000172], [7.764188617000116, 5.149259074000042]]]}}, {"type": "Feature", "properties": {"adm2_name": "Ikwerre", "adm2_name1": null, "adm2_name2": null, "adm2_name3": null, "adm2_pcode": "NG033013", "adm1_name": "Rivers", "adm1_name1": null, "adm1_name2": null, "adm1_name3": null, "adm1_pcode": "NG033", "adm0_name": "Nigeria", "adm0_name1": null, "adm0_name2": null, "adm0_name3": null, "adm0_pcode": "NG", "valid_on": "2019-04-17", "valid_to": null, "area_sqkm": 658.15910079, "version": "v01", "lang": "en", "lang1": null, "lang2": null, "lang3": null, "adm2_ref_name": "Ikwerre", "sendist_en": "Rivers East", "sendistpcode": "NG03301", "center_lat": 5.07051514, "center_lon": 6.88200456}, "geometry": {"type": "Polygon", "coordinates": [[[6.967688246000137, 5.234678875000043], [6.965338732000077, 5.233785626000099], [6.96314342900007, 5.232950745000039], [6.959775788000059, 5.23166985], [6.956932031, 5.23113961200005], [6.954387718000078, 5.230665146000035], [6.951506570000106, 5.230127878000133], [6.947785029000102, 5.229433957000026], [6.944733546000123, 5.228858508000087], [6.941577779000056, 5.228263385000162], [6.938544869000111, 5.227691655000115], [6.934500353000146, 5.226929230000167], [6.93118097700011, 5.226303127000165], [6.928904953000085, 5.226479547], [6.926602856000102, 5.2262382830001], [6.925146091000101, 5.22567935800015], [6.897366640000143, 5.235745092000059], [6.883736118000172, 5.23642632100001], [6.87653203800005, 5.236809931000153], [6.875578970000049, 5.23793221], [6.866418848000137, 5.243133085000181], [6.848985212000059, 5.249797784000179], [6.843806353000105, 5.242591805000188], [6.834993894999968, 5.23032904500019], [6.831688977999988, 5.221497050000153], [6.832520146000036, 5.211699986000099], [6.832390907000104, 5.197714758000075], [6.832236787000113, 5.18093294099998], [6.829332812000075, 5.165572178000104], [6.823700919000146, 5.153961170000059], [6.812565845000051, 5.14472484300012], [6.803746204000106, 5.136869882000099], [6.792581910000081, 5.124371012000154], [6.781877019000149, 5.111867953000058], [6.775788810999984, 5.100728018000041], [6.77611195999998, 5.085806890000185], [6.783331900000178, 5.069899065000186], [6.793383186000142, 5.061428091000039], [6.802534978999972, 5.055295009000076], [6.810787264000055, 5.051498904000141], [6.820871866000118, 5.046758175000036], [6.830029105000051, 5.041090021000173], [6.836873965000109, 5.034510098000112], [6.84134376500009, 5.020021904000032], [6.844025083000076, 5.011143185000037], [6.849420992000091, 4.997114221000118], [6.849748207000061, 4.982658886000024], [6.847825096000179, 4.973816880000129], [6.847709115999976, 4.961229798000147], [6.848990802000174, 4.950498093000078], [6.85161222500011, 4.935091982000188], [6.854743894000137, 4.925277222999966], [6.861077869000098, 4.913105030000168], [6.875255181, 4.902737115000036], [6.888145933000089, 4.902635118000035], [6.898756139000113, 4.904881010000054], [6.910264990000144, 4.90478989200011], [6.919940898000107, 4.905645834000097], [6.931893905000095, 4.903686967999988], [6.941996212000106, 4.900808785000152], [6.953044841000064, 4.900721998000165], [6.963628657000072, 4.900172214000179], [6.975534925000034, 4.893084041000122], [6.984255842000096, 4.890217776000043], [6.994870185000025, 4.892930977000105], [6.985292968000124, 4.902797184000121], [6.976161910000087, 4.911261101999969], [6.980868792000024, 4.922411927000041], [6.992876988000035, 4.92651318500009], [7.00627086500009, 4.931068912], [7.015044088000082, 4.93379687200013], [7.025228130000187, 4.93977594100005], [7.039434935000145, 4.934809224000048], [7.035966978000033, 4.956007977000183], [7.035152937000078, 4.96766995500019], [7.02693977500013, 4.97565988100007], [7.017805055000167, 4.983657799000127], [7.010533818000113, 4.993971832999989], [7.005550821000043, 5.00287010400001], [7.001498155000093, 5.012691941000128], [6.993306269000129, 5.023013138000124], [6.987880148000158, 5.033779112000047], [6.984330320000083, 5.048258760000124], [6.98260032200011, 5.060393823000084], [6.980856804999974, 5.071131218000062], [6.979126889000042, 5.083264868000185], [6.976017012, 5.09541081499998], [6.974720898999976, 5.104745871000034], [6.972530826000082, 5.116884256999981], [6.970809915000018, 5.12995102900004], [6.967243149000183, 5.142567131000135], [6.965516907000165, 5.155168055], [6.963331248000031, 5.167772735000028], [6.95825939600013, 5.172324426000159], [6.957395508000104, 5.17403553000014], [6.957387568000115, 5.175465416000122], [6.958235587000047, 5.176614049000079], [6.963838895000038, 5.179062630999965], [6.963055041000189, 5.187821855000152], [6.966414868000129, 5.202712950000091], [6.968543180000154, 5.206779500000096], [6.966301568000119, 5.211549399000148], [6.966266782000105, 5.217840918000149], [6.967061186000137, 5.228712739000059], [6.967688246000137, 5.234678875000043]]]}}, {"type": "Feature", "properties": {"adm2_name": "Ini", "adm2_name1": null, "adm2_name2": null, "adm2_name3": null, "adm2_pcode": "NG003015", "adm1_name": "Akwa Ibom", "adm1_name1": null, "adm1_name2": null, "adm1_name3": null, "adm1_pcode": "NG003", "adm0_name": "Nigeria", "adm0_name1": null, "adm0_name2": null, "adm0_name3": null, "adm0_pcode": "NG", "valid_on": "2019-04-17", "valid_to": null, "area_sqkm": 382.90265403, "version": "v01", "lang": "en", "lang1": null, "lang2": null, "lang3": null, "adm2_ref_name": "Ini", "sendist_en": "Akwa Ibom North West", "sendistpcode": "NG00302", "center_lat": 5.40397166, "center_lon": 7.75151867}, "geometry": {"type": "Polygon", "coordinates": [[[7.876112163000016, 5.368900774999986], [7.882703750000189, 5.382002331000081], [7.878330683000115, 5.385394439000095], [7.875004689000036, 5.390552099000161], [7.872156290000021, 5.4004410820001], [7.871191943000042, 5.402336134000052], [7.86826824000002, 5.408082907999983], [7.867661173000158, 5.411540935000062], [7.866485372000113, 5.414418153000042], [7.865297523000152, 5.418448045000105], [7.863560922999966, 5.420166014000017], [7.861256158000174, 5.421300936000137], [7.858384317000116, 5.421855027000049], [7.856084126000155, 5.422412869000027], [7.853218018000177, 5.422390024000038], [7.850350784000057, 5.422367153000152], [7.838315973000022, 5.421692802000052], [7.821098612000185, 5.423284971000101], [7.809012097000164, 5.427803955000059], [7.798606198000073, 5.43637800900018], [7.792839312000069, 5.439794022000115], [7.788779021000096, 5.444377920000136], [7.787598342000024, 5.447832077000044], [7.786410665000062, 5.451861841000039], [7.784661821000157, 5.454733795000152], [7.784059753000065, 5.457613933000061], [7.782861977999971, 5.462799034], [7.781096055000148, 5.467401913000117], [7.779921099000092, 5.470277740000085], [7.778172117000167, 5.473149791000139], [7.775856133000048, 5.475440074], [7.774117721000096, 5.477157055000077], [7.768929274000072, 5.480000976999975], [7.765461015000028, 5.482859128000143], [7.763133109000023, 5.486302801000079], [7.761395711000148, 5.488019873000042], [7.760225859000172, 5.490318740000077], [7.759629970000162, 5.492622813000025], [7.760156868000024, 5.497243831999981], [7.759550317000048, 5.500701954000135], [7.760077222, 5.505323954000119], [7.758901961000049, 5.508200136000028], [7.757159108000167, 5.510495210000045], [7.754848091000156, 5.51220803800004], [7.751385314000117, 5.514488159000109], [7.748500766000177, 5.516195724999989], [7.745628029000045, 5.516749779], [7.742755837000118, 5.517303961000039], [7.734149941000169, 5.517811861000155], [7.729569145000085, 5.51719713000017], [7.726707681000107, 5.51659684200007], [7.723285226000144, 5.514838189000102], [7.719288740000081, 5.513073972000086], [7.717000798000129, 5.512478859000112], [7.713567041000147, 5.511874179000188], [7.710693714000172, 5.512427808999973], [7.711227107000127, 5.516471878], [7.710626057000184, 5.519352895000111], [7.707765159000076, 5.518753015000016], [7.704908579000119, 5.517574789999969], [7.70194088900007, 5.51755097400013], [7.695939132000092, 5.518277608000062], [7.694026670000085, 5.516333055000189], [7.692904251000073, 5.514016165000157], [7.691780173000154, 5.511697728000058], [7.691235008000035, 5.508808115000022], [7.690116944000067, 5.50591276200015], [7.691304173, 5.501883034000173], [7.693046826000057, 5.499587993999967], [7.694784048000088, 5.497869987], [7.697673555000165, 5.495584948000044], [7.699989599000105, 5.493295179000029], [7.702318126000137, 5.489851038000097], [7.704072047000011, 5.48640301000006], [7.70468022200015, 5.482944983000039], [7.704714963000129, 5.479482235999967], [7.703614247000132, 5.474855833999982], [7.70365385600013, 5.47081619000005], [7.703115181000101, 5.467348997000158], [7.703143964000049, 5.464464123000027], [7.703166176000138, 5.462154879000082], [7.703194959000086, 5.459270003000142], [7.70267910900003, 5.453494103000082], [7.701567109000052, 5.450022184000147], [7.70101597200005, 5.44770904700016], [7.699899137000102, 5.444815148000089], [7.699938767000162, 5.440774944000111], [7.700534946, 5.438470835000146], [7.700563732000091, 5.43558497600003], [7.700030002000176, 5.431541007000021], [7.697731201000124, 5.432099839000045], [7.69541495500016, 5.434390042000075], [7.693110132000129, 5.435524867000083], [7.691372642999966, 5.437243034000062], [7.689073778000136, 5.437800940000045], [7.68562820000011, 5.438351206000107], [7.682176027000025, 5.43947703300006], [7.678157063000072, 5.440022046000138], [7.675851579999971, 5.441156908000096], [7.67412114200016, 5.442296956000064], [7.671810166000057, 5.444009835000145], [7.669499167000083, 5.445723108000038], [7.667761518000134, 5.447441143], [7.663176232000183, 5.447402898000121], [7.660308807000149, 5.447380942000109], [7.656886173000089, 5.445620954000105], [7.655248310000047, 5.444222893000187], [7.653473996000116, 5.442708015000051], [7.65124068900019, 5.440418688000079], [7.648932773000183, 5.438054047000094], [7.646656989000178, 5.436304151000115], [7.642666675000044, 5.433962898000118], [7.640964291000046, 5.432219041000167], [7.639260786000079, 5.430472913000074], [7.638136745000054, 5.428155006000054], [7.636446002000071, 5.425255804000187], [7.634766344000184, 5.421203083000137], [7.63421567000006, 5.418889992000118], [7.634262111000112, 5.414272751000112], [7.63428419700017, 5.411963913000022], [7.633746281000072, 5.408496889000048], [7.63320115199997, 5.405607179000071], [7.632089382000174, 5.402134910000086], [7.631544297000119, 5.399244770000053], [7.630993674000138, 5.39693208], [7.629869769000095, 5.394614292000085], [7.628751963000184, 5.391718887000081], [7.627623125000014, 5.389978952000092], [7.626493178000089, 5.388237898000057], [7.62536266800015, 5.386496969000177], [7.624234416000036, 5.384757044000025], [7.623682737000138, 5.382443912000099], [7.624279854000065, 5.380139795000161], [7.62601681100017, 5.378423220000172], [7.628315960000066, 5.377863860000048], [7.631183405000115, 5.37788818100006], [7.633470928000122, 5.37848285400014], [7.636893955000062, 5.38024179100006], [7.639742615000046, 5.381997148000096], [7.641642711000088, 5.383665874000144], [7.644403230000137, 5.384600634000037], [7.650654474000078, 5.384992863000093], [7.655806592000033, 5.384273593000103], [7.662426939000056, 5.384297912000022], [7.667942727000082, 5.384687297000028], [7.671622537000076, 5.384331493000047], [7.675673508000159, 5.382869672000027], [7.677594726000166, 5.381216414000164], [7.677607003, 5.379993956000078], [7.677056121000078, 5.377680778000183], [7.676528758000075, 5.373060169000041], [7.67598992700016, 5.369593071000054], [7.673742878000098, 5.364956900000095], [7.672624835000079, 5.362061903000097], [7.670939033000025, 5.35858582700007], [7.66982101200017, 5.355690970000069], [7.668140736000055, 5.351636853000116], [7.667591076000065, 5.34932520100017], [7.666473130000099, 5.34642977600015], [7.665349156, 5.344111946000055], [7.663645957000028, 5.342367205000187], [7.66251711200016, 5.340625820000071], [7.660807893000026, 5.339457959000185], [7.658549109000035, 5.335977016000186], [7.679695202000062, 5.303296102000104], [7.678989054000056, 5.298627798000041], [7.679185346000111, 5.298054147000073], [7.680170270000076, 5.295175105999988], [7.681334003000188, 5.293453247000116], [7.683655999000109, 5.290585952000072], [7.68597797700005, 5.287718789999985], [7.689790915, 5.292542095000044], [7.693998577000173, 5.30308532700019], [7.699731327000052, 5.306113855000092], [7.711698278000142, 5.311671112000113], [7.718940030000169, 5.311696605000179], [7.724186751000047, 5.310962999000083], [7.727191882999989, 5.308466753000118], [7.729444692000129, 5.306970502000013], [7.73119060800019, 5.307477894000101], [7.733178728000041, 5.310242208000034], [7.734157697000114, 5.316011048], [7.738882683000099, 5.321792867000113], [7.742873505000034, 5.323310608000043], [7.750363230000062, 5.323837778000154], [7.763119729000152, 5.317865125000026], [7.766130559000032, 5.313613810999982], [7.770395973000177, 5.307612097000117], [7.771178319000057, 5.297587910000175], [7.770945644999983, 5.292573798000092], [7.771202609000113, 5.290318573999969], [7.77195280400008, 5.290070449000154], [7.773701760000051, 5.289825663000158], [7.77669220700011, 5.291590470000074], [7.787170770000159, 5.294382705000089], [7.791168337999977, 5.293643983000038], [7.795911169000078, 5.294160981], [7.802653195000175, 5.294183164000174], [7.807320319000155, 5.294784402000175], [7.806868899000108, 5.297352836000073], [7.807987247000085, 5.300248111000087], [7.809110861000136, 5.302565094000045], [7.811374980000153, 5.305469039000059], [7.81420179700001, 5.309532170000068], [7.815326048000031, 5.311850116000187], [7.815869644000088, 5.314740109000127], [7.818129213000077, 5.318221061000031], [7.820387718000177, 5.321701995000069], [7.823221108000098, 5.325188176000154], [7.825497060000146, 5.326938108000149], [7.826620847000129, 5.32925516500012], [7.828317862000119, 5.331576742999971], [7.829442249000181, 5.333895200000086], [7.830553978000069, 5.337367036999979], [7.831672081000079, 5.340261956000177], [7.833357065000087, 5.343738136000184], [7.834486729000105, 5.345478992000153], [7.835615851999989, 5.347218972000064], [7.837852178000105, 5.353009218000068], [7.840123156000061, 5.355336234000049], [7.841831336000041, 5.356503971000109], [7.844687105000162, 5.357680834000064], [7.847548091000078, 5.358282037000151], [7.850409075000186, 5.358880975000147], [7.852707751000139, 5.358323164000126], [7.855001247000189, 5.358342237000159], [7.859002994000093, 5.359528082000168], [7.862432078000097, 5.36071013600008], [7.865860058000067, 5.361892283000088], [7.869856708000157, 5.363656057000185], [7.87436924900004, 5.367439773000058], [7.876112163000016, 5.368900774999986]]]}}, {"type": "Feature", "properties": {"adm2_name": "Isoko North", "adm2_name1": null, "adm2_name2": null, "adm2_name3": null, "adm2_pcode": "NG010009", "adm1_name": "Delta", "adm1_name1": null, "adm1_name2": null, "adm1_name3": null, "adm1_pcode": "NG010", "adm0_name": "Nigeria", "adm0_name1": null, "adm0_name2": null, "adm0_name3": null, "adm0_pcode": "NG", "valid_on": "2019-04-17", "valid_to": null, "area_sqkm": 482.07696896, "version": "v01", "lang": "en", "lang1": null, "lang2": null, "lang3": null, "adm2_ref_name": "Isoko North", "sendist_en": "Delta South", "sendistpcode": "NG01003", "center_lat": 5.51388, "center_lon": 6.12626378}, "geometry": {"type": "MultiPolygon", "coordinates": [[[[6.347042042000169, 5.4484672480001], [6.366652031000058, 5.43647719300003], [6.373417719000145, 5.444160998000143], [6.382266967000135, 5.442153972000142], [6.387165966, 5.439205136000055], [6.392495072000031, 5.435998020999989], [6.410205902000143, 5.429211064000015], [6.421773044000076, 5.427919811000038], [6.431973112000094, 5.428005264000092], [6.445410804000119, 5.430782375000092], [6.452686351000182, 5.437451358999965], [6.45441939300008, 5.441688271000089], [6.453612153000051, 5.444835438000155], [6.451986623000039, 5.448569337000094], [6.447161853000125, 5.452280890000168], [6.435401960000149, 5.456478815000139], [6.424726485000122, 5.458008819000042], [6.406060898000021, 5.458411782000098], [6.393267946000037, 5.457785556000147], [6.384736724000106, 5.457724543000154], [6.381529853000075, 5.458771622000029], [6.379903528000057, 5.462505197000098], [6.374399511000036, 5.486542636000081], [6.375903749000145, 5.499929448000159], [6.377434839000159, 5.509571200000153], [6.375221576000115, 5.520791066000186], [6.367026599000155, 5.548019132999968], [6.366274173000079, 5.550688917000116], [6.368473367000149, 5.569431286000167], [6.372126517000083, 5.580693321000012], [6.376839132000157, 5.593033114000093], [6.381018475000189, 5.605369014000075], [6.382054916000072, 5.609656792000067], [6.378309556000147, 5.61123505300003], [6.369755623000174, 5.613848755999982], [6.356938096000079, 5.61589632700003], [6.345167773000071, 5.620626378000168], [6.329073047000122, 5.62587694900003], [6.327727783000171, 5.626860142999988], [6.325638696000055, 5.637938020000092], [6.312063255000112, 5.632277018000138], [6.303232254000136, 5.630124104000174], [6.290324164000083, 5.627243023000062], [6.277422053000066, 5.622973846000093], [6.265188180000052, 5.621485155000073], [6.248194292000164, 5.619956979000108], [6.236637235000046, 5.619166900000039], [6.220993180000164, 5.619729972000073], [6.211463101000106, 5.621732289000079], [6.194493756000156, 5.614654988000098], [6.181620193000185, 5.604146009000033], [6.174163684000064, 5.598536073], [6.163301896, 5.594284975000164], [6.146978945000114, 5.594842839000137], [6.136096079000083, 5.595446079000169], [6.123868020000032, 5.592569796000078], [6.115060913000093, 5.584867932], [6.112383962000024, 5.575138155000104], [6.115851004000035, 5.559909799000081], [6.116582967999989, 5.548127173000069], [6.111188945000038, 5.537680137000052], [6.102376988, 5.531364892], [6.08675488900019, 5.527073828000084], [6.077941917000032, 5.520759125000097], [6.072536028000115, 5.513085807000095], [6.069172001000027, 5.504735879], [6.062437079, 5.490117056000088], [6.057714017000023, 5.481756205000124], [6.055731767000168, 5.46856405900013], [6.056478876000085, 5.453312867000022], [6.061984028000097, 5.438796004000153], [6.070876197000189, 5.427081107000106], [6.080441901000086, 5.41675809700007], [6.087977002000116, 5.404337856000097], [6.088019839000026, 5.394629068000086], [6.089103934000093, 5.39029487900018], [6.096145757000045, 5.404713778000144], [6.112601189000145, 5.413940185000115], [6.118923139000117, 5.42362096800008], [6.125301156000148, 5.440901713000187], [6.125895932000162, 5.441408150000086], [6.132647138000095, 5.452559890000146], [6.137366668000141, 5.461615052000127], [6.142754896000099, 5.473447842000041], [6.151548819000027, 5.483923939000022], [6.161713221000127, 5.49233012000002], [6.171866855000189, 5.502817133000065], [6.179975119000119, 5.514674198000137], [6.184689113000104, 5.525114971000107], [6.190085808000106, 5.534869125000171], [6.193443667000054, 5.544604862000028], [6.200953885000047, 5.537733082000045], [6.208467978000158, 5.530168093000043], [6.218025164999972, 5.521924899000112], [6.226210139000102, 5.516445153000063], [6.236444103000053, 5.508902094000064], [6.245963955000093, 5.508981227000106], [6.253410937000012, 5.516672105000168], [6.264936867000131, 5.52439596], [6.275774082000055, 5.534194912000032], [6.281175094000162, 5.543254812000043], [6.285900945000094, 5.550922888000173], [6.29952919100009, 5.544795080000142], [6.310428017, 5.540725293000094], [6.322009953000133, 5.535965869000108], [6.33019115999997, 5.531179953000105], [6.330528245000096, 5.526269477000028], [6.329112822000127, 5.523661771000093], [6.32885625, 5.516174617000047], [6.327840439000113, 5.509211623000169], [6.323628634000045, 5.501690122000184], [6.319096274, 5.491723725000043], [6.321759672000098, 5.482913543000109], [6.335155960000066, 5.467325163000112], [6.340514698000106, 5.457338815000071], [6.344104332000086, 5.450263563000135], [6.347042042000169, 5.4484672480001]]], [[[6.301863901000161, 5.415388160000134], [6.305031400000132, 5.419691792000037], [6.308198972000071, 5.423995525000066], [6.309751463000168, 5.430427595000083], [6.310245390999967, 5.435781662000124], [6.309673152000187, 5.441127854000172], [6.309116562000099, 5.444333915000129], [6.298370413000157, 5.455490488000123], [6.283906720000061, 5.464478864000114], [6.270552850000058, 5.467589566000072], [6.262037362000115, 5.465385708000156], [6.2546084600001, 5.460514451000051], [6.251990311999975, 5.454074275000096], [6.252551691000178, 5.450333227000044], [6.259526748000042, 5.44450013300002], [6.265988652000033, 5.435987838000131], [6.27295556200005, 5.431224625000084], [6.278871718000175, 5.424313201000075], [6.286920413000075, 5.417417519000082], [6.296544338000103, 5.413743645000011], [6.301863901000161, 5.415388160000134]]]]}}, {"type": "Feature", "properties": {"adm2_name": "Isoko South", "adm2_name1": null, "adm2_name2": null, "adm2_name3": null, "adm2_pcode": "NG010010", "adm1_name": "Delta", "adm1_name1": null, "adm1_name2": null, "adm1_name3": null, "adm1_pcode": "NG010", "adm0_name": "Nigeria", "adm0_name1": null, "adm0_name2": null, "adm0_name3": null, "adm0_pcode": "NG", "valid_on": "2019-04-17", "valid_to": null, "area_sqkm": 689.7363071, "version": "v01", "lang": "en", "lang1": null, "lang2": null, "lang3": null, "adm2_ref_name": "Isoko South", "sendist_en": "Delta South", "sendistpcode": "NG01003", "center_lat": 5.3973511, "center_lon": 6.2135041}, "geometry": {"type": "Polygon", "coordinates": [[[6.347042042000169, 5.4484672480001], [6.344104332000086, 5.450263563000135], [6.340514698000106, 5.457338815000071], [6.335155960000066, 5.467325163000112], [6.321759672000098, 5.482913543000109], [6.319096274, 5.491723725000043], [6.323628634000045, 5.501690122000184], [6.327840439000113, 5.509211623000169], [6.32885625, 5.516174617000047], [6.329112822000127, 5.523661771000093], [6.330528245000096, 5.526269477000028], [6.33019115999997, 5.531179953000105], [6.322009953000133, 5.535965869000108], [6.310428017, 5.540725293000094], [6.29952919100009, 5.544795080000142], [6.285900945000094, 5.550922888000173], [6.281175094000162, 5.543254812000043], [6.275774082000055, 5.534194912000032], [6.264936867000131, 5.52439596], [6.253410937000012, 5.516672105000168], [6.245963955000093, 5.508981227000106], [6.236444103000053, 5.508902094000064], [6.226210139000102, 5.516445153000063], [6.218025164999972, 5.521924899000112], [6.208467978000158, 5.530168093000043], [6.200953885000047, 5.537733082000045], [6.193443667000054, 5.544604862000028], [6.190085808000106, 5.534869125000171], [6.184689113000104, 5.525114971000107], [6.179975119000119, 5.514674198000137], [6.171866855000189, 5.502817133000065], [6.161713221000127, 5.49233012000002], [6.151548819000027, 5.483923939000022], [6.142754896000099, 5.473447842000041], [6.137366668000141, 5.461615052000127], [6.132647138000095, 5.452559890000146], [6.125895932000162, 5.441408150000086], [6.125301156000148, 5.440901713000187], [6.118923139000117, 5.42362096800008], [6.112601189000145, 5.413940185000115], [6.096145757000045, 5.404713778000144], [6.089103934000093, 5.39029487900018], [6.092174018000094, 5.378020763000166], [6.096314931000165, 5.364184865000084], [6.094324218000054, 5.353073181000127], [6.094364196000129, 5.344058983000025], [6.09372992200008, 5.333651028000133], [6.094473918000176, 5.319094143000143], [6.099275044000024, 5.310119089000068], [6.106126838000137, 5.298387093000088], [6.117763933000106, 5.281146060000083], [6.126649811000107, 5.270818293000104], [6.136225222, 5.258415206000109], [6.144433997000021, 5.247386914000174], [6.151268099000049, 5.239816208000093], [6.161487184000123, 5.235740223999983], [6.175773056000025, 5.234471845000144], [6.187352204999968, 5.230408202000092], [6.190820601999974, 5.236243763], [6.196905651000122, 5.246480992000158], [6.199719538000181, 5.246079406000149], [6.203470081999967, 5.243432926000025], [6.203643520000128, 5.242758276000188], [6.211455109000156, 5.244564116], [6.218887151000104, 5.248366122], [6.234341138000048, 5.248483588000113], [6.242895574000158, 5.244803048000051], [6.254659159000084, 5.239541282000118], [6.267452215000105, 5.239102205999984], [6.271715428000107, 5.239134109000076], [6.278121713000019, 5.237576789000173], [6.283995130000051, 5.236015409000117], [6.288775325000074, 5.238191221000022], [6.290891026000054, 5.24034706600014], [6.290859499000021, 5.244627220999973], [6.287599255000146, 5.253163793000056], [6.282763531000057, 5.258478257000093], [6.27847239800019, 5.262191571000017], [6.277899967000167, 5.267537761000085], [6.27786036599997, 5.272887906000165], [6.278373415999965, 5.275566972000149], [6.280473721000135, 5.279863016000149], [6.287700740000105, 5.283717196], [6.288518478000071, 5.284943527000166], [6.289982303000102, 5.286700302000099], [6.292909551000037, 5.289627586], [6.295017594000115, 5.292945797000016], [6.297190657000044, 5.296343761000173], [6.300047772000084, 5.299026442000184], [6.302890284999989, 5.301016329000049], [6.306432293000171, 5.302983798000014], [6.310642852000115, 5.303543017000038], [6.315568088000134, 5.304772846999981], [6.32187704200004, 5.305265005000024], [6.325403125000037, 5.30653952900019], [6.327453742000159, 5.310412441000153], [6.330088241999988, 5.313632437000138], [6.333601004000059, 5.317730936000032], [6.338832400000172, 5.319910929], [6.337697389000141, 5.324871019000113], [6.335749972000031, 5.331867657999965], [6.334471809000036, 5.337456736000036], [6.333847387999981, 5.340943820000064], [6.331839698000124, 5.345168533000162], [6.331959666000103, 5.350712721000036], [6.331380928000044, 5.356278933000169], [6.330087646000152, 5.361174535000032], [6.329478385000073, 5.365355067000053], [6.32892950400003, 5.372307350000028], [6.328320494000081, 5.376487176000012], [6.329109559000131, 5.380622840000058], [6.330796443000054, 5.385283637000157], [6.336599313000022, 5.404407321000065], [6.347118871000021, 5.424280439000029], [6.354472526000166, 5.438773826000102], [6.350014184000031, 5.443455221000079], [6.347042042000169, 5.4484672480001]], [[6.301863901000161, 5.415388160000134], [6.296544338000103, 5.413743645000011], [6.286920413000075, 5.417417519000082], [6.278871718000175, 5.424313201000075], [6.27295556200005, 5.431224625000084], [6.265988652000033, 5.435987838000131], [6.259526748000042, 5.44450013300002], [6.252551691000178, 5.450333227000044], [6.251990311999975, 5.454074275000096], [6.2546084600001, 5.460514451000051], [6.262037362000115, 5.465385708000156], [6.270552850000058, 5.467589566000072], [6.283906720000061, 5.464478864000114], [6.298370413000157, 5.455490488000123], [6.309116562000099, 5.444333915000129], [6.309673152000187, 5.441127854000172], [6.310245390999967, 5.435781662000124], [6.309751463000168, 5.430427595000083], [6.308198972000071, 5.423995525000066], [6.305031400000132, 5.419691792000037], [6.301863901000161, 5.415388160000134]]]}}, {"type": "Feature", "properties": {"adm2_name": "Itu", "adm2_name1": null, "adm2_name2": null, "adm2_name3": null, "adm2_pcode": "NG003016", "adm1_name": "Akwa Ibom", "adm1_name1": null, "adm1_name2": null, "adm1_name3": null, "adm1_pcode": "NG003", "adm0_name": "Nigeria", "adm0_name1": null, "adm0_name2": null, "adm0_name3": null, "adm0_pcode": "NG", "valid_on": "2019-04-17", "valid_to": null, "area_sqkm": 180.25914776, "version": "v01", "lang": "en", "lang1": null, "lang2": null, "lang3": null, "adm2_ref_name": "Itu", "sendist_en": "Akwa Ibom North East", "sendistpcode": "NG00301", "center_lat": 5.13848542, "center_lon": 7.99963452}, "geometry": {"type": "Polygon", "coordinates": [[[8.069683288000078, 5.135974906000115], [8.064817521000123, 5.145511089000024], [8.065447886000129, 5.151477623], [8.065684375000046, 5.156745126000033], [8.066420097, 5.162013999000123], [8.068158019000123, 5.166031328000088], [8.070893642000044, 5.170803678000084], [8.072883432000026, 5.174069229000168], [8.073875508000015, 5.176830642000141], [8.07336307200012, 5.181845508000094], [8.072605081000177, 5.18535486900015], [8.071099189000108, 5.188360672000044], [8.068587935000153, 5.193621234000091], [8.066832717000068, 5.196375695000029], [8.065576714000144, 5.199131296000189], [8.064713719000054, 5.200066309000022], [8.061627526000052, 5.206239255000071], [8.05515010300013, 5.217342435000035], [8.034794792000184, 5.243249978000165], [8.026467429000093, 5.24787620800015], [8.016752377000103, 5.246951104000175], [8.009812468000064, 5.238161079], [8.006573901000081, 5.225669864000054], [8.003335028000095, 5.219193045], [7.992694983000149, 5.206701739000152], [7.984367476000102, 5.205776190000051], [7.976094038000156, 5.20829443700012], [7.973348246000171, 5.211946019000095], [7.969827719000136, 5.220265383000083], [7.960853187000055, 5.207984991000103], [7.959155907000138, 5.205663168000115], [7.957459223000114, 5.203341060000184], [7.956336125000064, 5.201023141000121], [7.955791022000028, 5.198133048000045], [7.954666806999967, 5.195815102000097], [7.954127866000078, 5.192347977000168], [7.955320153000059, 5.187739884], [7.955939996999973, 5.183127908000188], [7.957687868999983, 5.180255892000048], [7.960596152000051, 5.176239988000134], [7.962911918000145, 5.17395022200003], [7.963508248000096, 5.171646096000131], [7.962384081000096, 5.169329172000118], [7.960114034000128, 5.167002183000022], [7.955556183, 5.164079216000061], [7.952149834000181, 5.160589251000033], [7.945895164000092, 5.155344018999983], [7.941371174000096, 5.148959126000079], [7.938527355000076, 5.146626964000063], [7.936263213000132, 5.143722996000122], [7.932282661000102, 5.14022776000013], [7.929450786000189, 5.13674307499997], [7.927192390000016, 5.133261240000138], [7.924939114000097, 5.129202838000083], [7.91930894900014, 5.118769154000063], [7.911424987000089, 5.104277091000142], [7.91317397600011, 5.101405136000096], [7.914350105000153, 5.098528874000124], [7.915519443000107, 5.096230046000187], [7.91611483700018, 5.09392593400014], [7.916137954000021, 5.091618046000121], [7.915015438000069, 5.089300195000135], [7.914464053000188, 5.08698700400015], [7.913334804999977, 5.085246103000088], [7.911632188000056, 5.083500878000166], [7.908208920000163, 5.081741810000096], [7.905359057000169, 5.079988043000014], [7.903078055000094, 5.078814978000082], [7.900234467000189, 5.076482789000067], [7.896810764000122, 5.074724187000072], [7.893967247000148, 5.072392004000108], [7.89169141800005, 5.070642963000068], [7.891225256000041, 5.070362707000129], [7.883510455000021, 5.063320359000102], [7.876788723000061, 5.058035539000173], [7.874805681000112, 5.053517385000077], [7.872584752000137, 5.045488993], [7.871808994000048, 5.041048095000065], [7.874782969000023, 5.041071915000089], [7.879811473000018, 5.041342788000065], [7.88183272700013, 5.04050395500019], [7.883836501000189, 5.038003411000034], [7.884593704000054, 5.035248301000024], [7.885350324000115, 5.03249320700013], [7.886604256000112, 5.030491676000167], [7.88885093100015, 5.030247859000156], [7.890095969000129, 5.03100364300019], [7.892829607000181, 5.034772078000117], [7.895814811999969, 5.037789208], [7.900859002000061, 5.040704866], [7.901735545, 5.040711896000062], [7.906311228000163, 5.041903009000123], [7.908593134000171, 5.043077022000034], [7.911443297000176, 5.044830785999977], [7.913145735000171, 5.046575997000048], [7.914843114000178, 5.048898196999971], [7.916533744000105, 5.051797845000124], [7.918208066999966, 5.056427958000143], [7.919904949000056, 5.058751114000131], [7.922170117000064, 5.061655047000158], [7.923872684000173, 5.063399800000013], [7.925570208000124, 5.065722005000055], [7.927255943000034, 5.069199064000088], [7.928936086000078, 5.073252183000136], [7.932318390000148, 5.079051043000163], [7.940265355000179, 5.087194916000101], [7.94481095000009, 5.091271869000025], [7.949363917000142, 5.094771884000124], [7.952775219000159, 5.097684850000121], [7.95675438000012, 5.101180086000113], [7.960159649000047, 5.104671013000029], [7.961863147000145, 5.106416217], [7.964132831000029, 5.108743199000173], [7.965835815000048, 5.110487958000022], [7.968686200000093, 5.112242250000065], [7.972113902, 5.11342384000011], [7.975543302000062, 5.114605902000051], [7.97897714700008, 5.115211024000189], [7.981265284000131, 5.115807046000157], [7.98411962800003, 5.116983902000186], [7.99268007500018, 5.121092821000047], [7.995530095999982, 5.12284803100016], [7.99780009400007, 5.125175007000109], [8.000070677000053, 5.127500970000085], [8.001779425000052, 5.128670229000136], [8.004623490000085, 5.131000992000168], [8.006331702000011, 5.132168729000057], [8.008607880000056, 5.133918735000066], [8.013779888000101, 5.132806771999981], [8.017219436000119, 5.132834001000049], [8.020086115000083, 5.13285780700005], [8.023526235000134, 5.132884980000085], [8.026387440000178, 5.13348578800003], [8.029259576000129, 5.132932210999968], [8.032120792000057, 5.133532068000136], [8.03499292100014, 5.13297794500005], [8.037860156000136, 5.133000854000045], [8.0407268190001, 5.133024239000122], [8.04359349900011, 5.133048082000073], [8.047606509000161, 5.133079992000035], [8.050474299000143, 5.133102857999972], [8.05276697000005, 5.133121968000125], [8.055633654000076, 5.133144866000066], [8.060215256000106, 5.13375904600008], [8.063649417000079, 5.134364148999964], [8.067083571000012, 5.134969220000016], [8.069683288000078, 5.135974906000115]]]}}, {"type": "Feature", "properties": {"adm2_name": "Khana", "adm2_name1": null, "adm2_name2": null, "adm2_name3": null, "adm2_pcode": "NG033014", "adm1_name": "Rivers", "adm1_name1": null, "adm1_name2": null, "adm1_name3": null, "adm1_pcode": "NG033", "adm0_name": "Nigeria", "adm0_name1": null, "adm0_name2": null, "adm0_name3": null, "adm0_pcode": "NG", "valid_on": "2019-04-17", "valid_to": null, "area_sqkm": 558.89314966, "version": "v01", "lang": "en", "lang1": null, "lang2": null, "lang3": null, "adm2_ref_name": "Khana", "sendist_en": "Rivers South East", "sendistpcode": "NG03302", "center_lat": 4.67248711, "center_lon": 7.43228934}, "geometry": {"type": "Polygon", "coordinates": [[[7.501562138000054, 4.807817926999974], [7.488967049, 4.801836025000114], [7.473779001000139, 4.802422076000028], [7.453966340000136, 4.800713976000111], [7.447693031000028, 4.800083971000106], [7.439090156000077, 4.81235484900003], [7.432820010000171, 4.81490186000002], [7.428554803000168, 4.814311512000188], [7.42287562700011, 4.811713077000036], [7.419782075000114, 4.807230234000144], [7.418578125000124, 4.807521818999987], [7.407067729000062, 4.807612905999974], [7.397869078000042, 4.808618058000036], [7.382664328000033, 4.807340110000155], [7.377975102000164, 4.798052809000069], [7.370932228000072, 4.783191186000124], [7.36076507100006, 4.779076091000093], [7.346488838000027, 4.778721804000156], [7.335913085000072, 4.78020477900003], [7.321206999000083, 4.783119239000087], [7.323874926000144, 4.772840961000043], [7.325122763000081, 4.758378990000097], [7.328729244000158, 4.74995897000008], [7.339686909000079, 4.740081793000058], [7.344653147000088, 4.729320048000034], [7.345461751000016, 4.717192164000039], [7.347191932000101, 4.705057158000159], [7.348783003000051, 4.691580298000076], [7.351161875000059, 4.688420800000131], [7.353448677000074, 4.685857302000159], [7.354600379000146, 4.682716607000089], [7.356041555, 4.678433243000029], [7.356049213000119, 4.676717414999985], [7.354063505000113, 4.675564479000172], [7.350367546000143, 4.675261768000098], [7.347083435000116, 4.675246883], [7.344055991000062, 4.66452311300003], [7.338902064000024, 4.654773283000111], [7.330491134000113, 4.641320242000177], [7.328555070000107, 4.631079196000144], [7.324765228000103, 4.619453914000189], [7.320522907000168, 4.608765102000064], [7.31535486000007, 4.597617165000031], [7.321276218000037, 4.590577105000023], [7.332704179000132, 4.581628826000099], [7.343705171000181, 4.576414090000128], [7.352860876000022, 4.570745930000101], [7.362039073000119, 4.567410001000042], [7.372179894000112, 4.568727992999982], [7.385112744000082, 4.57328797200006], [7.395224158000076, 4.571342954999977], [7.407611021000093, 4.566583166999976], [7.419754013000102, 4.568759838000062], [7.421034914000131, 4.568293585000106], [7.422761841000067, 4.567985552000096], [7.422804717000076, 4.569522864000135], [7.428831308000042, 4.57107685200009], [7.445114378000085, 4.573476776000064], [7.45704009300016, 4.571820241000069], [7.458186950000083, 4.571283486000141], [7.4639891650001, 4.572516631000099], [7.468248082000173, 4.573964514000124], [7.475923658, 4.574282708000169], [7.484756548000064, 4.569743731000187], [7.488756976000104, 4.564898546000165], [7.489838583000164, 4.560938653000164], [7.495135663000042, 4.560226465000028], [7.497454730000186, 4.557576168000026], [7.497123498000121, 4.550619587000085], [7.497785633000092, 4.54697561800009], [7.500435768999978, 4.540681838000182], [7.507050790000108, 4.535921604000123], [7.510241545000099, 4.532731535000039], [7.517829675000144, 4.531959525000104], [7.520841508000046, 4.535381298000175], [7.525487425000108, 4.539330480000103], [7.526627992999977, 4.541163437000137], [7.529382368000086, 4.543667778000156], [7.52764495200006, 4.545384865000187], [7.526474937000103, 4.547684171000185], [7.523956079000072, 4.550619614000141], [7.524617913000156, 4.556251053999972], [7.527268539999966, 4.560557364000147], [7.52991804200019, 4.561220174000084], [7.532568660000095, 4.562876221000067], [7.534931953000182, 4.562181013000099], [7.53663487700004, 4.563926227000081], [7.538910940000108, 4.565676214000177], [7.541727338000101, 4.570892824000168], [7.542843646999984, 4.573788168000078], [7.543962222000118, 4.576683035999963], [7.545081370000162, 4.579576994000149], [7.544473188000097, 4.583034999000176], [7.543303156000093, 4.585334764000152], [7.542139314999986, 4.5870571210001], [7.539244119999978, 4.589919134000183], [7.537507104000156, 4.591636157000039], [7.535758152000028, 4.594508188000077], [7.534026195000024, 4.595647785000153], [7.532856058999982, 4.597947108000085], [7.531687033000082, 4.60024595100009], [7.530517970000062, 4.602546180000104], [7.529347792000067, 4.604845066000053], [7.528746235000142, 4.607726065000122], [7.528150328000095, 4.610029247999989], [7.527553308000108, 4.612332851000076], [7.526377951000086, 4.615210043000104], [7.525202031000163, 4.618084897000131], [7.524324804000116, 4.622284371000148], [7.521090483000137, 4.626502967000135], [7.519696512000166, 4.631034365000062], [7.519870572000173, 4.640446207000082], [7.523182170999974, 4.649509447000185], [7.523182349000024, 4.657178417000182], [7.52074218700011, 4.662581421000141], [7.518476485, 4.669727333000026], [7.517953110000178, 4.676873690000036], [7.520742091000102, 4.684716691000176], [7.525622435000116, 4.690816869000059], [7.527896955000188, 4.693136226000036], [7.530728941, 4.69662186100004], [7.534141123000097, 4.699534862000121], [7.536983988000031, 4.701867134000167], [7.537997445000144, 4.705980320000151], [7.540467824000189, 4.708141793000038], [7.542005488000029, 4.711906438000028], [7.545165440000176, 4.71910477199998], [7.547098214000073, 4.726191008000114], [7.545487678000029, 4.732310750000011], [7.543748824000033, 4.734041218000016], [7.541322010000158, 4.736161242000151], [7.536468937000166, 4.739396550000095], [7.530993419000083, 4.743906041000116], [7.526483997000184, 4.748737372000107], [7.523907441000119, 4.753246819000083], [7.523907048000012, 4.756148810000127], [7.524229474000037, 4.763231744000166], [7.52519557200003, 4.769351502000063], [7.525195343000121, 4.779658279000103], [7.521463563000111, 4.788544146000163], [7.516999367000039, 4.793008372000088], [7.510680361000141, 4.800349716000142], [7.506598243000099, 4.804257377999988], [7.501562138000054, 4.807817926999974]]]}}, {"type": "Feature", "properties": {"adm2_name": "Kolokuma/Opokuma", "adm2_name1": null, "adm2_name2": null, "adm2_name3": null, "adm2_pcode": "NG006003", "adm1_name": "Bayelsa", "adm1_name1": null, "adm1_name2": null, "adm1_name3": null, "adm1_pcode": "NG006", "adm0_name": "Nigeria", "adm0_name1": null, "adm0_name2": null, "adm0_name3": null, "adm0_pcode": "NG", "valid_on": "2019-04-17", "valid_to": null, "area_sqkm": 350.51739554, "version": "v01", "lang": "en", "lang1": null, "lang2": null, "lang3": null, "adm2_ref_name": "Kolokuma/Opokuma", "sendist_en": "Bayelsa Central", "sendistpcode": "NG00601", "center_lat": 5.06841226, "center_lon": 6.24084552}, "geometry": {"type": "Polygon", "coordinates": [[[6.147355203000131, 4.940584213000136], [6.159770939000168, 4.939789753000127], [6.183906911, 4.956556790000036], [6.207135169000082, 4.973804936000022], [6.224823963000119, 4.988827211000114], [6.248580064000123, 5.0097828050001], [6.26119798700006, 5.023036006000041], [6.265113716000144, 5.036443195000118], [6.267603937000047, 5.047087185000066], [6.273586348000038, 5.056044145999977], [6.283061957000029, 5.061212979000175], [6.29868412400009, 5.062644397000156], [6.321924314000057, 5.085625146999973], [6.330676982000057, 5.088259220000054], [6.342186027000082, 5.091309092000188], [6.358265955000036, 5.093811988000141], [6.369017135000036, 5.105239859000051], [6.376519233000067, 5.114400902000114], [6.384487214000046, 5.124019195000074], [6.395730129000128, 5.137296197000126], [6.39954992100013, 5.145593168000119], [6.401099133000059, 5.154859065000039], [6.397731656000076, 5.170718212000111], [6.388543212000116, 5.193649789000062], [6.379288255000063, 5.188702082000077], [6.365991053000073, 5.188006940000093], [6.33892924800017, 5.186161984000023], [6.323842918000025, 5.187821830000075], [6.311013332000016, 5.187583938000103], [6.307740413000033, 5.187066228000049], [6.306019886000058, 5.187122627], [6.303052814000068, 5.187190992000069], [6.301164689000075, 5.187267186000156], [6.30044605900008, 5.187171712000065], [6.29865168900011, 5.18670712200003], [6.296140947000026, 5.185876047000079], [6.293441317000145, 5.184673625000073], [6.28849517000009, 5.183798845000183], [6.27608819500017, 5.181695018000084], [6.265036188000124, 5.178637957000035], [6.254354841000179, 5.170927017000054], [6.247786874000042, 5.162677813000187], [6.23840198400012, 5.150762093000139], [6.229050992000055, 5.140704156000083], [6.219234049000022, 5.130188963000023], [6.213502995000113, 5.117743984000185], [6.203141324000114, 5.102592930000128], [6.186737914000048, 5.082900997000024], [6.180618642000184, 5.074180131000162], [6.172105786000145, 5.059926061000112], [6.16509163000012, 5.050091117000136], [6.155772926000054, 5.020173292000152], [6.142622855000127, 4.998787907000064], [6.142127612000081, 4.998303526000029], [6.147355203000131, 4.940584213000136]]]}}, {"type": "Feature", "properties": {"adm2_name": "Mbo", "adm2_name1": null, "adm2_name2": null, "adm2_name3": null, "adm2_pcode": "NG003017", "adm1_name": "Akwa Ibom", "adm1_name1": null, "adm1_name2": null, "adm1_name3": null, "adm1_pcode": "NG003", "adm0_name": "Nigeria", "adm0_name1": null, "adm0_name2": null, "adm0_name3": null, "adm0_pcode": "NG", "valid_on": "2019-04-17", "valid_to": null, "area_sqkm": 241.46673667, "version": "v01", "lang": "en", "lang1": null, "lang2": null, "lang3": null, "adm2_ref_name": "Mbo", "sendist_en": "Akwa Ibom South", "sendistpcode": "NG00303", "center_lat": 4.62621855, "center_lon": 8.23590783}, "geometry": {"type": "MultiPolygon", "coordinates": [[[[8.241193734000149, 4.579414371000098], [8.241809720000163, 4.580722356000081], [8.242430797000111, 4.580379966000123], [8.242431358000033, 4.579829673000177], [8.241624964000152, 4.578207872], [8.2423514890001, 4.577130814999975], [8.243465209000078, 4.574944229999971], [8.24547276700008, 4.5744709760001], [8.248644762000083, 4.572551233000127], [8.249470478000035, 4.572415812000031], [8.250298728000132, 4.571866981000028], [8.251675678000026, 4.571732503000078], [8.25291356100007, 4.572285155000145], [8.254150626000182, 4.573525905000167], [8.254835890000038, 4.574765189000175], [8.255798478000088, 4.575592515999972], [8.258136615000012, 4.576423145000035], [8.259376476, 4.576562867000064], [8.259927976000029, 4.57615135500015], [8.26020442500004, 4.575602066000044], [8.261452833000135, 4.571477435000133], [8.262281613000141, 4.570653422000078], [8.263658276000115, 4.570381624000106], [8.268612118000021, 4.572042474000057], [8.269711266000172, 4.573145399000111], [8.270396328000174, 4.574521999000126], [8.270531828, 4.575898184000039], [8.272041267000134, 4.578102105000085], [8.275065669000071, 4.580309391000071], [8.276029649000066, 4.580449081000097], [8.277954050000062, 4.58169078300017], [8.277811779000103, 4.583754072999966], [8.277257840000175, 4.585403914000153], [8.27518297600011, 4.589801778000094], [8.2738015810001, 4.591312415000118], [8.272148396000034, 4.591858872000103], [8.271046437000052, 4.591856946000121], [8.269120908000161, 4.590889919000119], [8.268296226000132, 4.590200418], [8.267747721000148, 4.589098467000042], [8.267750734000117, 4.587860574000047], [8.268303881000179, 4.586623675000112], [8.268305519000137, 4.585798265], [8.267481694000082, 4.58497143500017], [8.265414122000095, 4.585654764000139], [8.263759849000053, 4.58675192100003], [8.261003362000167, 4.587984571000106], [8.260176749999971, 4.587982652], [8.259351831, 4.587706078000053], [8.257428002000097, 4.585638532000019], [8.255090628000175, 4.584120259000088], [8.253851866000161, 4.583980062000137], [8.252611417000082, 4.584390651000092], [8.251784285000042, 4.584938988999966], [8.251093956000034, 4.585625656000047], [8.250540742999988, 4.586587409000117], [8.250401667000062, 4.587274542000046], [8.249572844000113, 4.588648804000059], [8.249983624000038, 4.589474657000096], [8.251778414, 4.587277410000127], [8.253709738000111, 4.585906034000118], [8.254535771000178, 4.58618258600012], [8.25618479100018, 4.587699420000035], [8.258248483000045, 4.588116188000072], [8.259898909000185, 4.588945404000071], [8.260311112000068, 4.589358782000033], [8.260306399000115, 4.591422104], [8.260579823, 4.592385753000087], [8.261815034000165, 4.594589271000132], [8.263737810000123, 4.59665682800005], [8.264835367000046, 4.598309984000082], [8.264556184000128, 4.600510154000062], [8.263588007000067, 4.601883869000119], [8.262346133000165, 4.602982019000024], [8.259315538000124, 4.603525663000028], [8.257112672000119, 4.603521307000051], [8.256149195000091, 4.603106467000032], [8.255046919000165, 4.603517014000147], [8.254358524000168, 4.603516105000153], [8.254014748000145, 4.603171349000036], [8.253669579000075, 4.60351419400007], [8.252017146000071, 4.603648651000128], [8.24540827900006, 4.603497043000175], [8.2437541540001, 4.603906634000055], [8.240722658999971, 4.605138299999965], [8.238243297, 4.605408169000043], [8.23645318400014, 4.605267074000153], [8.234526819000166, 4.604712457], [8.232736426000088, 4.604708691000042], [8.2317715370001, 4.604981906000035], [8.231357627000136, 4.605393925000101], [8.23149275000003, 4.606357082000102], [8.232180554000138, 4.606908827000041], [8.23534890100018, 4.606640299], [8.237549507000153, 4.607470030000172], [8.238511854000137, 4.608160036000072], [8.239476178000132, 4.608161902000063], [8.242370854, 4.606792467000162], [8.245401520000144, 4.606248390000189], [8.246640925000122, 4.606388581000147], [8.249533599000188, 4.605981826000175], [8.252701088000151, 4.606126315000097], [8.254628866000132, 4.605717188000085], [8.255386545000022, 4.605925517], [8.255868828000075, 4.605582229000049], [8.259448795000083, 4.60572722400002], [8.26096437900003, 4.605455405000043], [8.264685857000131, 4.603674373000104], [8.26634242200015, 4.602026923000039], [8.26703439300013, 4.600515353000048], [8.267036286000177, 4.599277514], [8.266488324000136, 4.598175544000128], [8.264427016000127, 4.596245272000147], [8.26401619700016, 4.595418899000038], [8.264017018000118, 4.59473135200011], [8.263469622000116, 4.593354704000035], [8.263473770000132, 4.591841212000077], [8.264301193999984, 4.591155039000057], [8.266640567000024, 4.591710588000069], [8.268015672000047, 4.592538397999988], [8.270492449000074, 4.593231212000148], [8.27255896700018, 4.593098128000122], [8.273385321000148, 4.593236920999971], [8.274624652000114, 4.592826870000067], [8.275865342999964, 4.592004295000152], [8.277107963000105, 4.590768809000053], [8.277522866000083, 4.589806575000011], [8.277387378000071, 4.588981151000098], [8.278907490000051, 4.586645138], [8.282909448000112, 4.582664019000049], [8.283737367000128, 4.581977840000036], [8.286632510000118, 4.580470578000188], [8.287871252000116, 4.580335618000049], [8.289940079000132, 4.578963763000104], [8.291318140000044, 4.57855416600006], [8.293800471000168, 4.576908121000031], [8.297371733000034, 4.581180094999979], [8.29819697500011, 4.58159396800005], [8.299982212000145, 4.583661568000082], [8.301219997000146, 4.584626651000065], [8.302317686000094, 4.586279416000139], [8.30465319100017, 4.58889819400008], [8.305338654000138, 4.590137493000043], [8.30767420400008, 4.592756251000026], [8.308493454000029, 4.595784214000162], [8.308489839000174, 4.597710099999972], [8.30737504800004, 4.603623391000156], [8.30709338600019, 4.606373809000161], [8.306398425000168, 4.609261489000176], [8.304328242, 4.611596101999965], [8.30445753100014, 4.61544850000007], [8.304318286000068, 4.616273426000078], [8.303766517000156, 4.616822239000101], [8.302389107000067, 4.616819882000186], [8.30142687700004, 4.615992568000138], [8.300878806000071, 4.614891076000106], [8.299227572000063, 4.613787184999978], [8.298127195000063, 4.613509689000125], [8.29551149200006, 4.613367070000152], [8.295511948000126, 4.612541194000187], [8.296064276000152, 4.61199232000007], [8.297303457000112, 4.612269887000025], [8.299368688000186, 4.612274143000036], [8.300335161000135, 4.611450680000019], [8.300199275000068, 4.610212355000158], [8.298550787000067, 4.608558190000167], [8.296486600000094, 4.607728462000068], [8.291942607000067, 4.607994554000072], [8.288780210000027, 4.60578730800006], [8.287264607999987, 4.605783919000032], [8.285887010000067, 4.606194020000146], [8.284231335000129, 4.607703659000038], [8.284228394000138, 4.609217171000068], [8.284776729000157, 4.610456461000126], [8.285183039000174, 4.613346113000091], [8.285734336000075, 4.613347047000161], [8.286286091000136, 4.612522584999965], [8.285744490000184, 4.608394622000105], [8.28726223200016, 4.607297432000109], [8.288501617000122, 4.607162027000186], [8.289326905000053, 4.607576864000123], [8.290839010000184, 4.608817580000107], [8.291526885000167, 4.60909416800007], [8.293041115000051, 4.609234808], [8.294282154000143, 4.608824693000088], [8.295520725000017, 4.608827091000137], [8.297858947000066, 4.610069745000089], [8.29854468800005, 4.611171710000065], [8.294827248000104, 4.610889413000052], [8.29400040700017, 4.611575599000162], [8.293997729000125, 4.61267566500004], [8.294408678000138, 4.613777605000109], [8.295782304999989, 4.615155675000096], [8.296333342000025, 4.615294420000112], [8.29812347799998, 4.615160471000138], [8.2988119420001, 4.615437046000181], [8.299911280000117, 4.61626435200003], [8.300734465000119, 4.617504127000075], [8.30169698800006, 4.618469216000051], [8.302522577000104, 4.61874582400003], [8.30431274700004, 4.618611846000135], [8.30596837100012, 4.617102172000102], [8.306523592000133, 4.615314963000117], [8.30639485100005, 4.611462622000147], [8.306946834000144, 4.610500801000057], [8.307911164000188, 4.610502708000126], [8.310109120000106, 4.612845939000124], [8.31079676100012, 4.613259818000131], [8.313550982000152, 4.613265019000153], [8.314101196000024, 4.613541601000122], [8.315478592000147, 4.613543970000023], [8.316856439, 4.612996559000123], [8.31837069400018, 4.613137224000127], [8.318920148000132, 4.613826319000054], [8.31863292300011, 4.619328519000021], [8.318217313000162, 4.620703207000076], [8.318414632000042, 4.624624270000027], [8.31889510000019, 4.625244118000182], [8.320401241000013, 4.629511825000066], [8.321088670000165, 4.630063531000076], [8.322186629000157, 4.631991835000065], [8.323422182000115, 4.633369468000126], [8.324657672000058, 4.635710746000029], [8.325481187000037, 4.636537537000152], [8.326528648000135, 4.63813692500014], [8.328638178000062, 4.641359314000056], [8.328516416000127, 4.642184483], [8.328399768000054, 4.642972641000028], [8.327944894000098, 4.64369631600016], [8.327393621, 4.64396999100012], [8.324358176000146, 4.646715657000129], [8.322289351000109, 4.647949674000188], [8.321669310000061, 4.64801739700016], [8.320082856000056, 4.649458448000132], [8.319118784000068, 4.649869446000025], [8.316634228, 4.652203074], [8.315116900000078, 4.653025118000187], [8.312495975, 4.655220985000028], [8.311944928000173, 4.655357847000175], [8.311530299000026, 4.656182328000114], [8.309735217000025, 4.658242239000117], [8.309181273000036, 4.659616951000146], [8.309175248000145, 4.662230468000132], [8.309582947000024, 4.665120572000149], [8.309577957000158, 4.66718389000016], [8.30985232, 4.667734610000082], [8.309847128000115, 4.670210873999963], [8.31012072100009, 4.671174540000152], [8.310117795000053, 4.672137275000125], [8.309563849000028, 4.673511986000108], [8.308045419000166, 4.675159465999968], [8.30625369900008, 4.675981526000157], [8.304324209000129, 4.676527992000047], [8.302945276000173, 4.677212699000108], [8.30170354300003, 4.678173561000051], [8.298119448000023, 4.679817182000079], [8.297291888000132, 4.680503355999974], [8.295500074000188, 4.681049836999989], [8.295363678000115, 4.680361730000186], [8.295778153000185, 4.679949788000044], [8.299637633000145, 4.678031897000039], [8.30019164100014, 4.676657201000182], [8.300194854000154, 4.675556639000092], [8.299921005000158, 4.674730293000096], [8.29895891000001, 4.673765629], [8.29827146100007, 4.67348905700004], [8.296486060000063, 4.671284681000088], [8.295248306000133, 4.670456395000144], [8.294423923000068, 4.66949178100009], [8.292911558000071, 4.668250582000155], [8.291810733000034, 4.667836201000057], [8.287128555000038, 4.667963989000157], [8.286577443000112, 4.667825212000139], [8.28588944300003, 4.667273515000034], [8.285479296000062, 4.66603472200012], [8.285482267000077, 4.664796813000123], [8.286586826000075, 4.66356041500012], [8.289894874000026, 4.662191913000072], [8.290585274000136, 4.661505192000163], [8.290727504000188, 4.659441955999966], [8.290178565000133, 4.658477795000067], [8.288530476000119, 4.656823644000042], [8.286465469000063, 4.655994415000123], [8.28550159100007, 4.655992525000102], [8.284813117000112, 4.656266219000031], [8.283846795000102, 4.657227062000061], [8.282738714000175, 4.659976034000124], [8.282049141000073, 4.660524821000138], [8.28053391700007, 4.660797155000125], [8.278605546000165, 4.660793341000158], [8.276540551999972, 4.660238731000106], [8.275853134000158, 4.659687016000021], [8.275579380000067, 4.65913632500002], [8.275305868000146, 4.658172615000012], [8.275447118000102, 4.656659584000181], [8.276827120000064, 4.65569923400011], [8.278478666000126, 4.655840429000136], [8.279304605000164, 4.656254789000172], [8.280130516000042, 4.656118871000103], [8.281097397000167, 4.655158041000163], [8.281512078000105, 4.654058420000069], [8.281930864000117, 4.651720539000166], [8.281795309000188, 4.650619499000186], [8.28097157700006, 4.649654837000128], [8.280008202000033, 4.649102733000063], [8.27863124400011, 4.649099787000011], [8.276980537000043, 4.648546239000041], [8.275052259000063, 4.648817507000103], [8.272435174000123, 4.648674517000188], [8.27119809300018, 4.647571550000123], [8.270237242000178, 4.646331358], [8.269684805, 4.646880601000078], [8.269681805000118, 4.648393629000054], [8.270506076, 4.649358299000085], [8.272707857000057, 4.650050600999975], [8.27339660900003, 4.64991470300015], [8.275324111000145, 4.650331491000145], [8.276838473000055, 4.650197023000032], [8.277802637000036, 4.650336283], [8.27890284100016, 4.650751113000069], [8.279726871000094, 4.651853534000054], [8.279723091000164, 4.653504389000148], [8.279170940000029, 4.6541909930001], [8.275450917000171, 4.655008803000101], [8.274208899000087, 4.656106973000021], [8.273932428000023, 4.6566567160001], [8.274063857000158, 4.659270785000103], [8.275437347000093, 4.661336902000073], [8.277224734000129, 4.662441244000149], [8.279152004000082, 4.662720181000054], [8.281631185000094, 4.662725430000023], [8.282458198000029, 4.662314391000052], [8.283561689000123, 4.661353619000124], [8.284253950000107, 4.659704192], [8.285910375000128, 4.657919364000122], [8.286462006000022, 4.657782542000177], [8.288112541000089, 4.65874906800002], [8.28893661800015, 4.659851042000071], [8.288796218000073, 4.660951633000082], [8.287278298000103, 4.662323928000035], [8.284796449000169, 4.663694880000151], [8.284381712000027, 4.664244156000109], [8.284377971000026, 4.666170111000042], [8.285061657000085, 4.668372609000016], [8.28588570900007, 4.669199470000137], [8.287536561000024, 4.670028170000137], [8.288225078999972, 4.670029664000083], [8.2894639000001, 4.670582302000184], [8.291392586000143, 4.670448786000122], [8.293043149000027, 4.671139762000109], [8.297853296000028, 4.675551930000097], [8.298265667000123, 4.676240494000069], [8.298263477000148, 4.676790709000045], [8.297435943000039, 4.677476883000168], [8.294680452000023, 4.677884080000183], [8.293852601000026, 4.678432898000096], [8.292334651000033, 4.680080388000022], [8.291645319, 4.680491921000055], [8.28737233000004, 4.681996343000151], [8.284618167000133, 4.681990649000056], [8.279106276, 4.683217494000019], [8.274974746000112, 4.683346771000174], [8.27346020900012, 4.682930956000121], [8.26987951100017, 4.683061144000078], [8.269329207999988, 4.682784569000034], [8.267952967999975, 4.682644405000133], [8.266852653000171, 4.6816792300001], [8.266166585000065, 4.680714627000157], [8.26575566200006, 4.679613157000176], [8.265622887, 4.677136913000083], [8.26617702600015, 4.676037312000119], [8.268110396000054, 4.673565373000145], [8.26838690599999, 4.673015561000113], [8.268667270000094, 4.671090162000098], [8.269356881000078, 4.670541326000148], [8.271146752000107, 4.670682887000055], [8.272111774, 4.670134523000172], [8.273354370000163, 4.668761261000043], [8.273356299000056, 4.668073200000038], [8.273771297999986, 4.667111361000138], [8.273083898000152, 4.666834815000129], [8.27253143500019, 4.667383654], [8.272115861000088, 4.668345898000041], [8.27142625700003, 4.668894739000052], [8.268532565999976, 4.669576654000082], [8.267430375000174, 4.669574716999989], [8.266879017000065, 4.66984843], [8.266737725999974, 4.671361457000046], [8.266872423000052, 4.672874892000152], [8.2655613390001, 4.674179042000048], [8.264387955000188, 4.675483207000013], [8.263972350000131, 4.676445459999968], [8.263825544000099, 4.680434729000069], [8.26341243100012, 4.680708847000062], [8.2609328530001, 4.680841449000184], [8.259969463000175, 4.680564393000168], [8.257631475000153, 4.679046196000058], [8.256189583000037, 4.677461122000182], [8.255569483000045, 4.677253706000045], [8.25144779100009, 4.672842968000168], [8.24911605799997, 4.668848528000069], [8.248156639000115, 4.666645543000129], [8.245273618000056, 4.662925262000044], [8.244585106000102, 4.662648660000116], [8.243210928000053, 4.661545294000121], [8.241284255000096, 4.660715616], [8.238392832000045, 4.660572013000149], [8.236601596000185, 4.660843383000042], [8.234536930000047, 4.660701778000146], [8.233434764000151, 4.660974487000033], [8.233021672000064, 4.660698442000012], [8.23247056800011, 4.661109951000071], [8.22889037900012, 4.660827142000187], [8.228201618000071, 4.660413291000168], [8.22600069400005, 4.659858198000109], [8.224488307000058, 4.658754839000039], [8.224213508000105, 4.658203609000111], [8.224218117000078, 4.65627763599997], [8.22504919700009, 4.654490918000135], [8.225946691000104, 4.653461486000026], [8.227812087000075, 4.650507438000034], [8.228643430000034, 4.648308263999979], [8.228646022000078, 4.64707040900015], [8.22823697900003, 4.645143505000078], [8.227279716000169, 4.642528094000113], [8.226318193000111, 4.641150013000015], [8.22549260300002, 4.641148109000085], [8.225626250000118, 4.643074506], [8.225346550999973, 4.644587021], [8.224794331000112, 4.645273670999984], [8.224925958000085, 4.647887704000027], [8.224786812000104, 4.648575327000174], [8.224371135000126, 4.649537109000164], [8.223059402000047, 4.651116855000112], [8.221746497000026, 4.653245887000082], [8.221326735000105, 4.65613414], [8.220633336, 4.657920847000128], [8.220768991000114, 4.659159202000012], [8.221456626000077, 4.659298444000171], [8.221870318000072, 4.659023802000036], [8.222421373999964, 4.659163029000069], [8.223658366, 4.660265957000036], [8.224759091000067, 4.660680749000051], [8.226547446000154, 4.661785119000115], [8.227095678000012, 4.66247412700011], [8.227783316000057, 4.662888532000068], [8.227920439000172, 4.663438820000124], [8.226815957000042, 4.664536916000031], [8.225989165000044, 4.664810687], [8.224474162000035, 4.664669489000062], [8.223649125000065, 4.664117808000128], [8.222685788000035, 4.663840784000115], [8.22172158100011, 4.663976201000082], [8.221169354000153, 4.664387690000069], [8.221168743000021, 4.66493798200014], [8.222542015000101, 4.666453858000182], [8.222126283000023, 4.667691256000069], [8.217853695000144, 4.669470297000089], [8.215373038000166, 4.669877984000152], [8.214684243000079, 4.669738727000095], [8.213995121000096, 4.670287609000013], [8.212342098000022, 4.670284242000037], [8.21041307000013, 4.670830212000055], [8.205995597000083, 4.670939808000071], [8.205313698000055, 4.669175114000097], [8.204933972000106, 4.666732088000117], [8.202373069000032, 4.665253033], [8.202019404000168, 4.664537838000058], [8.200348465000047, 4.661159257000065], [8.198729916000161, 4.657475289000047], [8.197512080000081, 4.656654715], [8.190995514, 4.661138605000133], [8.180820194000091, 4.66520520500012], [8.177161035000154, 4.664788030000182], [8.173914334000187, 4.661918111000148], [8.172730232000106, 4.659100965999983], [8.170465567, 4.656197073000158], [8.167616063000139, 4.654441793000046], [8.164199121000024, 4.652105781000046], [8.160214239000027, 4.64918805700006], [8.15622414, 4.646846777000121], [8.151649212000052, 4.645656092000081], [8.151098130000094, 4.643342954000047], [8.15113251800011, 4.639880142000038], [8.15173433700005, 4.637000041000022], [8.151762898000015, 4.634113790000072], [8.152371631000051, 4.630655795000052], [8.152405452999972, 4.627192981000064], [8.15301304600007, 4.623734908000188], [8.153626446000033, 4.619699921000176], [8.15365500500019, 4.616815095000049], [8.15368936699997, 4.61335179800011], [8.152021615000024, 4.608145224000111], [8.15036501200018, 4.601781850000123], [8.158385441000064, 4.602425069000105], [8.162387809000109, 4.603610966000076], [8.166973861000145, 4.603648190000172], [8.17443967500003, 4.602553876], [8.178446748, 4.603164235000179], [8.183612881000158, 4.602628242000151], [8.189352182000107, 4.602097971000035], [8.193939342000078, 4.602135209000096], [8.19794644500007, 4.602744096000151], [8.202527854000152, 4.603357770000116], [8.205394912000031, 4.60338213000017], [8.20825567200012, 4.603981956000041], [8.210548427000049, 4.604000081000038], [8.213989234000053, 4.604028209999967], [8.218002106000085, 4.604061165000132], [8.220897742000034, 4.601198219000025], [8.223792778000131, 4.598336249], [8.227847222000037, 4.594327936000127], [8.230169532000161, 4.591462125000021], [8.231917539000108, 4.588590125999986], [8.233672316000082, 4.585141187000033], [8.235410007000041, 4.583424096000158], [8.237719696000113, 4.58171082400014], [8.241193734000149, 4.579414371000098]]], [[[8.20664108000011, 4.673179317000177], [8.208616149000022, 4.67371510800001], [8.212334745000021, 4.673723224000184], [8.215087106000112, 4.674554354000179], [8.215221572000075, 4.676067807000095], [8.214944999000181, 4.676617653000108], [8.214803785000072, 4.677992814000106], [8.214249476000077, 4.679367509999963], [8.212178920000042, 4.681151395000086], [8.211215216000028, 4.681286785000054], [8.209973489000049, 4.682384533000118], [8.210522882000134, 4.682798375000061], [8.212450795000052, 4.682802696000181], [8.213691636000135, 4.68211745900004], [8.215347350000172, 4.68088291000015], [8.215760157000148, 4.68129680100003], [8.216171239000062, 4.68198540000003], [8.216585252000073, 4.681573417000152], [8.217002124000146, 4.680336454000042], [8.217692446000058, 4.679237369000134], [8.218385913000134, 4.677175049000027], [8.218666001000031, 4.674974920000182], [8.219359181000186, 4.673050444000069], [8.21991171500008, 4.672501130000114], [8.22046283900005, 4.672364741000138], [8.221153368000046, 4.671678523000026], [8.222117316000038, 4.671405333000109], [8.222806117000118, 4.671544576000031], [8.223217800000157, 4.671957975000055], [8.223354320000112, 4.672783864000053], [8.224449904000153, 4.675124626000127], [8.225823483, 4.677053454000031], [8.225680602000182, 4.67897890900008], [8.22499090100007, 4.679802910000149], [8.221682741000052, 4.681034124000064], [8.220854757000154, 4.681582425000045], [8.221128433000047, 4.682408830000099], [8.221954398000094, 4.682547590000013], [8.222641778000082, 4.683099758000083], [8.222639175000154, 4.684062492000123], [8.222085728000081, 4.685299374000181], [8.222082852000028, 4.6863999360001], [8.22235651800014, 4.687225840000053], [8.222906801000079, 4.687227236000183], [8.223597373000018, 4.686540587000081], [8.224428243000034, 4.684616525000081], [8.224842232000071, 4.684204607000083], [8.22484509200018, 4.683379219000187], [8.225259965000134, 4.682554690000075], [8.226087382000117, 4.681731203000083], [8.22663907000009, 4.681594824000058], [8.227601284000116, 4.682422185000064], [8.228290402000141, 4.682148472000051], [8.228292702000147, 4.681323082000119], [8.22788074500005, 4.680497168000045], [8.227748796000071, 4.678020484000115], [8.227337967000096, 4.67719414600009], [8.227341430000138, 4.675543291000054], [8.226792607000107, 4.674854283000059], [8.226382386000182, 4.673478150000108], [8.22514650000005, 4.671824459000163], [8.224872838000124, 4.670998538000163], [8.225154015000044, 4.668522806000112], [8.226395650000029, 4.667425153000124], [8.228739459000053, 4.666329833000134], [8.237145288000022, 4.664008621999983], [8.239349351000044, 4.663875605999976], [8.241827137000087, 4.66429379300007], [8.243337902000121, 4.666223045000152], [8.24484529200015, 4.669527545], [8.245117324000091, 4.671178823000048], [8.246213874000034, 4.673382322], [8.24744873800006, 4.675035440000045], [8.25184720100009, 4.679034214000126], [8.255009745000109, 4.681379326000183], [8.25707231399997, 4.68262195300008], [8.259961153000177, 4.684141142999977], [8.263952513, 4.685524971000063], [8.269458703000168, 4.686361800000157], [8.276752472000112, 4.688852755000084], [8.280883022000125, 4.689548997000145], [8.282672705000152, 4.689552803000083], [8.285428847999981, 4.68914605000009], [8.293696579000084, 4.687098995000099], [8.297417691000135, 4.685868702], [8.301276944000165, 4.684088195000072], [8.30486110000004, 4.682719736000081], [8.308033183000077, 4.681075117000148], [8.310931321000055, 4.6783294600001], [8.313003691000063, 4.675307252000152], [8.314664713000013, 4.671320889000071], [8.315220700000111, 4.668846105000114], [8.315634568000064, 4.668434140000045], [8.315499162000037, 4.667195842000069], [8.31605600600011, 4.664858312000149], [8.316059071000097, 4.663207530000136], [8.316474780000135, 4.66210744600005], [8.317440774000147, 4.661283937000064], [8.318542389000072, 4.661286352000161], [8.319780120000075, 4.661839033000149], [8.320469176000074, 4.661840449000124], [8.322258030000114, 4.662531846000036], [8.323358367000083, 4.663221865000025], [8.324182240000141, 4.664186486000119], [8.324456388999977, 4.664875042000119], [8.324451483000132, 4.66693736000002], [8.32458237800006, 4.67065284600011], [8.324434397000118, 4.675330184000074], [8.324979069999983, 4.678082493000147], [8.324974969000095, 4.680008372000088], [8.32469723000014, 4.680970671000011], [8.324694894000118, 4.681933407000088], [8.325378647000093, 4.684548829000164], [8.3253745, 4.686199682000051], [8.324820339000098, 4.687711688000093], [8.324817817000053, 4.689087369000163], [8.32550252600015, 4.690877399000101], [8.325496567000073, 4.693215888000054], [8.324252346000094, 4.695827034000104], [8.324372310000058, 4.70366860900009], [8.324231008000083, 4.705319429000099], [8.32381557399998, 4.706556775000138], [8.323813187999974, 4.707244409], [8.323398525000073, 4.708069310000155], [8.322570697000117, 4.708892812000101], [8.322019575000184, 4.709029208000175], [8.320639855000081, 4.710402027000157], [8.317737355000077, 4.714798481000116], [8.316910050000104, 4.715622453000094], [8.31594467900004, 4.716032958000028], [8.31442919300008, 4.716030110000133], [8.310440221000079, 4.713683102000118], [8.309337676000098, 4.714093683000101], [8.307267127000102, 4.716015785000138], [8.306164884000111, 4.716563683000174], [8.304512242000158, 4.71656032900006], [8.302862934000075, 4.714493723000146], [8.301213233000112, 4.713527194], [8.299835462999965, 4.713524346000156], [8.298870911000108, 4.713797591000116], [8.296943649000184, 4.713655975000108], [8.296669252000129, 4.713105227000028], [8.296671879000087, 4.711729546000129], [8.297228094000161, 4.709529894000013], [8.296953962000032, 4.708841318000054], [8.296403882, 4.708427458000131], [8.29475125800002, 4.708424115000128], [8.293373286000076, 4.708834169000113], [8.292683637000096, 4.70938297500004], [8.292132503000175, 4.709519399000158], [8.290614089000144, 4.71075435900002], [8.288960658000178, 4.711163508000027], [8.288548591000108, 4.710887882000122], [8.287588029000062, 4.70909737300002], [8.28648651900005, 4.708682566999983], [8.285249766000106, 4.707854749999967], [8.284422903000177, 4.707852831000082], [8.28373351100015, 4.708263866999971], [8.283729731, 4.709914644999969], [8.284098660000097, 4.710699093000073], [8.284148420000122, 4.712571182000147], [8.28347689400016, 4.713612572000159], [8.281445222000059, 4.715706343000079], [8.2804203230001, 4.716065909000179], [8.279044190000036, 4.716087358000095], [8.278351740000119, 4.715754492000087], [8.277686279000022, 4.715993382000136], [8.27767469600002, 4.716452587000049], [8.278023677000022, 4.716791182000065], [8.279753745, 4.717451094000126], [8.283164840000097, 4.715679153000167], [8.283497835, 4.714986798000155], [8.28451945500018, 4.71428344300017], [8.284851894000042, 4.713591104000159], [8.285240844999976, 4.711293724000143], [8.285656204000134, 4.710744395000063], [8.28634449499998, 4.710607971000172], [8.287305568000022, 4.711847766000119], [8.288131926000176, 4.712124851000056], [8.29061113400013, 4.711992267000085], [8.293370075000098, 4.71020984900008], [8.29405893300003, 4.710073486000056], [8.295299731000057, 4.709388267000122], [8.295712353000056, 4.709664313000076], [8.29584876000007, 4.710352420000049], [8.295293607000076, 4.712001779], [8.295289923000098, 4.713927732000116], [8.29625024500018, 4.715580948000138], [8.297076311000126, 4.715719684000078], [8.301345920000188, 4.715590976000044], [8.302856634000136, 4.717520256000171], [8.30354472300013, 4.717796319], [8.304369756000085, 4.718485812000154], [8.305196903000024, 4.718349914999976], [8.305745884000089, 4.718763833000139], [8.306434495000133, 4.718765275000067], [8.307262177000041, 4.718354273000159], [8.309056994000116, 4.716294283000082], [8.310160651000047, 4.715883725000026], [8.310985398000184, 4.716435930000159], [8.312497194, 4.717814453000074], [8.313321219000045, 4.719054216000075], [8.312768737, 4.719603521000124], [8.309872350000092, 4.721248628000126], [8.308630007000033, 4.722759230000065], [8.307937718000062, 4.724408627000173], [8.306832255000188, 4.726057031000153], [8.306553138000083, 4.727707359000078], [8.305999648000125, 4.729082139000127], [8.30544771100017, 4.729630935000102], [8.30434035200011, 4.731967449000138], [8.303631129000166, 4.733638788000121], [8.302725852000151, 4.733449002000043], [8.299869529000148, 4.732271155000035], [8.298167287000183, 4.730525958000158], [8.295896723000055, 4.728198989000077], [8.29306511800013, 4.724712827000133], [8.291935195000178, 4.722971895000114], [8.289079538000067, 4.721795039000085], [8.286792800000057, 4.721200013999976], [8.284499314000186, 4.721180887000116], [8.28220582900002, 4.721161819000145], [8.279338988000063, 4.721138936000102], [8.275904389, 4.720533866000096], [8.271328714000049, 4.719343207000122], [8.268462442000043, 4.719319794000057], [8.26558375600007, 4.720450889000119], [8.26327332700015, 4.722164126], [8.261531155000057, 4.724458187000039], [8.260366299000111, 4.726181004000182], [8.258629764000034, 4.727898137000068], [8.256892071000095, 4.729615185], [8.253446670000187, 4.730165010000121], [8.249426750000111, 4.730709080000054], [8.245974511000043, 4.731834892000109], [8.243676402000062, 4.732394182000178], [8.240253714000175, 4.730635175000032], [8.237392474000046, 4.730034826], [8.235104647000014, 4.729438771000162], [8.23110292900003, 4.72825192200014], [8.227668910000034, 4.727647807000153], [8.224802005000072, 4.727623921000088], [8.221940831000097, 4.727024081000025], [8.219074499999977, 4.727001206000182], [8.216232639000168, 4.726568453000027], [8.215066013000069, 4.726390795000043], [8.2153646430001, 4.725803569000107], [8.20386884300018, 4.725778631000026], [8.19370351800012, 4.72452945800012], [8.190059061999989, 4.717160567000178], [8.190080642, 4.707346238000184], [8.193352068000138, 4.699174791000075], [8.199054150000165, 4.695506965000163], [8.20515985700007, 4.693066677000047], [8.209233617000109, 4.689804063000111], [8.20985274100019, 4.688102762000142], [8.209160955000186, 4.685944056000039], [8.208610595000096, 4.683630010000059], [8.208071710000183, 4.680162932000087], [8.207527079000158, 4.677272824000056], [8.206976740000187, 4.674960127000077], [8.20664108000011, 4.673179317000177]]], [[[8.322363040000084, 4.61369559700006], [8.321952877000172, 4.612731462000113], [8.320716022000056, 4.611491167000111], [8.319751943000142, 4.611351465999974], [8.318926612000155, 4.610937123999975], [8.316309797000088, 4.610794522999981], [8.313554569000189, 4.611339560999966], [8.31190320900015, 4.611198469000044], [8.309564675000104, 4.610093103000054], [8.30915261500013, 4.609267205000094], [8.309156281000071, 4.607616421000102], [8.309573274, 4.606103898000129], [8.313584436000099, 4.597720162000144], [8.31358546100006, 4.597169889000156], [8.312898658, 4.596618151000143], [8.312901537000187, 4.595380313000078], [8.31386864500007, 4.59386917400019], [8.313732976000097, 4.592493023999964], [8.313875108000161, 4.590704914000185], [8.314705803000038, 4.588505245000022], [8.315396528000122, 4.587543949000064], [8.318014960000028, 4.586723781000046], [8.319942627000103, 4.586589798000034], [8.321596270000043, 4.586042883000175], [8.323111793000123, 4.586045722000165], [8.325450970000134, 4.586738128999968], [8.326963295000098, 4.587566396000057], [8.329303862000074, 4.588121415000046], [8.330676970000184, 4.58949994600016], [8.33109187500014, 4.58908798300007], [8.332192453000062, 4.589227702000187], [8.333984568000119, 4.588543415000117], [8.336187344000109, 4.588547715000118], [8.337563659000011, 4.589100367000015], [8.33894069900009, 4.589241030000039], [8.33976575700018, 4.589792747000104], [8.339901139000176, 4.590755939000076], [8.339624244999982, 4.591305731999967], [8.336593612000172, 4.591987604999986], [8.335766073000173, 4.592811604000076], [8.337413593000065, 4.594740367000043], [8.337963855000112, 4.595291643000166], [8.339061680999976, 4.596669678000069], [8.340570383000113, 4.599561694999977], [8.341808080000135, 4.600664577000089], [8.34345997600019, 4.600805257000047], [8.344284008000159, 4.601632137000081], [8.344557657000166, 4.602595796000116], [8.344553906000101, 4.604383927000185], [8.344827803000157, 4.605210315000022], [8.34496198100004, 4.606861142000071], [8.344958248000182, 4.608649754000112], [8.344681901000115, 4.609199050000086], [8.344956537000144, 4.609612492000167], [8.344815101000165, 4.611400596000124], [8.343294325000102, 4.614286415000095], [8.341760709000027, 4.623088405999965], [8.340792901000043, 4.625012417000107], [8.339963680000096, 4.626111058000163], [8.338169170000128, 4.628033637000158], [8.335959332000073, 4.63119316000018], [8.333747889000165, 4.634903425000118], [8.332229744000017, 4.636551378000149], [8.330438374000153, 4.636685362000037], [8.328512275000037, 4.636131319000128], [8.327138128000115, 4.634614971000076], [8.326590688000124, 4.633100999000021], [8.325629370000172, 4.631723401999977], [8.32467071300016, 4.629520414000126], [8.323433776000059, 4.628279702000157], [8.322470410999983, 4.627727470000139], [8.321511530000123, 4.625662300000158], [8.321377640000094, 4.623598592000064], [8.322211511999967, 4.620298362000028], [8.322494272000085, 4.616584768999985], [8.322363040000084, 4.61369559700006]]], [[[8.294634984000027, 4.573058138000079], [8.29339598100006, 4.57305527300008], [8.291465931000062, 4.573876864000113], [8.28719524000013, 4.574831476999975], [8.284851081000056, 4.57620238700008], [8.284023196000021, 4.577163226000096], [8.283607752000137, 4.578125466000131], [8.282227255000066, 4.579498791000162], [8.280849181000065, 4.579908371000101], [8.280024265, 4.579631808000045], [8.278925081000011, 4.578803997000023], [8.277410699000143, 4.57852552300011], [8.274243465999973, 4.578657147000172], [8.273142604000043, 4.577829371000064], [8.272596313000065, 4.576177599000175], [8.272189836000052, 4.572875018000047], [8.271366829000101, 4.571635232000119], [8.269580165000093, 4.570118412], [8.26669135800006, 4.569012165000061], [8.265039634000175, 4.568871043000115], [8.261736188000043, 4.568038966000074], [8.261048116000154, 4.567625049000071], [8.260359790000052, 4.567623114000128], [8.257198481000046, 4.565415871000027], [8.25554928200006, 4.563761710000051], [8.254658236000068, 4.563144605000048], [8.255682686000114, 4.562809945000083], [8.25856696599999, 4.561101918000077], [8.261439351000092, 4.56054781000006], [8.265464713000085, 4.559426765000126], [8.268910195000046, 4.558876976000022], [8.271203793000097, 4.558896057000084], [8.274644182000088, 4.558924186000183], [8.276936660000104, 4.558941821000133], [8.279791566000029, 4.560120112], [8.282647045000147, 4.561296955000103], [8.285496930000136, 4.563051231000145], [8.287784377000094, 4.563646807000055], [8.290072401999964, 4.564242850000085], [8.292360435000035, 4.564837936000117], [8.293472508000093, 4.568309788000136], [8.294010911000157, 4.571776877000048], [8.294634984000027, 4.573058138000079]]], [[[8.24842045600019, 4.565990160000069], [8.248770666000041, 4.565643738000176], [8.25416873000006, 4.565409660000171], [8.255406335000089, 4.566100130000109], [8.256504874000086, 4.567203020000022], [8.257881249000036, 4.567618350000089], [8.258980922000148, 4.568446170000016], [8.259529094000015, 4.569685], [8.259525500000109, 4.571473576000074], [8.25869173000001, 4.574773298000082], [8.258277902999964, 4.575185292000015], [8.257313646000057, 4.575183401000174], [8.25621591800018, 4.573392392000187], [8.253880590000051, 4.571186528000112], [8.252370159, 4.569257741000115], [8.251682388000063, 4.568981190000102], [8.25085526600003, 4.568979268000078], [8.249201865999964, 4.56966398600008], [8.247958944000175, 4.571036835000086], [8.244650998000054, 4.572956068000167], [8.243936237000128, 4.573233798000047], [8.244118609000111, 4.572527884000067], [8.24586696700004, 4.569656855000119], [8.247037067, 4.567358012000057], [8.24842045600019, 4.565990160000069]]]]}}, {"type": "Feature", "properties": {"adm2_name": "Mkpat Enin", "adm2_name1": null, "adm2_name2": null, "adm2_name3": null, "adm2_pcode": "NG003018", "adm1_name": "Akwa Ibom", "adm1_name1": null, "adm1_name2": null, "adm1_name3": null, "adm1_pcode": "NG003", "adm0_name": "Nigeria", "adm0_name1": null, "adm0_name2": null, "adm0_name3": null, "adm0_pcode": "NG", "valid_on": "2019-04-17", "valid_to": null, "area_sqkm": 350.25362348, "version": "v01", "lang": "en", "lang1": null, "lang2": null, "lang3": null, "adm2_ref_name": "Mkpat Enin", "sendist_en": "Akwa Ibom South", "sendistpcode": "NG00303", "center_lat": 4.70473458, "center_lon": 7.76100953}, "geometry": {"type": "Polygon", "coordinates": [[[7.807025180000153, 4.877768988000128], [7.803574156000082, 4.878896245000078], [7.80128025800019, 4.878877208000176], [7.798974741999984, 4.880013003000101], [7.79670470700006, 4.877686023000081], [7.793304971000111, 4.873619110000163], [7.79046668, 4.870709913000042], [7.78762898500014, 4.86780117800015], [7.785357973000032, 4.86547419599998], [7.783092823000175, 4.86256981400004], [7.781391297000084, 4.860825041000169], [7.779132062000087, 4.857344155000135], [7.776867009, 4.854440233], [7.774613722000026, 4.850381840000011], [7.772355189000109, 4.846900004000076], [7.769511392000084, 4.844569233000016], [7.767820050000125, 4.84167000500014], [7.766689998000061, 4.839929130000087], [7.765561060000095, 4.838189107000062], [7.764442200000019, 4.835293783000168], [7.762740334000114, 4.833549049000055], [7.761047974000064, 4.830648877000044], [7.759339689, 4.829481086000158], [7.754804969000133, 4.824250236000069], [7.753675013000077, 4.822509746000151], [7.751409825000053, 4.819604865000031], [7.748561039000094, 4.817851057000041], [7.746864095000035, 4.815528839000081], [7.745154798999977, 4.814361125000119], [7.742884938000032, 4.81203409900013], [7.740613980000091, 4.809707130000049], [7.73890585700002, 4.80853890800006], [7.737197191000064, 4.80737115800008], [7.734348000000125, 4.805615885000066], [7.733218218000104, 4.803874979000057], [7.73209492400008, 4.801558016000115], [7.731554713000037, 4.798090915000046], [7.732754420000106, 4.792905831000041], [7.733929297000032, 4.790030046000027], [7.734526438000159, 4.787725898000133], [7.735127249000016, 4.784844853999971], [7.735730298000135, 4.781963817000076], [7.735764106999966, 4.778501989000176], [7.734645679000153, 4.775607124000032], [7.734095896000042, 4.773293991], [7.732976926000049, 4.77039906400006], [7.731860218000179, 4.767505195000126], [7.730163043000175, 4.765182060000029], [7.727891903, 4.762855062000085], [7.723889742999972, 4.761669139000105], [7.72103504100005, 4.760490869000137], [7.718747277000091, 4.759895811999968], [7.715892051000139, 4.758717999000169], [7.71362216000017, 4.756391990000168], [7.711913249000077, 4.755222766000031], [7.71021625100019, 4.752901093000048], [7.708512757999983, 4.751155890000177], [7.705674953000141, 4.748247129000106], [7.702843150000035, 4.744760979000148], [7.701151113000094, 4.741861779000089], [7.699460223000187, 4.738963150000131], [7.69777365300007, 4.73548604500013], [7.696644807000098, 4.73374607900007], [7.694942023000067, 4.731999886999972], [7.693818066000063, 4.729682947000128], [7.688749558000097, 4.720407032000082], [7.686490935, 4.716926128000068], [7.685361075000117, 4.715186122000148], [7.683663882000133, 4.712862969000014], [7.683699297000146, 4.709401125000113], [7.686564898000029, 4.709424041999966], [7.688864285000079, 4.708866138000189], [7.691736997000135, 4.708312037999974], [7.694603164, 4.708333987000117], [7.698043794000114, 4.708363040000108], [7.700911085000143, 4.708384999000089], [7.703203918000042, 4.708404057000052], [7.705509225000071, 4.707269216000043], [7.708381327000041, 4.706715131000124], [7.712406086999977, 4.705593116999978], [7.714142822999975, 4.70387604400014], [7.716471295000076, 4.700430894000021], [7.717640606000145, 4.698132061000138], [7.717675148000126, 4.69467021000014], [7.717721022000035, 4.690052987000115], [7.717743662000146, 4.687745097000118], [7.717198943000085, 4.684854948000179], [7.717222160000119, 4.682546134000063], [7.716672072999984, 4.680232967000109], [7.716677477000076, 4.679649131000133], [7.713553839000099, 4.676485596000077], [7.711114058000135, 4.668724884000142], [7.710518639000156, 4.662521082000183], [7.70745049500016, 4.658168997000075], [7.703457340000057, 4.653813592000063], [7.703162980000059, 4.649781417000099], [7.703796979000174, 4.644822304000058], [7.712146519000044, 4.63803006500018], [7.714625066, 4.634627846000114], [7.717119747000083, 4.626574456000128], [7.714705119000143, 4.611681825000062], [7.717278449999981, 4.580992416000186], [7.710528654000029, 4.571666017000098], [7.707314365000059, 4.565142785000035], [7.705175225000175, 4.559863718000088], [7.702969179999968, 4.55892180800015], [7.70126121300018, 4.557754027999977], [7.698979026000075, 4.556581021], [7.695572852000168, 4.553091052000184], [7.69214992100018, 4.551332002000095], [7.689301246000127, 4.549577229000136], [7.686054219000141, 4.546725437000077], [7.684951028000057, 4.544742954000128], [7.683302436000076, 4.544290136000143], [7.681335165000121, 4.54433648600002], [7.680856257000073, 4.543918005000137], [7.677914342000122, 4.541405188000169], [7.676210857000115, 4.539659986000174], [7.673934876000033, 4.537909987000091], [7.67280505400015, 4.536169987000164], [7.673408187000064, 4.533288014], [7.675149755000064, 4.530993966000096], [7.678607862000149, 4.52929114900013], [7.683188654000048, 4.529904841000132], [7.686623321000127, 4.530509010000117], [7.691198146000033, 4.531701084000133], [7.695768164000128, 4.533469219000153], [7.700337656000045, 4.535236830000144], [7.705474869000113, 4.537588111000105], [7.708910197000137, 4.538191793000124], [7.713479253000173, 4.539960867000104], [7.71805373300009, 4.541152009000086], [7.722067570000149, 4.541183952000154], [7.727788838000095, 4.54238510600004], [7.732937588000141, 4.543580993000148], [7.736367111000106, 4.544763085000056], [7.754680294000025, 4.548374164000165], [7.769552410000074, 4.551957153000046], [7.780985034000139, 4.555511980000119], [7.792990989999964, 4.559072014000151], [7.810712675000161, 4.564408781000054], [7.802415930000166, 4.59146784700016], [7.801819530000046, 4.593771952000111], [7.801206813000022, 4.597806937000087], [7.800610949000145, 4.600110986000061], [7.800220614000068, 4.601250760000028], [7.800425899000061, 4.603093419000174], [7.800208614000155, 4.60924480500006], [7.800193751000052, 4.61380914200015], [7.799980352999967, 4.618769808000081], [7.799973889000171, 4.620754338000097], [7.801540871000157, 4.624331689000087], [7.803161045000081, 4.625036290000025], [7.804371083000035, 4.625535036000088], [7.806659270000068, 4.6261310430001], [7.811229309999987, 4.627900144000023], [7.813511175000087, 4.629072182000186], [7.816370947999985, 4.629673027000081], [7.818080163000104, 4.630840767000052], [7.820362067000076, 4.632012817000032], [7.82263876899998, 4.633762838000166], [7.825493934000065, 4.634941080000146], [7.827202097999987, 4.636108847], [7.830052077000175, 4.637863205000031], [7.83118125500016, 4.639604096000141], [7.83230469200015, 4.641921966000041], [7.83571128400007, 4.645411939000041], [7.836248863000037, 4.648879020000152], [7.836221203999969, 4.651763903000187], [7.835619154000085, 4.654644969000174], [7.833876325000062, 4.656939954999984], [7.832139229, 4.658657043000119], [7.830396358000144, 4.660952087000112], [7.826920976, 4.664385790000097], [7.824037244000124, 4.666094755000017], [7.821726771000044, 4.667808034000132], [7.819416299000181, 4.669519872000023], [7.817679076000047, 4.671237038000129], [7.813636529000121, 4.674090846000013], [7.811899257000107, 4.675807965999979], [7.809583449000172, 4.678098226000145], [7.807714751000105, 4.67994446400013], [7.80569820900007, 4.681103288999964], [7.80095581300003, 4.682873813000128], [7.797399619000146, 4.684052820000034], [7.794432022000024, 4.68622600499998], [7.79383440200013, 4.687811665000083], [7.793632556000148, 4.689200171000039], [7.796188745000165, 4.692185457000164], [7.796944640000106, 4.692390843999988], [7.797394004000125, 4.693005073000108], [7.799680923000096, 4.693601136000154], [7.802548100000081, 4.693623980000098], [7.804835584000159, 4.69422008600003], [7.808263919000069, 4.695402191000028], [7.80880879900019, 4.698291756000117], [7.80878617500008, 4.70060016900004], [7.808762960000024, 4.702908985000136], [7.808733958000118, 4.705793859000096], [7.809278854000127, 4.708683997000094], [7.809245186000169, 4.712147263000134], [7.809737891000168, 4.720231032000129], [7.810078222000186, 4.722420376000059], [7.810815055000091, 4.727165188000072], [7.811915989000056, 4.73179102500012], [7.812444129000085, 4.736412993000101], [7.812964806000082, 4.741611026000044], [7.812920118000136, 4.746228235000046], [7.812891143000115, 4.74911403100009], [7.812276593000092, 4.753149011000176], [7.811096107000083, 4.7566018280001], [7.809347962000118, 4.759472805000087], [7.807605024000168, 4.761767884000164], [7.806434948000174, 4.76406714500007], [7.804691971000125, 4.766362207999975], [7.804090063000046, 4.769241807000128], [7.803492816000073, 4.771545902000071], [7.801114073000178, 4.780183803000057], [7.800488839000138, 4.785373187000062], [7.801027966000049, 4.788840738000033], [7.802701890000037, 4.793470868000156], [7.804365363999977, 4.799255862000052], [7.804897628000163, 4.803299881999976], [7.805436843000109, 4.806766999000104], [7.80540778500017, 4.809652789000097], [7.805952828000045, 4.812542923000137], [7.808217832000082, 4.815446816000133], [7.809915177999983, 4.817770007000092], [7.816164253000011, 4.823592149000092], [7.818428854000103, 4.826496124000073], [7.81955278300012, 4.828813095000044], [7.820103167000184, 4.831126244000018], [7.820080033000011, 4.833435053000187], [7.818899345000034, 4.836887813000033], [7.817145080000103, 4.840336800000046], [7.815396030000159, 4.843207798000094], [7.814215281000088, 4.846662024000068], [7.807025180000153, 4.877768988000128]]]}}, {"type": "Feature", "properties": {"adm2_name": "Ndokwa East", "adm2_name1": null, "adm2_name2": null, "adm2_name3": null, "adm2_pcode": "NG010011", "adm1_name": "Delta", "adm1_name1": null, "adm1_name2": null, "adm1_name3": null, "adm1_pcode": "NG010", "adm0_name": "Nigeria", "adm0_name1": null, "adm0_name2": null, "adm0_name3": null, "adm0_pcode": "NG", "valid_on": "2019-04-17", "valid_to": null, "area_sqkm": 1609.2121581, "version": "v01", "lang": "en", "lang1": null, "lang2": null, "lang3": null, "adm2_ref_name": "Ndokwa East", "sendist_en": "Delta North", "sendistpcode": "NG01002", "center_lat": 5.66304277, "center_lon": 6.50311942}, "geometry": {"type": "Polygon", "coordinates": [[[6.719857347000129, 5.992121182000062], [6.70623505500015, 5.996860908000031], [6.699407042000132, 6.00304602000017], [6.68307675200009, 6.004991121999979], [6.671522975000073, 6.003508016000012], [6.658599958000082, 6.004094092000059], [6.649027979000095, 6.006229957000073], [6.643015557000183, 6.008963464000033], [6.63710691100016, 6.014275615000031], [6.633330919000173, 6.020136555000022], [6.632259596999972, 6.020664564000072], [6.629069250999976, 6.018503834], [6.626433633000033, 6.013136447000079], [6.624325360000114, 6.008842506000178], [6.618288515000074, 5.9980963000001], [6.617149729000175, 5.99681384400003], [6.607642076000161, 5.993960889000164], [6.596764936000113, 5.993176004000134], [6.583160757000087, 5.993756787000109], [6.566829294000172, 5.996395113000119], [6.551870836999967, 5.995576913000093], [6.536910914000032, 5.995451993000074], [6.527388140000141, 5.996067064000044], [6.516522816000133, 5.992508944000178], [6.50428924400012, 5.991020169000024], [6.488647811000078, 5.990890027999967], [6.479153280999981, 5.985262885000054], [6.475131117000103, 5.972054067000158], [6.469742690000032, 5.960218904000101], [6.463006907000022, 5.945600945000081], [6.45897899400012, 5.933777861000067], [6.454936042999975, 5.925422185000059], [6.447514004000084, 5.912183689000187], [6.442805717000169, 5.900355802000036], [6.449660622000067, 5.887929935000159], [6.461928906000139, 5.881791081000074], [6.471470723000095, 5.877016129000083], [6.477623801000107, 5.8694390980001], [6.476984862000108, 5.860417864000112], [6.472947047000048, 5.850675991000116], [6.466875981000101, 5.839530056000058], [6.461473122000086, 5.831162990000053], [6.453359216000024, 5.820692992999966], [6.443194906000087, 5.812286786000129], [6.438471742000104, 5.803925972000116], [6.436487303000149, 5.791427085], [6.436552028000051, 5.776864075000162], [6.437573535000126, 5.769797781000079], [6.438030237000078, 5.767889657000126], [6.443463568000141, 5.754016756000055], [6.447799692999979, 5.744416411000032], [6.455351789000133, 5.732698338000091], [6.459123964000014, 5.727374251000015], [6.47414561, 5.715707660000078], [6.476360722000152, 5.703952083000104], [6.475137266000161, 5.703137802000128], [6.470458425, 5.691389512000114], [6.460070086000144, 5.686906833000023], [6.449527719000173, 5.686663128000021], [6.434673890000113, 5.683962361999988], [6.429947243000072, 5.677210297999977], [6.426571431000184, 5.670458801000109], [6.417997944000035, 5.666446217000157], [6.405072129000189, 5.667726059000131], [6.400823786000103, 5.667040371999974], [6.38281290000009, 5.653000327000143], [6.377489535000052, 5.651357005000079], [6.368797535000112, 5.65100386000006], [6.364359938000064, 5.647275947000082], [6.353500969000152, 5.642331128000137], [6.340583765000019, 5.641530967999984], [6.325638696000055, 5.637938020000092], [6.327727783000171, 5.626860142999988], [6.329073047000122, 5.62587694900003], [6.345167773000071, 5.620626378000168], [6.356938096000079, 5.61589632700003], [6.369755623000174, 5.613848755999982], [6.378309556000147, 5.61123505300003], [6.382054916000072, 5.609656792000067], [6.381018475000189, 5.605369014000075], [6.376839132000157, 5.593033114000093], [6.372126517000083, 5.580693321000012], [6.368473367000149, 5.569431286000167], [6.366274173000079, 5.550688917000116], [6.367026599000155, 5.548019132999968], [6.375221576000115, 5.520791066000186], [6.377434839000159, 5.509571200000153], [6.375903749000145, 5.499929448000159], [6.374399511000036, 5.486542636000081], [6.379903528000057, 5.462505197000098], [6.381529853000075, 5.458771622000029], [6.384736724000106, 5.457724543000154], [6.393267946000037, 5.457785556000147], [6.406060898000021, 5.458411782000098], [6.424726485000122, 5.458008819000042], [6.435401960000149, 5.456478815000139], [6.447161853000125, 5.452280890000168], [6.451986623000039, 5.448569337000094], [6.453612153000051, 5.444835438000155], [6.45441939300008, 5.441688271000089], [6.452686351000182, 5.437451358999965], [6.445410804000119, 5.430782375000092], [6.431973112000094, 5.428005264000092], [6.421773044000076, 5.427919811000038], [6.410205902000143, 5.429211064000015], [6.392495072000031, 5.435998020999989], [6.387165966, 5.439205136000055], [6.382266967000135, 5.442153972000142], [6.373417719000145, 5.444160998000143], [6.366652031000058, 5.43647719300003], [6.347042042000169, 5.4484672480001], [6.350014184000031, 5.443455221000079], [6.354472526000166, 5.438773826000102], [6.347118871000021, 5.424280439000029], [6.336599313000022, 5.404407321000065], [6.330796443000054, 5.385283637000157], [6.329109559000131, 5.380622840000058], [6.328320494000081, 5.376487176000012], [6.32892950400003, 5.372307350000028], [6.329478385000073, 5.365355067000053], [6.330087646000152, 5.361174535000032], [6.331380928000044, 5.356278933000169], [6.331959666000103, 5.350712721000036], [6.331839698000124, 5.345168533000162], [6.333847387999981, 5.340943820000064], [6.334471809000036, 5.337456736000036], [6.335749972000031, 5.331867657999965], [6.337697389000141, 5.324871019000113], [6.338832400000172, 5.319910929], [6.347552897000071, 5.320455962000096], [6.362527497000031, 5.314038302000029], [6.380353951000131, 5.309046728000055], [6.39318889499998, 5.306907674000172], [6.408876887000019, 5.304768491000175], [6.425990657999989, 5.311185894000118], [6.434547526000131, 5.323308004000182], [6.450234820000105, 5.32758668300005], [6.473052980000034, 5.321882189000064], [6.490166611000177, 5.324021279000135], [6.493532108000181, 5.326040677000037], [6.493019238000045, 5.328299503000096], [6.502585989000124, 5.338941155000043], [6.500541118000115, 5.351987823], [6.495871100000102, 5.369657566000171], [6.485476966000022, 5.379205287000104], [6.47655668900012, 5.404050860000154], [6.483125094000115, 5.420644217000074], [6.489348013000097, 5.422718519999989], [6.494187330000045, 5.425138013000094], [6.499718659, 5.426520825000125], [6.505941377999989, 5.425829341999986], [6.508820501000116, 5.425673928000094], [6.512404374000084, 5.428660405000016], [6.517558185000098, 5.434420059], [6.52453038200008, 5.438663960000042], [6.534836751000114, 5.458974368000099], [6.536656005, 5.469584009000187], [6.538163688000168, 5.475804358000119], [6.537696893000145, 5.478424987000153], [6.536935738000125, 5.491936270000167], [6.533251165000024, 5.509833761000152], [6.530831348999982, 5.531958621000058], [6.54258497100011, 5.549243462000106], [6.55537603800019, 5.552354768000157], [6.568858294000165, 5.553391468000143], [6.579228776000093, 5.559268538000026], [6.584760123000081, 5.561688428000082], [6.587871672, 5.567911110000182], [6.591673857000103, 5.574479108000048], [6.593402364000042, 5.580010427], [6.596167946999969, 5.587615466000159], [6.601007801000037, 5.596949593000033], [6.602045135000083, 5.607666030000019], [6.603773667000098, 5.614925921000065], [6.60814477700012, 5.62125486900004], [6.613107152000111, 5.62667936400004], [6.617601505999971, 5.631519319000063], [6.621346011000071, 5.642564747], [6.617293701, 5.651000048000128], [6.61232512600003, 5.659912115000054], [6.608761396000034, 5.666173423000146], [6.606450136000149, 5.670234126000082], [6.60656681, 5.680008816999987], [6.614049524000052, 5.690699538000047], [6.613452776000088, 5.70204120600016], [6.618292829000097, 5.716906120000147], [6.626148363000084, 5.72363549500011], [6.633620147000101, 5.730035796000095], [6.64363002500005, 5.747325379000017], [6.654868205000128, 5.771530105000068], [6.654832784000121, 5.779374091000022], [6.651957546000062, 5.798600159000046], [6.650763381000161, 5.817113447000111], [6.657929892000084, 5.840404461000048], [6.660915718000183, 5.85652920300015], [6.661483310000108, 5.857277318000172], [6.670752555000092, 5.876863872000172], [6.673657674000026, 5.882408030000079], [6.678410282000129, 5.886490457999969], [6.678992042000118, 5.887015395000162], [6.679429057000164, 5.888180738000074], [6.688315906000128, 5.896851006000134], [6.697762055, 5.913572759000033], [6.703824931000042, 5.926799820000099], [6.708522742000127, 5.940709176000041], [6.71321303600007, 5.956697970000107], [6.715875235000169, 5.969895905000101], [6.716505887000153, 5.980997150000178], [6.719857347000129, 5.992121182000062]]]}}, {"type": "Feature", "properties": {"adm2_name": "Ndokwa West", "adm2_name1": null, "adm2_name2": null, "adm2_name3": null, "adm2_pcode": "NG010012", "adm1_name": "Delta", "adm1_name1": null, "adm1_name2": null, "adm1_name3": null, "adm1_pcode": "NG010", "adm0_name": "Nigeria", "adm0_name1": null, "adm0_name2": null, "adm0_name3": null, "adm0_pcode": "NG", "valid_on": "2019-04-17", "valid_to": null, "area_sqkm": 821.93977482, "version": "v01", "lang": "en", "lang1": null, "lang2": null, "lang3": null, "adm2_ref_name": "Ndokwa West", "sendist_en": "Delta North", "sendistpcode": "NG01002", "center_lat": 5.82609945, "center_lon": 6.41635513}, "geometry": {"type": "Polygon", "coordinates": [[[6.479153280999981, 5.985262885000054], [6.456025974, 5.986457852000058], [6.444475097000065, 5.984281028999987], [6.430192130000023, 5.984856172000093], [6.411818902, 5.987476889000106], [6.403610104000109, 5.998504196000113], [6.400844135000114, 6.008882922000112], [6.39397281700019, 6.02477599000008], [6.383068157000139, 6.030232952000063], [6.374277006000113, 6.019063926000172], [6.36620627800005, 5.998886073000165], [6.360808797000118, 5.989132907000169], [6.34583612800003, 5.99178219700002], [6.337644995000062, 5.998649122000188], [6.328075959000046, 6.009664967999981], [6.319196213, 6.018606182000156], [6.309712021000109, 6.010204716000089], [6.299509001, 6.010814221000146], [6.293352065000022, 6.019083969000121], [6.283148772000061, 6.019692888000179], [6.270244143000184, 6.016118062000146], [6.256639924000126, 6.016697854000142], [6.250625251000145, 5.993070066000087], [6.24794388100014, 5.984033067000098], [6.245960153000112, 5.971532766000109], [6.243769715999974, 5.967384742999968], [6.248743650000108, 5.966401071000121], [6.25640587700002, 5.964769313000147], [6.264052900000081, 5.962445209], [6.271000811000079, 5.96014313500018], [6.286175183000069, 5.949950216000104], [6.297913206000032, 5.942641296000033], [6.302718216000073, 5.938326840000116], [6.31165883500006, 5.931106598000099], [6.321268680000173, 5.922478651000063], [6.32878072799997, 5.913917099000059], [6.333525055000052, 5.906830814000045], [6.336871661000032, 5.899789253000165], [6.338180055000123, 5.895587018000185], [6.344323691000056, 5.888455829000179], [6.347669644, 5.881414442000107], [6.361889463000182, 5.859463229000085], [6.365235367000082, 5.852421824000032], [6.367897416000176, 5.846095524000077], [6.370544030000133, 5.839076015999979], [6.373860327000159, 5.830648481000026], [6.376462093000157, 5.821550417000026], [6.37702608100011, 5.815291354000067], [6.375492207000036, 5.80909873600018], [6.374732952000159, 5.806349295000132], [6.374627522000139, 5.801497968000092], [6.366890338000189, 5.799664502000098], [6.357024812000134, 5.796512154000027], [6.348587979000058, 5.79470064800006], [6.335895153000024, 5.790251297000111], [6.327428357000088, 5.787054094000155], [6.321773938000035, 5.784460590000151], [6.312577708000163, 5.779899540000031], [6.304779879000023, 5.775293884000178], [6.29977997900005, 5.770599404000052], [6.296907400000123, 5.767223339000054], [6.294125157000053, 5.768005871000184], [6.287207148000107, 5.771693731000141], [6.274710295000034, 5.776253232000158], [6.265633951000098, 5.777236404000178], [6.26140826600016, 5.775984227000038], [6.253685865000023, 5.774843637000174], [6.248760734000143, 5.773613910000108], [6.24305203900002, 5.773168607000116], [6.235473622000143, 5.774037837000094], [6.231293288000131, 5.774864705000141], [6.222826595000072, 5.771667457999968], [6.217961226000114, 5.773209603000112], [6.211743008000042, 5.776875494000137], [6.206223624000074, 5.780518937000068], [6.202087349000067, 5.783424861000128], [6.198636106000038, 5.785615372000109], [6.197786195000162, 5.778707473000111], [6.198365650000085, 5.773141408000072], [6.198944531999985, 5.767575320000162], [6.198854472, 5.763417244000038], [6.19874911900007, 5.758566397000038], [6.199358563000033, 5.754385976000094], [6.196440590000122, 5.748930987], [6.193523291000076, 5.743476404000148], [6.190651039999977, 5.740100901], [6.187094095000134, 5.737440169000138], [6.179311721000147, 5.733527695000078], [6.172958018000145, 5.730956565000156], [6.168686914999967, 5.727625305], [6.166832493000186, 5.726475753000102], [6.16817814400008, 5.721926218000021], [6.173685976000172, 5.706716044000075], [6.174418070000172, 5.694931950000068], [6.177217963000089, 5.676925243000142], [6.179989695000074, 5.665159290000133], [6.184795990000111, 5.654797109000128], [6.190961794000145, 5.644445875000031], [6.202573764000078, 5.632752845000141], [6.211463101000106, 5.621732289000079], [6.220993180000164, 5.619729972000073], [6.236637235000046, 5.619166900000039], [6.248194292000164, 5.619956979000108], [6.265188180000052, 5.621485155000073], [6.277422053000066, 5.622973846000093], [6.290324164000083, 5.627243023000062], [6.303232254000136, 5.630124104000174], [6.312063255000112, 5.632277018000138], [6.325638696000055, 5.637938020000092], [6.340583765000019, 5.641530967999984], [6.353500969000152, 5.642331128000137], [6.364359938000064, 5.647275947000082], [6.368797535000112, 5.65100386000006], [6.377489535000052, 5.651357005000079], [6.38281290000009, 5.653000327000143], [6.400823786000103, 5.667040371999974], [6.405072129000189, 5.667726059000131], [6.417997944000035, 5.666446217000157], [6.426571431000184, 5.670458801000109], [6.429947243000072, 5.677210297999977], [6.434673890000113, 5.683962361999988], [6.449527719000173, 5.686663128000021], [6.460070086000144, 5.686906833000023], [6.470458425, 5.691389512000114], [6.475137266000161, 5.703137802000128], [6.476360722000152, 5.703952083000104], [6.47414561, 5.715707660000078], [6.459123964000014, 5.727374251000015], [6.455351789000133, 5.732698338000091], [6.447799692999979, 5.744416411000032], [6.443463568000141, 5.754016756000055], [6.438030237000078, 5.767889657000126], [6.437573535000126, 5.769797781000079], [6.436552028000051, 5.776864075000162], [6.436487303000149, 5.791427085], [6.438471742000104, 5.803925972000116], [6.443194906000087, 5.812286786000129], [6.453359216000024, 5.820692992999966], [6.461473122000086, 5.831162990000053], [6.466875981000101, 5.839530056000058], [6.472947047000048, 5.850675991000116], [6.476984862000108, 5.860417864000112], [6.477623801000107, 5.8694390980001], [6.471470723000095, 5.877016129000083], [6.461928906000139, 5.881791081000074], [6.449660622000067, 5.887929935000159], [6.442805717000169, 5.900355802000036], [6.447514004000084, 5.912183689000187], [6.454936042999975, 5.925422185000059], [6.45897899400012, 5.933777861000067], [6.463006907000022, 5.945600945000081], [6.469742690000032, 5.960218904000101], [6.475131117000103, 5.972054067000158], [6.479153280999981, 5.985262885000054]]]}}, {"type": "Feature", "properties": {"adm2_name": "Nembe", "adm2_name1": null, "adm2_name2": null, "adm2_name3": null, "adm2_pcode": "NG006004", "adm1_name": "Bayelsa", "adm1_name1": null, "adm1_name2": null, "adm1_name3": null, "adm1_pcode": "NG006", "adm0_name": "Nigeria", "adm0_name1": null, "adm0_name2": null, "adm0_name3": null, "adm0_pcode": "NG", "valid_on": "2019-04-17", "valid_to": null, "area_sqkm": 1403.07594007, "version": "v01", "lang": "en", "lang1": null, "lang2": null, "lang3": null, "adm2_ref_name": "Nembe", "sendist_en": "Bayelsa East", "sendistpcode": "NG00602", "center_lat": 4.5435014, "center_lon": 6.38134668}, "geometry": {"type": "Polygon", "coordinates": [[[6.598032991000139, 4.729859005000151], [6.588996217000101, 4.73338714700003], [6.583541075000085, 4.734106836000137], [6.583541002000175, 4.73410683700007], [6.581958628000166, 4.733942269000124], [6.577718654000023, 4.73350128900006], [6.568485950000081, 4.737030097000172], [6.564707177000173, 4.740028283000072], [6.561107343, 4.744350402], [6.561107326000126, 4.744350421000092], [6.560520965000023, 4.747747827000182], [6.560866727000189, 4.752285268000037], [6.560086333000129, 4.756626072000188], [6.560086313000113, 4.756626184000027], [6.560086141999989, 4.756626369000116], [6.558354700999985, 4.758495523000022], [6.552611951000188, 4.758596881000074], [6.537438875000134, 4.755611901000179], [6.527311746, 4.753003140000089], [6.523535940000045, 4.75072559900002], [6.517582007000101, 4.747134172000131], [6.513673766000124, 4.743821540000113], [6.510599994000188, 4.741216179000105], [6.501528294000082, 4.734480056000109], [6.498985761000142, 4.732592095000143], [6.48964413900012, 4.722999094000158], [6.484190041000033, 4.718555336], [6.478478833000167, 4.713902021000024], [6.461059938000176, 4.713280215000111], [6.450611096000159, 4.693482888000119], [6.446683992000146, 4.688528789000088], [6.439350227000034, 4.679276992000155], [6.429541141000072, 4.669227123000042], [6.426820624000129, 4.665412096000125], [6.422014140000158, 4.658671818000016], [6.406137913000066, 4.642689224000094], [6.393485903000055, 4.627577795000093], [6.386468772000057, 4.619802027000105], [6.364497092000022, 4.620655075000172], [6.35292559800007, 4.620858744000031], [6.350300785000059, 4.620904918000122], [6.350300656000115, 4.620904918000122], [6.349542625000026, 4.620888754000077], [6.338386171000082, 4.620650754000053], [6.338386146000175, 4.620650774000069], [6.334446325000101, 4.623841504000097], [6.326653830000055, 4.6301521850001], [6.321983046000128, 4.640516726000158], [6.321376807000149, 4.641861918000075], [6.314700125000172, 4.652203083000131], [6.311861854000085, 4.654197940000074], [6.30520585700009, 4.658875965000107], [6.29290200100013, 4.662345897000023], [6.292901963000133, 4.662345903000187], [6.280088897000098, 4.663036824000073], [6.268667204000167, 4.664632790000098], [6.25117025000003, 4.659831079000128], [6.233982098000183, 4.647122855000077], [6.232863484000177, 4.646395475000077], [6.224243055000045, 4.64078999700007], [6.201821801000108, 4.642115124000043], [6.200047057000177, 4.637125036000157], [6.193117138000105, 4.617640030000189], [6.186954012000172, 4.606596], [6.181904323000083, 4.600429695000059], [6.179451947000189, 4.597435008000161], [6.173306944000046, 4.587320807000026], [6.169029236000142, 4.579031960000179], [6.159706113000141, 4.566572191000148], [6.16486788300017, 4.552618980000034], [6.158064835000062, 4.53182792399997], [6.152342791000024, 4.519846918000042], [6.146681786000102, 4.51111793299998], [6.145978927000158, 4.498118883000018], [6.145734789000187, 4.485113143000035], [6.150812157000189, 4.462718006000102], [6.161196233000169, 4.454635154000073], [6.174345010000138, 4.447432995000042], [6.187468050000064, 4.438837058], [6.200705041999981, 4.436279772000148], [6.221223829000166, 4.431271076000144], [6.228860849, 4.423235892000037], [6.237299924000069, 4.409145834000014], [6.24339722600007, 4.392310148999968], [6.256450175000168, 4.379998209], [6.266964906000169, 4.378882895000118], [6.276072025000076, 4.375934121], [6.291535854000131, 4.370084761000101], [6.30377912900002, 4.363362795000114], [6.323470107000162, 4.363015171000143], [6.33768320300004, 4.363694185000156], [6.354670043000056, 4.365716946000134], [6.364418034000039, 4.372515205000127], [6.379633894000108, 4.377822870000045], [6.392006876000153, 4.378068935999977], [6.407699114000025, 4.38429689700007], [6.415235047000124, 4.395317075000094], [6.422305111000185, 4.405879032000087], [6.429927828000189, 4.421544072000017], [6.432003974000168, 4.43451882300019], [6.431981681000025, 4.435113834000163], [6.437795566000091, 4.445908637000059], [6.441000732000077, 4.448525835000055], [6.451314969000066, 4.448598186000083], [6.464225611000188, 4.446093683000072], [6.47844311200015, 4.441003141000067], [6.49268667500013, 4.43202026400013], [6.505004539000026, 4.42172631], [6.51606754300002, 4.406234091000101], [6.519368944000064, 4.394580691000101], [6.523976601000015, 4.380341509000175], [6.527277521000144, 4.368688030000101], [6.528653488000032, 4.355724124], [6.531353018000061, 4.33757988900004], [6.541062968000062, 4.331159010000022], [6.5539646040001, 4.32929994300008], [6.565899207000029, 4.32766546400012], [6.569970604, 4.327724452000041], [6.580084332000183, 4.327205654000124], [6.586048609000102, 4.32733536600017], [6.588511936999964, 4.327853684000047], [6.591883180000139, 4.329020982000031], [6.594865323000022, 4.330317508000178], [6.597199445000058, 4.33200311600001], [6.59892225700014, 4.334255227000142], [6.601829683, 4.334844726000142], [6.595960687000058, 4.346147274000032], [6.589958547000094, 4.357706607000182], [6.586623945000099, 4.35969027699997], [6.582429672000046, 4.362185296000121], [6.572655872000155, 4.365894123000089], [6.560587202000079, 4.376380177000158], [6.552222639000149, 4.393683695000107], [6.551259239, 4.400161002000061], [6.549867443000153, 4.409517992000076], [6.547496962000025, 4.427616445000183], [6.55116363000019, 4.440649791000169], [6.554091944000163, 4.451058622000119], [6.563738489000116, 4.466973414999984], [6.575680949000059, 4.476110319000156], [6.578666666000117, 4.478394498000057], [6.588290293000114, 4.498082280000119], [6.599307121000038, 4.534383826000067], [6.602916128000118, 4.556295753000029], [6.602881768000088, 4.561578905000033], [6.596800444, 4.573615036000149], [6.581659807000051, 4.593893458000025], [6.566477623000083, 4.620209051000018], [6.56475645800009, 4.627270480000163], [6.562620498000058, 4.636033264000048], [6.562200294000149, 4.640178518000027], [6.561014770000099, 4.651872605000108], [6.561381137000126, 4.657120089000159], [6.561700123000037, 4.661689093000177], [6.562684434000062, 4.674020776000077], [6.56308647100019, 4.67905788000013], [6.564538757999969, 4.681528940000135], [6.567539851000049, 4.686635255000112], [6.570113197000182, 4.691517846000067], [6.572729429000105, 4.696481774000119], [6.577980166000145, 4.702214123000033], [6.583163337000087, 4.707872623000128], [6.592882007000071, 4.713975033000054], [6.596590891000176, 4.720792374000041], [6.597178154000176, 4.724484541000038], [6.598032991000139, 4.729859005000151]]]}}, {"type": "Feature", "properties": {"adm2_name": "Nsit Atai", "adm2_name1": null, "adm2_name2": null, "adm2_name3": null, "adm2_pcode": "NG003019", "adm1_name": "Akwa Ibom", "adm1_name1": null, "adm1_name2": null, "adm1_name3": null, "adm1_pcode": "NG003", "adm0_name": "Nigeria", "adm0_name1": null, "adm0_name2": null, "adm0_name3": null, "adm0_pcode": "NG", "valid_on": "2019-04-17", "valid_to": null, "area_sqkm": 130.72990895, "version": "v01", "lang": "en", "lang1": null, "lang2": null, "lang3": null, "adm2_ref_name": "Nsit Atai", "sendist_en": "Akwa Ibom North East", "sendistpcode": "NG00301", "center_lat": 4.8185556, "center_lon": 8.01398294}, "geometry": {"type": "Polygon", "coordinates": [[[8.089216227000065, 4.869660845999988], [8.085173617000066, 4.872513779000087], [8.082845820000102, 4.875958002000061], [8.079938998999978, 4.879973912000139], [8.078195504000064, 4.882268920000115], [8.076446600000168, 4.885139902], [8.075277240000048, 4.887440164000054], [8.07353480800009, 4.889733818000138], [8.072370244000183, 4.891456105000088], [8.070059518000164, 4.893168965000086], [8.066597225000123, 4.895450120000078], [8.06257150000016, 4.896572077000087], [8.056844440000077, 4.895947971000112], [8.051673072000085, 4.897059915000114], [8.048221497999975, 4.898187170000028], [8.044190245000152, 4.899886110000125], [8.038439699000037, 4.901570807000155], [8.034410611999988, 4.903269775000012], [8.030963802000088, 4.903819124000108], [8.027511534000098, 4.904944903000057], [8.024644951000141, 4.904922057000135], [8.02063161000018, 4.904890017000128], [8.016050121999967, 4.904274903000044], [8.0137747550001, 4.902525930000024], [8.010919732000048, 4.901349089000121], [8.008051656000077, 4.899387784999988], [8.008728169000165, 4.898990107000145], [8.009231068000133, 4.897487431000172], [8.00973598600018, 4.895232765000117], [8.009747449000145, 4.890971317000151], [8.009021740000037, 4.882697128000018], [8.007546462, 4.879412166], [8.00652230500009, 4.875478554000154], [8.007846069000038, 4.86924236700014], [8.00907354300017, 4.866792129000089], [8.011928469000111, 4.864346247000185], [8.016001464000055, 4.862721523000062], [8.017632161000051, 4.86149917900002], [8.021709446000159, 4.858238660000154], [8.021723571, 4.852922580000097], [8.01847749400008, 4.849642367000058], [8.009121967000056, 4.848799144000168], [8.000984512000116, 4.848776930000099], [7.996104619, 4.847945706000075], [7.992548706000036, 4.84579415900015], [7.989716816000055, 4.842308055], [7.987446933000058, 4.839982060000182], [7.985737893000078, 4.838812810999968], [7.984028859000034, 4.83764501700017], [7.981752950000157, 4.835896041000069], [7.978897976000155, 4.834718241000132], [7.974884854000095, 4.834684863000064], [7.974918666000065, 4.831223006000016], [7.974380086999986, 4.827755947000128], [7.974425559000053, 4.823139219000097], [7.975034023000092, 4.819681182000011], [7.976209321, 4.816804882999975], [7.978537170000152, 4.813361130000089], [7.97971187100012, 4.810483910000016], [7.981054459000177, 4.808497629000101], [7.982403596000154, 4.800062423000099], [7.984048812000026, 4.793524120000086], [7.986497395000015, 4.790668374000063], [7.991390519000049, 4.786592638000172], [7.991898656999979, 4.786436918999982], [7.993730874000164, 4.784626015000072], [7.996040701000027, 4.7829142060001], [7.997204711999984, 4.781190878000189], [7.998937225000077, 4.780051273000083], [8.000674114000162, 4.778334175000168], [8.001843592000114, 4.776034848000052], [8.002438480000137, 4.773731260000034], [8.004200100000048, 4.769704845000092], [8.005370098000071, 4.76740598900011], [8.006533441000101, 4.765684129000078], [8.007697363000148, 4.763961841000082], [8.010002076000148, 4.762825983000027], [8.012307325, 4.761691112000051], [8.014612010000178, 4.760554818000173], [8.016349859000172, 4.758837220000146], [8.018086548999975, 4.757120112], [8.019835300000182, 4.754249121000043], [8.022730861000014, 4.751386126000057], [8.025052964000054, 4.748518907000062], [8.027942418, 4.746233928000095], [8.030837853000037, 4.743371015000093], [8.033727784000178, 4.741085973], [8.036611675000131, 4.739377965000074], [8.038343300000122, 4.738237874000163], [8.040648328000088, 4.737102045000086], [8.043526715000098, 4.735970967000128], [8.05043509300009, 4.733140950000177], [8.049816066000119, 4.737752942000043], [8.049781839000048, 4.741216146000056], [8.050331862000178, 4.74352879900016], [8.050309033000133, 4.745838126000024], [8.050848227000188, 4.749304748000156], [8.052539105000108, 4.752203923000138], [8.054225171000155, 4.755681058000164], [8.055336704000183, 4.759151898000084], [8.056460218999973, 4.7614698430001], [8.058146368000166, 4.764945995000119], [8.059849880000058, 4.766692169], [8.062102424000102, 4.770750059000022], [8.064935001000038, 4.774236184000074], [8.066626675000066, 4.777134868000132], [8.068317249000131, 4.780035040000087], [8.070020900000145, 4.781779759000131], [8.07171747500007, 4.784101949000046], [8.073420589000136, 4.785847205000039], [8.07464284800011, 4.787879076000024], [8.076403658000118, 4.789271579000058], [8.078832613000145, 4.794184962999964], [8.078824430000054, 4.79745641400001], [8.076784068000165, 4.799904831000049], [8.07270894700008, 4.802757029000134], [8.069039240000109, 4.806019164000134], [8.061910362, 4.809734749000143], [8.058822614000121, 4.812277784000116], [8.055932833000043, 4.814562818000013], [8.053610555000091, 4.817430025000021], [8.051294223000127, 4.819719808000059], [8.05013091900014, 4.821442105000187], [8.049529124000173, 4.824323154000069], [8.05007926900015, 4.826635877], [8.052906183000061, 4.83069897900009], [8.05515363600017, 4.835333814000023], [8.056844943000044, 4.838232962000063], [8.059676864000096, 4.841719193000131], [8.061947782000061, 4.844046147000086], [8.065938280000012, 4.846386887000165], [8.068787662999966, 4.848142172000166], [8.070495320000134, 4.849308989000178], [8.072198728000046, 4.851055193000036], [8.074469782, 4.853382143000033], [8.075587188999975, 4.856276984000033], [8.076705188000062, 4.859170915999982], [8.077812423000069, 4.863220217000105], [8.080088401000125, 4.864970221000135], [8.082369764000134, 4.866143226000133], [8.085798356000112, 4.867324837000069], [8.089216227000065, 4.869660845999988]]]}}, {"type": "Feature", "properties": {"adm2_name": "Nsit Ibom", "adm2_name1": null, "adm2_name2": null, "adm2_name3": null, "adm2_pcode": "NG003020", "adm1_name": "Akwa Ibom", "adm1_name1": null, "adm1_name2": null, "adm1_name3": null, "adm1_pcode": "NG003", "adm0_name": "Nigeria", "adm0_name1": null, "adm0_name2": null, "adm0_name3": null, "adm0_pcode": "NG", "valid_on": "2019-04-17", "valid_to": null, "area_sqkm": 130.6549785, "version": "v01", "lang": "en", "lang1": null, "lang2": null, "lang3": null, "adm2_ref_name": "Nsit Ibom", "sendist_en": "Akwa Ibom North East", "sendistpcode": "NG00301", "center_lat": 4.90363453, "center_lon": 7.89284685}, "geometry": {"type": "Polygon", "coordinates": [[[7.882638178000093, 5.000734775000183], [7.880888875000039, 5.003606794000063], [7.877994171000125, 5.006468783000173], [7.875677802000041, 5.008759018000035], [7.8733671170001, 5.010471815000074], [7.871055855000179, 5.012185116000182], [7.869325223000146, 5.013325243000111], [7.867031056000144, 5.013306121000142], [7.865327866000086, 5.011560893000137], [7.863074890000178, 5.00750299900011], [7.861950714999978, 5.005185120000078], [7.859693207000078, 5.001704185000108], [7.858562785000174, 4.999962827000104], [7.856865986000173, 4.997641084000122], [7.85516865500017, 4.995318904000158], [7.852891812000166, 4.993568908000157], [7.850616133000074, 4.991818901000045], [7.847766669, 4.990065104000166], [7.845496200000014, 4.98773815900006], [7.84896536399998, 4.984880019], [7.850714274000097, 4.982008000000178], [7.851883065000095, 4.979710087], [7.853058735000047, 4.97683286299997], [7.853666916000179, 4.973374818000138], [7.854273944000113, 4.969916841000099], [7.853735172000142, 4.966450244000043], [7.853190651000091, 4.963560124000026], [7.852651899000136, 4.960093024000059], [7.852674837000052, 4.957784147000041], [7.852129785000102, 4.954894022000076], [7.852176255000188, 4.950276843999973], [7.852211231000069, 4.946815011000183], [7.851688589000162, 4.941616080000131], [7.8517121000001, 4.939308186000176], [7.852324832000136, 4.935273174000088], [7.85292091499997, 4.932969137000157], [7.853518115000043, 4.930665028000021], [7.854693039000097, 4.927789200000063], [7.855867947000092, 4.924912960000142], [7.856476016000045, 4.921454904000029], [7.857645726000044, 4.919156047000115], [7.859967908000158, 4.916288831000031], [7.861154750000139, 4.912258135000172], [7.863500316000057, 4.907083055000044], [7.864668811000172, 4.904784171000074], [7.865838970000084, 4.902484879000099], [7.867587909000122, 4.899612923000177], [7.868763196000089, 4.896737123000037], [7.869359113000144, 4.894432982000126], [7.871686762000081, 4.890988784000058], [7.873442434000026, 4.887539822000178], [7.875191258000143, 4.884668828000088], [7.875218632000099, 4.881783035000183], [7.875241992000042, 4.879475135000177], [7.874118131000046, 4.877157211000053], [7.872993734000033, 4.874838855000064], [7.871292276000133, 4.873095060000139], [7.869588592000184, 4.871348841000156], [7.868460197000161, 4.869608845000073], [7.867330138, 4.86786793300007], [7.865632786000106, 4.865546218000077], [7.866241217999971, 4.862088216000132], [7.866837095000164, 4.85978415000011], [7.868597239000167, 4.855758169000183], [7.869198806999975, 4.85287711899997], [7.870948052000074, 4.85000607], [7.870971441000108, 4.847696761000179], [7.872145964000026, 4.844820961999972], [7.872175033000076, 4.841936079000106], [7.873355794000133, 4.838481888000047], [7.872817036000129, 4.835014806000061], [7.872283980000077, 4.830970759000024], [7.872317636000048, 4.827507983000032], [7.870638112000165, 4.823454865000087], [7.870093673000156, 4.820563776000029], [7.868980884000166, 4.817091942000047], [7.86788065200011, 4.812467071000071], [7.86904367700015, 4.810744724000131], [7.87136678100012, 4.807877987000154], [7.873689297000112, 4.805010807999963], [7.877169027000093, 4.800999147000141], [7.880642986, 4.797564045000172], [7.882976732000031, 4.793542861000162], [7.885263843000132, 4.794137958000078], [7.888682034999988, 4.796473951], [7.890952148000167, 4.798800994000089], [7.894357943000159, 4.80229187499998], [7.896623027000146, 4.805195773000094], [7.89889889400007, 4.806945783000117], [7.901742090000141, 4.809277025000085], [7.904019148000089, 4.811027007000121], [7.906295104000094, 4.812777046000065], [7.909718093000038, 4.814536078000117], [7.913720295000076, 4.81572201], [7.917148982000185, 4.816904990000182], [7.921155726000052, 4.817513929000029], [7.925748910000152, 4.816974168000058], [7.929200116000061, 4.815847865000023], [7.932073295, 4.815293799000187], [7.93494535800005, 4.814740188000144], [7.937817948000088, 4.814186056000096], [7.93916049000012, 4.81385947299998], [7.938010767000151, 4.81751991200008], [7.934720792000121, 4.829778401000169], [7.934695947000137, 4.838365943000156], [7.934662818000163, 4.849815947000025], [7.932576139000048, 4.867802877000031], [7.931329714000071, 4.876795830999981], [7.927234741000063, 4.885780313000168], [7.923547393000149, 4.894357045000106], [7.919031655000083, 4.907838488000152], [7.915337852000107, 4.918459761000065], [7.915302909000104, 4.930318715000055], [7.914888341000108, 4.932047174000161], [7.913695704000077, 4.933460213000103], [7.911948070000108, 4.936332243000038], [7.910778093000033, 4.938631069000166], [7.909596796000073, 4.942083812000135], [7.90843299200003, 4.943806151000103], [7.904952825000123, 4.94781781800009], [7.901477677, 4.951252914000122], [7.899149908000084, 4.95469716600013], [7.897407736000162, 4.956991164000044], [7.895073684000124, 4.961011867000138], [7.893904072000169, 4.963312175], [7.892712319000054, 4.967918897000175], [7.891536433999988, 4.970796100000086], [7.889203355000177, 4.97481682300014], [7.888600623, 4.977696892000154], [7.888003567000169, 4.980000981000103], [7.887391151000145, 4.984035990000109], [7.887350809000168, 4.988076209000155], [7.88675485300007, 4.990379799000152], [7.88499481700012, 4.994406205000075], [7.884397715999967, 4.996708879000153], [7.882638178000093, 5.000734775000183]]]}}, {"type": "Feature", "properties": {"adm2_name": "Nsit Ubium", "adm2_name1": null, "adm2_name2": null, "adm2_name3": null, "adm2_pcode": "NG003021", "adm1_name": "Akwa Ibom", "adm1_name1": null, "adm1_name2": null, "adm1_name3": null, "adm1_pcode": "NG003", "adm0_name": "Nigeria", "adm0_name1": null, "adm0_name2": null, "adm0_name3": null, "adm0_pcode": "NG", "valid_on": "2019-04-17", "valid_to": null, "area_sqkm": 200.93860869, "version": "v01", "lang": "en", "lang1": null, "lang2": null, "lang3": null, "adm2_ref_name": "Nsit Ubium", "sendist_en": "Akwa Ibom North East", "sendistpcode": "NG00301", "center_lat": 4.75973129, "center_lon": 7.9487235}, "geometry": {"type": "Polygon", "coordinates": [[[7.974884854000095, 4.834684863000064], [7.974287999000012, 4.836988953000059], [7.973107066000125, 4.840443133000065], [7.970818977000079, 4.839847107000139], [7.966250040000148, 4.838078050000036], [7.963967522000075, 4.836905924000064], [7.961686144000168, 4.835732953000047], [7.961070992999964, 4.835728014000097], [7.959951898000043, 4.827397622000092], [7.954279073000066, 4.81920269900013], [7.951884759, 4.802838492000035], [7.951913856000033, 4.79261520600005], [7.947037138000098, 4.790965420000134], [7.942151085000035, 4.792586997000114], [7.940903401000185, 4.801988908000055], [7.940063919000181, 4.8109829980001], [7.93916049000012, 4.81385947299998], [7.937817948000088, 4.814186056000096], [7.93494535800005, 4.814740188000144], [7.932073295, 4.815293799000187], [7.929200116000061, 4.815847865000023], [7.925748910000152, 4.816974168000058], [7.921155726000052, 4.817513929000029], [7.917148982000185, 4.816904990000182], [7.913720295000076, 4.81572201], [7.909718093000038, 4.814536078000117], [7.906295104000094, 4.812777046000065], [7.904019148000089, 4.811027007000121], [7.901742090000141, 4.809277025000085], [7.89889889400007, 4.806945783000117], [7.896623027000146, 4.805195773000094], [7.894357943000159, 4.80229187499998], [7.890952148000167, 4.798800994000089], [7.888682034999988, 4.796473951], [7.885263843000132, 4.794137958000078], [7.882976732000031, 4.793542861000162], [7.884736971999985, 4.789516944000184], [7.88535134, 4.785481922000088], [7.884806287000117, 4.782591832000094], [7.884829030000162, 4.780283015000123], [7.884283988000163, 4.77739284900008], [7.883738952000044, 4.774503237999966], [7.882615932000022, 4.772184835000076], [7.88152133900013, 4.766983036], [7.881548653999971, 4.764097232000154], [7.881571971000028, 4.761787917000163], [7.882173852, 4.75890776500006], [7.883349681000027, 4.75603200200004], [7.884524941000109, 4.75315521400006], [7.885695066000039, 4.750855925000167], [7.886291193999966, 4.748551822000024], [7.886320163000164, 4.74566700400004], [7.886928202000092, 4.742208954000091], [7.886967950000042, 4.73816920600018], [7.886995794000029, 4.735282920000088], [7.887030994000099, 4.73182106400003], [7.885912626000106, 4.72892618100002], [7.885373892000132, 4.72545910600013], [7.884261819000017, 4.72198675500016], [7.884353166000039, 4.72115315800005], [7.884892004000051, 4.716220866000128], [7.888337831000115, 4.715672064000046], [7.893504299000028, 4.715136016000088], [7.896955203000118, 4.714009720000149], [7.899261070000023, 4.712873954000145], [7.902718147000144, 4.711171123000042], [7.904448952999985, 4.710030054000015], [7.907332632000134, 4.708322065], [7.910211778000132, 4.707190986000114], [7.912522083000056, 4.705478203000098], [7.91425902400016, 4.703761087000089], [7.917148800000177, 4.70147605600016], [7.921185226000034, 4.699200124000129], [7.925800542000161, 4.696351057000015], [7.929268581000144, 4.693492894000087], [7.931013233000044, 4.691198794000115], [7.933322767, 4.689486951000163], [7.936212885000032, 4.687200993000033], [7.939102965000075, 4.68491599400005], [7.943150248, 4.681486143000029], [7.946607973000027, 4.679781917000071], [7.949473925, 4.67980482300004], [7.95232984900008, 4.680983068999979], [7.954038055000183, 4.682150868000065], [7.956302871000162, 4.685054775000083], [7.958012231, 4.686223041000119], [7.960849849000169, 4.689132224000048], [7.962553125000056, 4.690876970000147], [7.965963590000058, 4.693790003000061], [7.968801900000074, 4.696699125000066], [7.971663002000184, 4.697299028000032], [7.973394078000069, 4.696158892000028], [7.976295090000121, 4.692718943000045], [7.978056053000046, 4.688693978], [7.980372016000103, 4.686404225], [7.98211462200004, 4.684109170999989], [7.984426143000064, 4.682395955000175], [7.986157109000089, 4.68125583200009], [7.989018119000036, 4.681856174000188], [7.991879138000058, 4.68245601100017], [7.994733526000175, 4.683633772], [7.997022380000033, 4.684228878000056], [8.000439684000128, 4.68656588500005], [8.003294131000132, 4.68774315100012], [8.007290879000095, 4.689507030000129], [8.010145942000122, 4.690683838000155], [8.013001573000054, 4.691862088000107], [8.015862710000135, 4.692461940000044], [8.022169261000101, 4.69251298100005], [8.025609209000152, 4.692541125000105], [8.029054605000113, 4.691990861000022], [8.033068423000032, 4.692024206000042], [8.036508370000035, 4.692050914000106], [8.038784772000099, 4.693800910000164], [8.041054645000031, 4.696127856000146], [8.044478313000184, 4.69788690900009], [8.047900907000042, 4.699646001000133], [8.05248159700011, 4.700261073999968], [8.055354257000147, 4.699707017000037], [8.059362196, 4.70031592700019], [8.067934140000148, 4.703270887000031], [8.065617491000069, 4.705561136000085], [8.062149277000117, 4.708418815000016], [8.060411329000033, 4.710135928000057], [8.057510418000106, 4.713574913000116], [8.055772974000035, 4.715292912999985], [8.054598051000085, 4.718169179000142], [8.05284861500013, 4.721041188000186], [8.051668242000062, 4.724494004000064], [8.050492135000184, 4.727369752000129], [8.049896499000113, 4.729673845999969], [8.05043509300009, 4.733140950000177], [8.043526715000098, 4.735970967000128], [8.040648328000088, 4.737102045000086], [8.038343300000122, 4.738237874000163], [8.036611675000131, 4.739377965000074], [8.033727784000178, 4.741085973], [8.030837853000037, 4.743371015000093], [8.027942418, 4.746233928000095], [8.025052964000054, 4.748518907000062], [8.022730861000014, 4.751386126000057], [8.019835300000182, 4.754249121000043], [8.018086548999975, 4.757120112], [8.016349859000172, 4.758837220000146], [8.014612010000178, 4.760554818000173], [8.012307325, 4.761691112000051], [8.010002076000148, 4.762825983000027], [8.007697363000148, 4.763961841000082], [8.006533441000101, 4.765684129000078], [8.005370098000071, 4.76740598900011], [8.004200100000048, 4.769704845000092], [8.002438480000137, 4.773731260000034], [8.001843592000114, 4.776034848000052], [8.000674114000162, 4.778334175000168], [7.998937225000077, 4.780051273000083], [7.997204711999984, 4.781190878000189], [7.996040701000027, 4.7829142060001], [7.993730874000164, 4.784626015000072], [7.991898656999979, 4.786436918999982], [7.991390519000049, 4.786592638000172], [7.986497395000015, 4.790668374000063], [7.984048812000026, 4.793524120000086], [7.982403596000154, 4.800062423000099], [7.981054459000177, 4.808497629000101], [7.97971187100012, 4.810483910000016], [7.978537170000152, 4.813361130000089], [7.976209321, 4.816804882999975], [7.975034023000092, 4.819681182000011], [7.974425559000053, 4.823139219000097], [7.974380086999986, 4.827755947000128], [7.974918666000065, 4.831223006000016], [7.974884854000095, 4.834684863000064]]]}}, {"type": "Feature", "properties": {"adm2_name": "Obanliku", "adm2_name1": null, "adm2_name2": null, "adm2_name3": null, "adm2_pcode": "NG009013", "adm1_name": "Cross River", "adm1_name1": null, "adm1_name2": null, "adm1_name3": null, "adm1_pcode": "NG009", "adm0_name": "Nigeria", "adm0_name1": null, "adm0_name2": null, "adm0_name3": null, "adm0_pcode": "NG", "valid_on": "2019-04-17", "valid_to": null, "area_sqkm": 938.52789055, "version": "v01", "lang": "en", "lang1": null, "lang2": null, "lang3": null, "adm2_ref_name": "Obanliku", "sendist_en": "Cross River North", "sendistpcode": "NG00902", "center_lat": 6.49426574, "center_lon": 9.35415585}, "geometry": {"type": "Polygon", "coordinates": [[[9.465628632000119, 6.455608316000109], [9.466034788000115, 6.458327910000037], [9.467234491, 6.46635730100013], [9.467286210000111, 6.473245115], [9.470819670000083, 6.488145805000102], [9.47197716300019, 6.49043405599997], [9.473152312000025, 6.495017967000081], [9.474326935000136, 6.499602708000111], [9.474361698000052, 6.50419514500004], [9.474411835000012, 6.511083226000039], [9.473297268000067, 6.514534965000053], [9.473322059000111, 6.517979283000102], [9.47220688800013, 6.521431017000054], [9.471092270999975, 6.524884154000063], [9.468827127000168, 6.527194893000058], [9.465413198000022, 6.528367136000099], [9.462008598000068, 6.530685779], [9.458601698000109, 6.533006079000188], [9.454064648000042, 6.536480951999977], [9.449518200000114, 6.538808799000151], [9.446121022000057, 6.542276801000014], [9.441592474000174, 6.546901320000131], [9.438195125000163, 6.550367840000035], [9.432542033000118, 6.55729575100014], [9.428028804000178, 6.564215186000069], [9.424649083000077, 6.569979218000185], [9.422393744000033, 6.573439168000107], [9.42013725300012, 6.576899106000042], [9.416757864000033, 6.582663041999979], [9.413369169000077, 6.587277998000104], [9.409971180000184, 6.59074595400017], [9.405442150000113, 6.595369738000102], [9.402062361000105, 6.601133812000057], [9.396392876000107, 6.605764956000087], [9.391854338000087, 6.609241029000032], [9.38617603900019, 6.61272389700008], [9.381655540000168, 6.618496053], [9.377117278000014, 6.621972220000146], [9.372579484000084, 6.625446922000037], [9.3680421790001, 6.628922121000073], [9.361247915000149, 6.635857978000104], [9.357876658, 6.642769749000081], [9.35221498200002, 6.648549147999972], [9.347703077000176, 6.655468971000118], [9.343207262000078, 6.664684670000099], [9.334148391000042, 6.673932186000172], [9.325099100000159, 6.684327031000066], [9.318321955000101, 6.693559116000188], [9.3138094090001, 6.700477953000018], [9.309297824000112, 6.707397861000061], [9.307058310000116, 6.713153863000059], [9.303669842000033, 6.717770035000115], [9.30026416200019, 6.720088840000017], [9.295701291, 6.720119959000044], [9.291146129000083, 6.72130109800014], [9.285432740000147, 6.720191124000166], [9.279720515000065, 6.719082726000067], [9.27059368200014, 6.719144693000146], [9.266030265000154, 6.719176851000157], [9.255754711000122, 6.718099921000032], [9.24774240500011, 6.714711126000054], [9.238598919000083, 6.712477198000158], [9.228305812000144, 6.709104141000012], [9.215731832000188, 6.705746275000024], [9.208860123000136, 6.702349158000061], [9.19970011700019, 6.697820325000066], [9.1928292610001, 6.694423184000073], [9.184833343000037, 6.693329779000123], [9.175674416000106, 6.68879977], [9.177929960000029, 6.685340800000176], [9.180177563000143, 6.680733127000053], [9.181292563, 6.677280899000039], [9.181259217000104, 6.672689025000068], [9.181216248000169, 6.666947940000171], [9.18204775300012, 6.661686506000024], [9.187037951000036, 6.654419770000061], [9.187031533000038, 6.641849023000077], [9.18283224400011, 6.623413804000052], [9.177795605000028, 6.604140797000127], [9.174438874000032, 6.592409492000115], [9.174432891000151, 6.579838732000098], [9.173587862000147, 6.56475397600002], [9.16435713800007, 6.531235644000162], [9.16435375600014, 6.52369306200012], [9.164351125000167, 6.517826439000089], [9.160160256999973, 6.512800083000059], [9.152619241000082, 6.507774814000186], [9.138376437000034, 6.500237866000077], [9.119613635000121, 6.485556303000067], [9.124131967000096, 6.485995906000142], [9.139209364000124, 6.487666445000059], [9.155125284, 6.491012581000177], [9.171878378000088, 6.492681079000022], [9.183605134000118, 6.493513506000056], [9.191984417000015, 6.499375562000125], [9.197013155000093, 6.505239502000052], [9.204559405000055, 6.518644302000155], [9.210428364000109, 6.527021717000082], [9.21461462100018, 6.5236670540001], [9.220471217000181, 6.511930599000038], [9.224654169000075, 6.502709210000091], [9.229676648000066, 6.497677879000094], [9.238049688000046, 6.492644036000058], [9.25061026700007, 6.487607140000023], [9.258982789000015, 6.482573114000104], [9.269027901000186, 6.474185114000079], [9.276554663000184, 6.459094284000059], [9.276631863000148, 6.458119322000016], [9.278902821000088, 6.45502532900008], [9.282282644000077, 6.449261230000047], [9.286803194000186, 6.443489131000035], [9.290166829000043, 6.435429], [9.292404912000052, 6.429673316000049], [9.294662293000044, 6.426212738000117], [9.298032751, 6.419302065000011], [9.300280582000084, 6.414693880000016], [9.30138762700011, 6.410093696000104], [9.301327950000086, 6.402057163000109], [9.300144131000081, 6.396325152000031], [9.30009387900003, 6.389437295999983], [9.301199722000149, 6.384837110000035], [9.30114060700015, 6.376799995000056], [9.302212695000037, 6.367608031000145], [9.301037817000122, 6.363024272000018], [9.302110421000066, 6.353831749000165], [9.302085011000088, 6.350388102000068], [9.302043001000186, 6.344646938000039], [9.301991592000093, 6.337759070000175], [9.300807988000031, 6.332026047], [9.301915333000125, 6.327425995000056], [9.301863929000092, 6.320537974000104], [9.301830234000079, 6.315946063000069], [9.305210099000021, 6.310182127000076], [9.309730257000126, 6.304410009000151], [9.313118770000074, 6.299795109000058], [9.315375158000109, 6.296335219000127], [9.318729603000065, 6.287127074000068], [9.323233700000173, 6.279058964000058], [9.332265878000157, 6.266367893000051], [9.334564925000052, 6.268648207000069], [9.334582261000094, 6.270944174000078], [9.339187747000096, 6.276652740999964], [9.34266199800004, 6.28351780100013], [9.343828148000114, 6.286953883000024], [9.346135268000012, 6.290381975000173], [9.346152105000101, 6.292678774000024], [9.347318891000157, 6.296114843], [9.348485125000025, 6.299551056000041], [9.348519403000012, 6.304142983000077], [9.348545265000041, 6.307588040000098], [9.347437992000152, 6.312188108000043], [9.345181253000021, 6.315648045999978], [9.342926175000173, 6.319107116], [9.34066935200002, 6.322567044000152], [9.339545118000103, 6.324871122000161], [9.339588268000114, 6.330611286000135], [9.340755668000043, 6.334046815000079], [9.344194581000124, 6.336319925], [9.34647559900003, 6.336305198000161], [9.351038759000119, 6.336273164000147], [9.355602493000049, 6.336242182000092], [9.357884636000165, 6.336225976000151], [9.361307279000073, 6.33620213100005], [9.365853476000098, 6.333875209999974], [9.371548605000157, 6.332686870999964], [9.378359742000157, 6.328048250000165], [9.384038221000083, 6.324564904000056], [9.389725710000164, 6.322228856000038], [9.391998066000099, 6.321065032000035], [9.397686026000144, 6.318729860000076], [9.399950311000168, 6.316418135000049], [9.406796368000073, 6.316371031000017], [9.410226895000108, 6.317494839000119], [9.413665511000033, 6.31976800200016], [9.419387906000054, 6.322024818000045], [9.42397690100006, 6.325438072000168], [9.42856483200012, 6.328849823000098], [9.43201462400009, 6.332271086000105], [9.435461073000056, 6.335691042000121], [9.437785068999972, 6.341415897000161], [9.442408807000106, 6.349421089000089], [9.443591869000102, 6.355154061000121], [9.444801181000173, 6.364329828000052], [9.445992497000134, 6.371211062999976], [9.446061269000154, 6.380394006000131], [9.448436493000031, 6.393006919000015], [9.44962797100004, 6.399887986000124], [9.45080367900016, 6.404471965000084], [9.453136560000189, 6.411345108999967], [9.456600929, 6.417060805], [9.45778443100005, 6.422793716000172], [9.460117561, 6.429667107000171], [9.462450203000117, 6.436539057000175], [9.463642084000071, 6.443418936000171], [9.464834009000185, 6.450298810000106], [9.465628632000119, 6.455608316000109]]]}}, {"type": "Feature", "properties": {"adm2_name": "Obia/Akpor", "adm2_name1": null, "adm2_name2": null, "adm2_name3": null, "adm2_pcode": "NG033015", "adm1_name": "Rivers", "adm1_name1": null, "adm1_name2": null, "adm1_name3": null, "adm1_pcode": "NG033", "adm0_name": "Nigeria", "adm0_name1": null, "adm0_name2": null, "adm0_name3": null, "adm0_pcode": "NG", "valid_on": "2019-04-17", "valid_to": null, "area_sqkm": 257.64238853, "version": "v01", "lang": "en", "lang1": null, "lang2": null, "lang3": null, "adm2_ref_name": "Obia/Akpor", "sendist_en": "Rivers East", "sendistpcode": "NG03301", "center_lat": 4.86169075, "center_lon": 7.02248307}, "geometry": {"type": "Polygon", "coordinates": [[[7.039434935000145, 4.934809224000048], [7.025228130000187, 4.93977594100005], [7.015044088000082, 4.93379687200013], [7.00627086500009, 4.931068912], [6.992876988000035, 4.92651318500009], [6.980868792000024, 4.922411927000041], [6.976161910000087, 4.911261101999969], [6.985292968000124, 4.902797184000121], [6.994870185000025, 4.892930977000105], [6.984255842000096, 4.890217776000043], [6.975534925000034, 4.893084041000122], [6.963628657000072, 4.900172214000179], [6.953044841000064, 4.900721998000165], [6.941996212000106, 4.900808785000152], [6.931893905000095, 4.903686967999988], [6.919940898000107, 4.905645834000097], [6.910264990000144, 4.90478989200011], [6.898756139000113, 4.904881010000054], [6.898253355000065, 4.89847135600013], [6.900824175000139, 4.894031060000088], [6.898720653000169, 4.889122988000054], [6.893246296000086, 4.88591863400012], [6.895214949000035, 4.881644747000109], [6.899845244000062, 4.876541143000054], [6.903628370999968, 4.868790647000026], [6.903507302000037, 4.858153321000088], [6.908068757000024, 4.849159734000182], [6.917884357000048, 4.848225132000096], [6.92583026300008, 4.839577675000044], [6.921011329000123, 4.82978441500012], [6.921857232000036, 4.824620696000181], [6.930737991000058, 4.816908354000134], [6.92840092300014, 4.809196486000076], [6.921156494000172, 4.806859454000175], [6.919987559000162, 4.800783178000131], [6.924428006000142, 4.794706810999969], [6.929569842000092, 4.794005390000109], [6.940553803000057, 4.794005381000034], [6.940970213000071, 4.797964283000056], [6.942186168000035, 4.796395873000108], [6.947552364000103, 4.789535276000095], [6.948643069000013, 4.788688606000051], [6.949220867000065, 4.788521302000049], [6.94983039300007, 4.788763536000033], [6.950133784, 4.789106333000063], [6.952713680000159, 4.796082202000036], [6.958489873000133, 4.792054197000084], [6.959022765000157, 4.791469378000102], [6.960334540000076, 4.79075149800002], [6.961963974000071, 4.789627402000121], [6.963726644000076, 4.788911957000153], [6.965488279999988, 4.788332567000168], [6.96729415700014, 4.787934639000127], [6.969503938000059, 4.787856319000184], [6.970675709000147, 4.787998841999979], [6.971439817000089, 4.788456403000112], [6.972200404000091, 4.789503210000134], [6.972555363000026, 4.790593060000049], [6.973105567000118, 4.793191301000036], [6.974096282000062, 4.794871783000133], [6.976014342000155, 4.797545166000077], [6.977655740000102, 4.798489821000032], [6.979655402000162, 4.799364467000089], [6.981927675000122, 4.800156120000111], [6.982536733000074, 4.803517846000091], [6.982387620999987, 4.810519476000138], [6.983322470000189, 4.809531806000109], [6.984110590000171, 4.809464177000109], [6.985182666000071, 4.809758006000038], [6.985606716000177, 4.810767827000177], [6.985456922000026, 4.811990368000181], [6.983602182000027, 4.817030584000122], [6.98734093000013, 4.822984722000172], [6.998558852000144, 4.820180442000151], [6.99918390199997, 4.82006680600017], [7.002594266000074, 4.822235459000069], [7.006575928000188, 4.82254325200006], [7.012835240000129, 4.822577435000142], [7.018520921000061, 4.823466370000062], [7.023357679000071, 4.82349263499998], [7.026326941000036, 4.822282452000138], [7.037053945000139, 4.824065232000066], [7.046982281000055, 4.823732900999971], [7.056143157000065, 4.822423904000118], [7.065491757000132, 4.81924581300018], [7.076556321999988, 4.813961973000119], [7.078478740999969, 4.822803970000109], [7.084094042000174, 4.832550069000149], [7.093821005000052, 4.839000247000058], [7.103980116000116, 4.842183095000166], [7.11733003900008, 4.842076818000123], [7.12837501000007, 4.841523141999971], [7.138498793999986, 4.840977150000128], [7.152400119000106, 4.850656952000065], [7.146018936000132, 4.85769989400012], [7.13734088700005, 4.865228173000162], [7.13545475300009, 4.867717893000076], [7.127839149000067, 4.867228478000186], [7.118164449000176, 4.867178657000068], [7.115599407000047, 4.868023362000088], [7.115289968000127, 4.872883605000141], [7.117259904000036, 4.87718355200019], [7.122925990000056, 4.882074617000114], [7.126011078999966, 4.884815580000179], [7.126119202000154, 4.896553017000087], [7.104446756000186, 4.89299489400014], [7.097636167000019, 4.903305972999988], [7.086643191000178, 4.909452895000015], [7.075163872000076, 4.912806953000086], [7.062797960000125, 4.919898965000129], [7.053143061000185, 4.921373851000169], [7.039434935000145, 4.934809224000048]]]}}, {"type": "Feature", "properties": {"adm2_name": "Obot Akara", "adm2_name1": null, "adm2_name2": null, "adm2_name3": null, "adm2_pcode": "NG003022", "adm1_name": "Akwa Ibom", "adm1_name1": null, "adm1_name2": null, "adm1_name3": null, "adm1_pcode": "NG003", "adm0_name": "Nigeria", "adm0_name1": null, "adm0_name2": null, "adm0_name3": null, "adm0_pcode": "NG", "valid_on": "2019-04-17", "valid_to": null, "area_sqkm": 234.8487319, "version": "v01", "lang": "en", "lang1": null, "lang2": null, "lang3": null, "adm2_ref_name": "Obot Akara", "sendist_en": "Akwa Ibom North West", "sendistpcode": "NG00302", "center_lat": 5.24345489, "center_lon": 7.60069561}, "geometry": {"type": "Polygon", "coordinates": [[[7.679185346000111, 5.298054147000073], [7.678989054000056, 5.298627798000041], [7.679695202000062, 5.303296102000104], [7.658549109000035, 5.335977016000186], [7.656283755000175, 5.333073098000057], [7.654581760000099, 5.331327891000171], [7.652317037000046, 5.328423951000048], [7.650613954999983, 5.326679296000066], [7.648910909000165, 5.324934059000157], [7.645482840999989, 5.323750980000057], [7.64147497700003, 5.323142071], [7.638045821000162, 5.321959935999985], [7.634605630000181, 5.321931822000181], [7.630598933000044, 5.321321946000182], [7.628889900000161, 5.320155195000154], [7.625466899000173, 5.318396047000078], [7.622032871000044, 5.317791050000039], [7.618012880000094, 5.318335116000128], [7.615707968000152, 5.319470881000029], [7.61283599300009, 5.320025022000152], [7.609962882000161, 5.32057913500006], [7.607642375000069, 5.323445801000105], [7.606465946000185, 5.326322063000077], [7.603020147999985, 5.326870972000108], [7.601316752000116, 5.325126213999965], [7.59903631800006, 5.323953188000075], [7.596764799000141, 5.321627197999987], [7.59505700800014, 5.320457904000079], [7.591633610000031, 5.318698844000039], [7.587619723000046, 5.31866694200005], [7.583015866000039, 5.320361179000145], [7.581852140000024, 5.322083022000072], [7.578973931000178, 5.323214068000027], [7.575521937000019, 5.324339888000111], [7.572082865000027, 5.324313170000039], [7.568091988000162, 5.321971936000125], [7.566383155000096, 5.320804040000098], [7.564691795000101, 5.317903934000128], [7.562449819000051, 5.312692147000121], [7.560764730000187, 5.30921596100012], [7.5590559850001, 5.308046771000022], [7.556207149000102, 5.30629303500001], [7.551620249, 5.306255783000154], [7.549321429000031, 5.306815088000121], [7.546436992000054, 5.30852319700017], [7.543559334000179, 5.309654243000125], [7.540698108000015, 5.309052894000047], [7.537848226000108, 5.307299158000035], [7.535015956000109, 5.303813032000107], [7.534471206000148, 5.300922884000045], [7.535635089000095, 5.299201043000153], [7.538529697000115, 5.296339095000121], [7.540279143000078, 5.293467044000067], [7.543169133000106, 5.291182088000028], [7.545491070000139, 5.288314834000118], [7.547227981000049, 5.286598221000077], [7.549555507000036, 5.283154046000163], [7.551299154, 5.280858966000153], [7.551894862999973, 5.278554936000091], [7.553071011000156, 5.27567912100011], [7.553099265000185, 5.272792826000114], [7.55198695200005, 5.269320994999987], [7.549722291000023, 5.266417945000171], [7.548030740000115, 5.263517884000066], [7.545766150000134, 5.260613975000069], [7.543495917000143, 5.258286947999977], [7.542372428000022, 5.255969990000153], [7.54183900400011, 5.251924926000129], [7.54187300100017, 5.248463160000028], [7.541901894000148, 5.245576847000052], [7.541930228000183, 5.242691958000023], [7.541390611000054, 5.239223934000108], [7.541413838000096, 5.236916073000032], [7.542028222000113, 5.232881113000133], [7.541489186000092, 5.229413942000065], [7.541518078000024, 5.2265282030001], [7.541552061000061, 5.223065840000061], [7.541030040000123, 5.217866848000142], [7.54050915800002, 5.212668007000161], [7.540543165000088, 5.209206070000164], [7.540572066000095, 5.206319772000086], [7.540033079000182, 5.202853152000102], [7.54007276100009, 5.198812909000026], [7.539523010000153, 5.196500789000083], [7.540123766000136, 5.19362016700012], [7.539574026000082, 5.191307047], [7.539041295000175, 5.187262971999985], [7.533421826000165, 5.175673963000065], [7.528978678000101, 5.161210042000164], [7.527884006000079, 5.156005894000145], [7.529046889000142, 5.154283991000057], [7.530807087000085, 5.150259029000097], [7.541110883000158, 5.152072889000067], [7.551958868000042, 5.156777870999974], [7.554246027000033, 5.157373882000172], [7.557101014000068, 5.158551251000176], [7.561103011000171, 5.159738049000111], [7.563385128999982, 5.160911052000131], [7.565679085999989, 5.160929191000093], [7.567387174000089, 5.162096948000169], [7.569095824999977, 5.163265255000113], [7.571945307000021, 5.165019960999985], [7.573653988000103, 5.166187764000085], [7.575363251000056, 5.167356044000087], [7.577065238000102, 5.169101206999983], [7.578762746000052, 5.171422987000085], [7.581594963000157, 5.174909143000036], [7.585023142000011, 5.176091186000065], [7.587317174000134, 5.176109763000056], [7.589610101000062, 5.17612789500015], [7.591904150000062, 5.176146998000036], [7.597643139000184, 5.175615780000157], [7.600515134000034, 5.175062186], [7.605102099000021, 5.175098904000038], [7.607975205000059, 5.174544830000173], [7.609716823000099, 5.172251219000032], [7.612028081000062, 5.170537965000051], [7.614901141000075, 5.169983836000085], [7.617187915000102, 5.170578969000076], [7.620048761000021, 5.171179779], [7.622343336000085, 5.171197915000107], [7.624630126000113, 5.171793928000113], [7.626918049000153, 5.172389986000042], [7.631319795000024, 5.174093116000108], [7.631800182000063, 5.174012188000177], [7.635790836000012, 5.175029849000055], [7.63978185000019, 5.175796743000092], [7.64775530300011, 5.179837171000088], [7.650907258000018, 5.181818027000077], [7.652593204000084, 5.185294165000073], [7.653721527000073, 5.187035164000179], [7.654846073000044, 5.189353045000189], [7.655957973000056, 5.192823863000115], [7.657081978000065, 5.19514173500005], [7.657626981000135, 5.198031856000171], [7.658743855000125, 5.200926764000087], [7.659288879000144, 5.203816881000023], [7.659248810000122, 5.20785711100018], [7.660893778000116, 5.215373099000146], [7.660859797000057, 5.218834895000043], [7.660837316000084, 5.221144154000058], [7.660217635000038, 5.225756209], [7.659622121000154, 5.228059716000075], [7.659024923000118, 5.23036291700015], [7.65899695100012, 5.233249222000154], [7.658973904999982, 5.235558071000128], [7.659523893000028, 5.237870154], [7.659489875000077, 5.241332947000103], [7.659460784000032, 5.244217821000063], [7.659999828000082, 5.247684978000109], [7.661128949000158, 5.249425933000055], [7.662837746000037, 5.250595073000113], [7.665136611000094, 5.250035759000014], [7.668004190000147, 5.250059110000109], [7.670870627000056, 5.250081989000137], [7.674872855999979, 5.251268884000183], [7.677732726000045, 5.251869178000106], [7.680589408000117, 5.253047041000173], [7.682298292000098, 5.254213831000072], [7.684006052000029, 5.255383016000053], [7.685702951, 5.257705267000119], [7.688136527000097, 5.259782750000113], [7.683398502000045, 5.264694535], [7.680886832000056, 5.268696164000062], [7.67837204000017, 5.273700568000095], [7.678097418000164, 5.280718333000152], [7.679043031000163, 5.295511407000049], [7.679185346000111, 5.298054147000073]]]}}, {"type": "Feature", "properties": {"adm2_name": "Obubra", "adm2_name1": null, "adm2_name2": null, "adm2_name3": null, "adm2_pcode": "NG009014", "adm1_name": "Cross River", "adm1_name1": null, "adm1_name2": null, "adm1_name3": null, "adm1_pcode": "NG009", "adm0_name": "Nigeria", "adm0_name1": null, "adm0_name2": null, "adm0_name3": null, "adm0_pcode": "NG", "valid_on": "2019-04-17", "valid_to": null, "area_sqkm": 1144.68183169, "version": "v01", "lang": "en", "lang1": null, "lang2": null, "lang3": null, "adm2_ref_name": "Obubra", "sendist_en": "Cross River Central", "sendistpcode": "NG00901", "center_lat": 6.01531095, "center_lon": 8.41466668}, "geometry": {"type": "Polygon", "coordinates": [[[8.473115204000123, 6.284353217000103], [8.467612429000042, 6.286098952999964], [8.459634915000095, 6.287301940000134], [8.452780832000087, 6.28620198700014], [8.44708512900013, 6.287388734000046], [8.442521942000155, 6.28741983000009], [8.436818366000068, 6.287459839000121], [8.431113088000131, 6.287498905000177], [8.4265415160001, 6.28638320500005], [8.420837382000116, 6.286421834000123], [8.416264747000014, 6.285305023000035], [8.410900010000148, 6.282116387000144], [8.41284843200009, 6.27914958000008], [8.409429669000076, 6.274952682000105], [8.407853238000143, 6.270589620000067], [8.407859638000104, 6.266625556000179], [8.409052463000137, 6.263456204000136], [8.417315503000111, 6.259611516000177], [8.411189254000078, 6.246132432000081], [8.405286027000045, 6.237050570000065], [8.398408152000059, 6.235293825000099], [8.393266044000029, 6.232510510000111], [8.389716506000127, 6.224180004000061], [8.383796042000029, 6.213466981000124], [8.37312463699999, 6.203142228000047], [8.367986587000132, 6.19837638000007], [8.356911518000118, 6.192807441000184], [8.351372581000021, 6.191211943000155], [8.347416089000035, 6.190015667000068], [8.344253003000176, 6.187631645000181], [8.342674900000077, 6.184853854000153], [8.340923332000102, 6.183445545000041], [8.335355554000046, 6.185738114000117], [8.330331127000079, 6.189924881000024], [8.320520668000029, 6.177281531], [8.317364323000106, 6.171726011999965], [8.31776362700009, 6.169744721000086], [8.320543429000054, 6.16499289800015], [8.319365603000165, 6.159837377000144], [8.316601332000118, 6.156264595000152], [8.312254190000147, 6.152688706000106], [8.307915551000065, 6.144355893000125], [8.30832141000019, 6.139203325000153], [8.309913988000176, 6.134052996000037], [8.313495685000134, 6.123753061000059], [8.315412110000125, 6.117651583000054], [8.314921516000027, 6.116261894000104], [8.30947182300008, 6.112629360000085], [8.30200268600015, 6.10813622500001], [8.301960004000023, 6.102396013000089], [8.300775273000113, 6.09666295300002], [8.298452518000033, 6.090939003000187], [8.2984093230001, 6.085197934000064], [8.29835021600013, 6.077161849000106], [8.298229260000028, 6.067536786000176], [8.29148399900015, 6.055393709000043], [8.28884041900011, 6.045703421000155], [8.287519476000114, 6.028965476000167], [8.28663801600004, 6.016632620999985], [8.282233481000048, 6.004739753000081], [8.274305058000095, 5.999013896000179], [8.263733856000158, 5.996811351000076], [8.258448465000072, 5.998132628000064], [8.25404381500016, 6.005180392000057], [8.252722995999989, 6.012228045000086], [8.249199112000099, 6.015751307000073], [8.244793877000063, 6.017953886000157], [8.238187073000176, 6.014870596000151], [8.230259066000087, 6.012668193000081], [8.222770644000093, 6.014430092999987], [8.21484273600015, 6.012228077999964], [8.204271500000175, 6.004299624000168], [8.193699676000108, 5.991966201000139], [8.17960528600014, 5.979192794000085], [8.172950841000102, 5.973770676000186], [8.175640092000151, 5.969064217000039], [8.178833994000115, 5.9608788110001], [8.183355170000084, 5.955107252000118], [8.187875647999988, 5.949336042000084], [8.19241348200012, 5.945859977000168], [8.196958310000127, 5.943532009000137], [8.202655685000138, 5.942345191000129], [8.207202102000167, 5.940018228000099], [8.214030421000189, 5.937674084000093], [8.218584984000188, 5.936494874000061], [8.223139500000059, 5.935315183000057], [8.226545283000064, 5.932995738999978], [8.229958761000034, 5.93182426900006], [8.232224636000012, 5.929511980000143], [8.234487674000036, 5.927199802000132], [8.23675348800009, 5.924889023], [8.240141833000052, 5.920272844000067], [8.241256618000023, 5.916820966999978], [8.24123102700014, 5.91337675900013], [8.238924192000127, 5.909947864], [8.236625746000016, 5.907668110000031], [8.235459316000174, 5.904231980000134], [8.233159785000055, 5.901950794000015], [8.22971165600012, 5.898531037000168], [8.228545894000092, 5.895093885000165], [8.228511564000144, 5.890501922000055], [8.229618042000027, 5.885901920000151], [8.230716771000061, 5.880154166000125], [8.23297287500003, 5.876694247000103], [8.236370276, 5.873227106], [8.239757612000176, 5.868610920000151], [8.24430456500005, 5.866282938000097], [8.250000013000033, 5.86509608200015], [8.25341392900009, 5.86392496600007], [8.256845721000161, 5.865048876000117], [8.260276960000112, 5.866172752000068], [8.263707110000041, 5.86729816899998], [8.267137262000176, 5.868422960000089], [8.271666603000028, 5.863799155000038], [8.27618005, 5.856879242000105], [8.28069221900006, 5.849958860000186], [8.285196288000122, 5.841891784000097], [8.288567417000081, 5.834980089000112], [8.290798329000097, 5.828075873000103], [8.294169226, 5.821164122000141], [8.296408483000107, 5.815408193000053], [8.298647652, 5.809651823000024], [8.30653947500008, 5.796967981000023], [8.31103489200018, 5.787753118000069], [8.315547235000054, 5.780832719000102], [8.31778646500004, 5.775076930000182], [8.320042802000103, 5.771616889000143], [8.322307674000115, 5.769305290000091], [8.32341375600015, 5.764705135000099], [8.32566997500004, 5.761246188000143], [8.327926708000177, 5.757785839000121], [8.330182271000183, 5.75432588100017], [8.332438363000165, 5.750865909000083], [8.334703601000172, 5.748554232], [8.338215140000045, 5.742806980000182], [8.340779460000078, 5.744668932000081], [8.348749324000153, 5.749303804000022], [8.354440631000045, 5.752778004000106], [8.358996482000123, 5.75509786900011], [8.368107783000028, 5.759737020000159], [8.378344311000035, 5.767829937000158], [8.38516714400015, 5.773609218000047], [8.395409707, 5.780552797000041], [8.404509356, 5.787490838000053], [8.413611583000034, 5.794428801000038], [8.420443620000185, 5.797908739000036], [8.426135784000053, 5.801383074], [8.43183323200003, 5.803709058000095], [8.434116576000122, 5.803719101000127], [8.438688418000027, 5.802590863000034], [8.444417258000101, 5.79801888500009], [8.450149354000132, 5.792298809000044], [8.455884100000162, 5.786578220000024], [8.462759714000072, 5.780861906000098], [8.466210345000036, 5.775131158000022], [8.47537430900013, 5.768277150000131], [8.480934287000082, 5.761620968000045], [8.481999235000046, 5.764761038000188], [8.482025392000025, 5.768206097000018], [8.482058372999973, 5.772798048000084], [8.482101578000083, 5.778538284000035], [8.482127165000179, 5.781981932000065], [8.48331943100004, 5.788863194000101], [8.48449408800019, 5.793447012000115], [8.485676756000146, 5.799179109000022], [8.483437759000083, 5.804934918000072], [8.482348374000082, 5.811831039000026], [8.47897715300013, 5.818743261000122], [8.476737931000116, 5.824499174000039], [8.474515659000133, 5.83255096900001], [8.472268342000064, 5.837159126000188], [8.468896700000187, 5.844070971000178], [8.465525503000038, 5.850983192], [8.465576378000037, 5.857871028999966], [8.464495523999972, 5.86591481], [8.464546381, 5.872803217000012], [8.464606280999988, 5.880839755000068], [8.46467408300009, 5.890024182000161], [8.466998175000185, 5.89574909900017], [8.4704377220001, 5.898021279000091], [8.476167546000113, 5.901425797], [8.480748076, 5.903689901000121], [8.488767843, 5.908227953999983], [8.494489432000137, 5.910483886000122], [8.499069061000057, 5.912748759000067], [8.502517553000075, 5.916170062000049], [8.503692858000079, 5.920753928000067], [8.502576593000185, 5.924205746000041], [8.499180110000111, 5.927673797000011], [8.49692450300006, 5.931134200999963], [8.493535893000171, 5.935749939000175], [8.48902332400013, 5.94266897600005], [8.484511139000062, 5.949588808000044], [8.4845532760001, 5.955328895000093], [8.486860988999979, 5.958756916000141], [8.489168190000044, 5.962185791000081], [8.49260792300015, 5.964458053000158], [8.493125001000124, 5.964970816], [8.49830967600019, 5.974447392], [8.503316729000119, 5.982835128000033], [8.515021804000071, 5.987041282000064], [8.519788094999967, 5.988002864], [8.52246569200014, 5.990659267000183], [8.52934446300003, 5.995203958000047], [8.533942188000026, 5.999764971000047], [8.540838160000078, 6.006606028000022], [8.543162475000088, 6.012330990000123], [8.543205536000187, 6.018071187000032], [8.540957375000062, 6.022678883000026], [8.537560345000031, 6.026146], [8.531889960000058, 6.030777981000142], [8.523955312999988, 6.037721141000134], [8.52054988700013, 6.040040957000031], [8.51714440100011, 6.042360721000136], [8.512598132000107, 6.044688269000176], [8.508060417000081, 6.048162940000168], [8.501240520000067, 6.051654765000137], [8.496686013000044, 6.052834954], [8.493413705000023, 6.057397421000132], [8.490117918000067, 6.058495488000119], [8.489019176000113, 6.062340216999985], [8.485175135000134, 6.062889539000139], [8.48462567700011, 6.071677678000128], [8.481879004000177, 6.079367154000067], [8.477485784000123, 6.087056646000178], [8.473640480000086, 6.094196830000158], [8.464852386000189, 6.096943376000013], [8.458245963000081, 6.100171064000108], [8.454866577000075, 6.105935134000049], [8.453751544999989, 6.109386913000151], [8.456065381000144, 6.11561780500017], [8.459360140000172, 6.119462427000144], [8.465950868000164, 6.128799919000187], [8.466500464000148, 6.138137269000026], [8.458261322, 6.147474296000155], [8.450572036000096, 6.150770165000097], [8.445079932000056, 6.148572847000025], [8.442683054000156, 6.155386943000167], [8.44384941200002, 6.158822950000172], [8.44387521900012, 6.162268110000127], [8.448374849000118, 6.166698477000125], [8.448374507000096, 6.172190615000147], [8.447277270000143, 6.177134015999968], [8.444530649000171, 6.182626659000164], [8.442882495000049, 6.187569634000113], [8.438488840000048, 6.193062273000123], [8.435012608000022, 6.197919878000107], [8.434094174000052, 6.205695136000031], [8.42805303299997, 6.204047187000015], [8.426404847000072, 6.20953985], [8.428602020000028, 6.215032603], [8.43025004400016, 6.223820242000158], [8.435192842, 6.229312958000037], [8.444530510000106, 6.229312846000028], [8.446727473000067, 6.233706938000125], [8.445024336000074, 6.24016376600008], [8.442882743999974, 6.247987752000142], [8.446856380000156, 6.251154896000173], [8.450572181000041, 6.251283130000104], [8.45967865300014, 6.252253935000056], [8.468105310000055, 6.252986442000179], [8.474739212000031, 6.252930616000185], [8.477213016000121, 6.254736456000046], [8.478045341000154, 6.259317467000074], [8.474193570000011, 6.262232296000093], [8.468259905000139, 6.263169224000023], [8.465780451000171, 6.26327795100002], [8.463379803000123, 6.263165915000172], [8.46008118900005, 6.265633091000041], [8.459300885000118, 6.269182735000072], [8.460257327000079, 6.272531046000097], [8.462380312000107, 6.274557162000065], [8.463991377000127, 6.275765446000037], [8.466906763999987, 6.277952239000058], [8.469821038000077, 6.281700110000088], [8.473115204000123, 6.284353217000103]]]}}, {"type": "Feature", "properties": {"adm2_name": "Obudu", "adm2_name1": null, "adm2_name2": null, "adm2_name3": null, "adm2_pcode": "NG009015", "adm1_name": "Cross River", "adm1_name1": null, "adm1_name2": null, "adm1_name3": null, "adm1_pcode": "NG009", "adm0_name": "Nigeria", "adm0_name1": null, "adm0_name2": null, "adm0_name3": null, "adm0_pcode": "NG", "valid_on": "2019-04-17", "valid_to": null, "area_sqkm": 467.75190303, "version": "v01", "lang": "en", "lang1": null, "lang2": null, "lang3": null, "adm2_ref_name": "Obudu", "sendist_en": "Cross River North", "sendistpcode": "NG00902", "center_lat": 6.56035589, "center_lon": 9.08028058}, "geometry": {"type": "Polygon", "coordinates": [[[9.16819703300007, 6.686731710000174], [9.167671369000061, 6.68655929900018], [9.165389850000054, 6.68657504000015], [9.158527372000151, 6.684326205000161], [9.153963824000016, 6.684358115000123], [9.149400830000161, 6.684389097], [9.146689415000083, 6.681962579000185], [9.144863650000104, 6.681090432000019], [9.143911261000085, 6.680773188000103], [9.14264132500017, 6.680614866000099], [9.139228244000094, 6.680140038000104], [9.13668841000009, 6.679903081000134], [9.136024966000093, 6.680005331000075], [9.129058021000162, 6.675517982000088], [9.123076398000023, 6.673089870000126], [9.117329450000057, 6.667387947000066], [9.115818618000105, 6.666533351000055], [9.111662387000024, 6.659887567000112], [9.100693780000142, 6.654406774000051], [9.087375849000182, 6.651276409000104], [9.085528078000152, 6.651646447000189], [9.082967638000184, 6.649254752000104], [9.077238003000161, 6.645850085000063], [9.070367554000029, 6.642453196000076], [9.058959107000135, 6.642531786], [9.047559841, 6.643758698000113], [9.035036194000043, 6.647288664000143], [9.027076021000028, 6.650787928000113], [9.022545918999981, 6.655412334000118], [9.018033907000074, 6.662332056000139], [9.011239771000135, 6.669267056000024], [9.004445914000144, 6.676201928000012], [8.997651818, 6.683137801000044], [8.992015986000183, 6.692361018000156], [8.98738480500009, 6.683207945], [8.985069022000062, 6.678631801999984], [8.982752743000162, 6.674055941], [8.980446053000094, 6.670627018000062], [8.97928038599997, 6.6671911090001], [8.975822710000045, 6.662621894000154], [8.973516731000132, 6.659194074000027], [8.971208517000093, 6.655765962000089], [8.971182808000037, 6.652320779000036], [8.971147561000066, 6.647728899000072], [8.972255480000172, 6.643128903000104], [8.974504282000055, 6.638521077000064], [8.979049888000077, 6.636194341000135], [8.981313702000023, 6.633882125000127], [8.983578599000111, 6.631569895000098], [8.98812463500019, 6.629241917000058], [8.991513427000086, 6.624627241000155], [8.992628921000176, 6.621174727000152], [8.99374382200017, 6.617723063000028], [8.99598315500009, 6.611966976000076], [8.997099126000137, 6.608514744000047], [8.997073159000024, 6.605070965000152], [8.99817103800018, 6.599322759000074], [8.998120233000122, 6.592433789000097], [8.996936580000181, 6.586701972000071], [8.995762005000074, 6.582117979000088], [8.994560961000161, 6.574089067000159], [8.992237325000133, 6.568365120000067], [8.989921634000098, 6.563787858000012], [8.986447374000022, 6.556923915000084], [8.98296539200004, 6.548910978000151], [8.980641541000068, 6.543186099000138], [8.978325600000062, 6.53860988800011], [8.971412785000155, 6.529472803000033], [8.966789162000111, 6.521468076000019], [8.961033576000148, 6.514618927000072], [8.956610107000188, 6.50864217000003], [8.96833695500004, 6.508643372000108], [8.973363223000035, 6.508643772000141], [8.97755147200013, 6.504453699000123], [8.980064905000177, 6.498587493000059], [9.00351817699999, 6.4617128430001], [9.021942929000033, 6.44746509700019], [9.045392039000092, 6.437406212000042], [9.06381556500014, 6.432374958000139], [9.071352671000113, 6.431535705000044], [9.08056537900012, 6.433209777], [9.087266732000103, 6.439912728000138], [9.10737455100002, 6.465887474999988], [9.119253178000065, 6.485274394000101], [9.119613635000121, 6.485556303000067], [9.138376437000034, 6.500237866000077], [9.152619241000082, 6.507774814000186], [9.160160256999973, 6.512800083000059], [9.164351125000167, 6.517826439000089], [9.16435375600014, 6.52369306200012], [9.16435713800007, 6.531235644000162], [9.173587862000147, 6.56475397600002], [9.174432891000151, 6.579838732000098], [9.174438874000032, 6.592409492000115], [9.177795605000028, 6.604140797000127], [9.18283224400011, 6.623413804000052], [9.187031533000038, 6.641849023000077], [9.187037951000036, 6.654419770000061], [9.18204775300012, 6.661686506000024], [9.181216248000169, 6.666947940000171], [9.181259217000104, 6.672689025000068], [9.181292563, 6.677280899000039], [9.180177563000143, 6.680733127000053], [9.177929960000029, 6.685340800000176], [9.175674416000106, 6.68879977], [9.171102351000116, 6.687684073000185], [9.16819703300007, 6.686731710000174]]]}}, {"type": "Feature", "properties": {"adm2_name": "Odukpani", "adm2_name1": null, "adm2_name2": null, "adm2_name3": null, "adm2_pcode": "NG009016", "adm1_name": "Cross River", "adm1_name1": null, "adm1_name2": null, "adm1_name3": null, "adm1_pcode": "NG009", "adm0_name": "Nigeria", "adm0_name1": null, "adm0_name2": null, "adm0_name3": null, "adm0_pcode": "NG", "valid_on": "2019-04-17", "valid_to": null, "area_sqkm": 1354.6185809, "version": "v01", "lang": "en", "lang1": null, "lang2": null, "lang3": null, "adm2_ref_name": "Odukpani", "sendist_en": "Cross River South", "sendistpcode": "NG00903", "center_lat": 5.17935078, "center_lon": 8.20538651}, "geometry": {"type": "Polygon", "coordinates": [[[8.139670435000028, 5.287423078000018], [8.127129423000099, 5.283916987000111], [8.119149468000046, 5.281581835000168], [8.107737682000163, 5.280379796000091], [8.0985964730001, 5.282637137999984], [8.090589565000187, 5.286047947000043], [8.083724830000165, 5.289464969000164], [8.075723899000138, 5.291727007000077], [8.068864079999969, 5.293993913000065], [8.062009931000148, 5.295112096000139], [8.057432961000188, 5.297390000000121], [8.051720511000042, 5.298512919000018], [8.047148683000103, 5.299641136000048], [8.041430328000104, 5.301914153999974], [8.035712477000175, 5.304185842000038], [8.031130542000028, 5.307612845000165], [8.027690891000077, 5.311046094000119], [8.025391325999976, 5.314484042000174], [8.025364842000101, 5.320230066000079], [8.025343651000014, 5.324828199000081], [8.026470201000166, 5.328281935000064], [8.027596201000051, 5.331735111000114], [8.027574466000146, 5.336332832000153], [8.02755330399998, 5.340929963000121], [8.026391893000095, 5.345522942000059], [8.026365401000021, 5.351270237000165], [8.028627602000086, 5.355877838000083], [8.028606449000165, 5.360475985000164], [8.030852301000039, 5.368532140000127], [8.034251406000124, 5.374293863], [8.03536597599998, 5.380046838000055], [8.036486403000083, 5.384648829000014], [8.038744230000077, 5.390407084000174], [8.039858904000141, 5.396159191000095], [8.03983319100007, 5.401906034000149], [8.04094791500006, 5.407659005000028], [8.040922221000073, 5.413404995000064], [8.039764323000043, 5.416848151000067], [8.042233636000162, 5.423669754], [8.037282018999974, 5.427270349000139], [8.032780725000066, 5.432221465000168], [8.028280054999982, 5.435822020000103], [8.026479576000156, 5.438522736999971], [8.023778810000124, 5.44257352700015], [8.021078891000116, 5.447974676], [8.01904874500002, 5.453535135000095], [8.017027920999965, 5.458326809000084], [8.015227503000062, 5.462827730000072], [8.014327229000173, 5.473180276000107], [8.013426987000116, 5.483082358000161], [8.01702793000004, 5.491183764000027], [8.017928123000047, 5.494334671999979], [8.018828426000027, 5.497034990000145], [8.018828317999976, 5.501085780000096], [8.019959306000146, 5.504114089000097], [8.016514083000118, 5.508696079000117], [8.013057527000115, 5.515575874000149], [8.01075457900015, 5.520163004999972], [8.00617788300002, 5.522440962000076], [8.001800301000173, 5.523155295000151], [7.999322657000164, 5.523559117000161], [7.995899138000141, 5.523542923000036], [7.990191179000135, 5.523517163000065], [7.98562461, 5.523496173000069], [7.978775872000028, 5.52346521100003], [7.973063023000122, 5.524588160000121], [7.967354499000123, 5.524560893000057], [7.965076702000033, 5.523402196000063], [7.957087173000048, 5.523365056000159], [7.94795514700013, 5.523323025000138], [7.943388009000046, 5.523302061000038], [7.938821998000037, 5.523281059000055], [7.93539791, 5.523264870000048], [7.93197269500007, 5.523249072000169], [7.927412291, 5.522078918000147], [7.914861313000188, 5.520872066000152], [7.920620984000038, 5.509404238], [7.921783130000108, 5.504810766000105], [7.924092691000169, 5.499074904000167], [7.926406684000028, 5.492188919000171], [7.928716093000048, 5.48645302500006], [7.931040556000085, 5.4772681500001], [7.934503304000089, 5.46923786800005], [7.939105949000123, 5.461213108000038], [7.943693411000083, 5.456635998000081], [7.947137926000096, 5.452054980000128], [7.950584057000015, 5.447473081000169], [7.954035053000098, 5.441741004999983], [7.956337648000101, 5.437153810000154], [7.958647941000038, 5.431417999000132], [7.959815993000063, 5.425675828000124], [7.964424154000028, 5.416502040000069], [7.969032084999981, 5.407328172000064], [7.972493342000121, 5.399298216000034], [7.97366105600014, 5.393556123], [7.978248386000075, 5.388978998000141], [7.980556910000132, 5.383243055000094], [7.984012816000075, 5.376361835000068], [7.986322870000038, 5.370625006000125], [7.986339129999976, 5.367177011000024], [7.987501126000041, 5.362585014000103], [7.986369969000123, 5.360281014000066], [7.985238846000072, 5.357976862000044], [7.98296574200009, 5.355668118000153], [7.977264179000088, 5.354492152000034], [7.972698011000091, 5.354471272000069], [7.968125796999971, 5.355598907], [7.962418785000125, 5.355573115000027], [7.957847076000121, 5.356701919000159], [7.949857237000117, 5.356665165000152], [7.941861249000056, 5.357778085], [7.933869691000154, 5.35774084600007], [7.92015587100019, 5.361125961000084], [7.912165347000041, 5.361089231999983], [7.901881190000097, 5.363340797000035], [7.890454902000045, 5.36558717600019], [7.880370181000103, 5.366795550000177], [7.881334648000063, 5.36259509000007], [7.884815074000073, 5.35858206], [7.888289723000071, 5.355147856000087], [7.891764310000042, 5.35171321100006], [7.896386398, 5.348288062000051], [7.900422157999969, 5.346012102000032], [7.903317130000062, 5.343149108000148], [7.904481095, 5.34142682099997], [7.903936190000138, 5.338537238000072], [7.901671694000186, 5.33563287100003], [7.899390244000074, 5.33445974100016], [7.89653391000013, 5.333283006000045], [7.89366225700013, 5.333837097000128], [7.889636827000118, 5.334959053999967], [7.887338353000018, 5.33551696800015], [7.882172185000172, 5.336051947000101], [7.878726158000063, 5.336602179000124], [7.875853882000058, 5.337155850000045], [7.872963908000031, 5.339440876000083], [7.870653954000034, 5.341154166000081], [7.86834283800016, 5.342866011000069], [7.865476221, 5.342843962000074], [7.862031235000075, 5.343392911000137], [7.859164067000165, 5.343368996000038], [7.856290578000028, 5.34392404700003], [7.851704891000111, 5.34388590400016], [7.848831962000133, 5.344439917000102], [7.845976835999977, 5.343263087000025], [7.84198627100011, 5.340921895000122], [7.840874420999967, 5.337450964000084], [7.842617055000119, 5.335155907], [7.844353925000121, 5.33343788600007], [7.846665075000033, 5.331726044000163], [7.849249826000118, 5.329489712000054], [7.851291961000015, 5.327723024000079], [7.85418085200007, 5.325438018], [7.85592391800003, 5.323143046000041], [7.857093765000116, 5.320844142000055], [7.857689886000117, 5.3185410480001], [7.860000886000023, 5.316827695000029], [7.862885050000102, 5.315118816000108], [7.865183986999966, 5.314560927000059], [7.867472060000011, 5.315155971000081], [7.869759009000177, 5.315752977000102], [7.872041397000032, 5.316925019000053], [7.874896954000121, 5.318101944000034], [7.879489155000044, 5.317562048000127], [7.882356126, 5.317584970000041], [7.885801965000098, 5.317036110000117], [7.888667826000187, 5.31705898000007], [7.892114203000119, 5.316510211000036], [7.895571383000174, 5.314805906000117], [7.900181071000191, 5.312534795999966], [7.901913014000058, 5.31139521800003], [7.904796919000034, 5.309687137000026], [7.907107087000043, 5.307973927000035], [7.909412146000079, 5.306838010999968], [7.912880998, 5.303979913000148], [7.916361069000118, 5.299969261000115], [7.919829803000027, 5.297111077000068], [7.922725342000092, 5.294249076000142], [7.92620636200013, 5.290236906000132], [7.929696845000024, 5.285070916000109], [7.931457782000166, 5.281044886000075], [7.933796837000159, 5.276446881000027], [7.934971667000013, 5.273570971000083], [7.93557395300013, 5.270689018000155], [7.93560314900003, 5.267804113000068], [7.936199226999975, 5.265501019000112], [7.936083823000047, 5.262585597000111], [7.936598925, 5.260053100000107], [7.937766776000103, 5.254311096000038], [7.940071207000074, 5.249722984000186], [7.943515527000159, 5.245141975000138], [7.948098077000054, 5.241714085000183], [7.953822146000164, 5.238293210000052], [7.961823244000129, 5.23603102800007], [7.966410436000047, 5.231453884000075], [7.96871928000013, 5.225717990000135], [7.969827719000136, 5.220265383000083], [7.973348246000171, 5.211946019000095], [7.976094038000156, 5.20829443700012], [7.984367476000102, 5.205776190000051], [7.992694983000149, 5.206701739000152], [8.003335028000095, 5.219193045], [8.006573901000081, 5.225669864000054], [8.009812468000064, 5.238161079], [8.016752377000103, 5.246951104000175], [8.026467429000093, 5.24787620800015], [8.034794792000184, 5.243249978000165], [8.05515010300013, 5.217342435000035], [8.061627526000052, 5.206239255000071], [8.064713719000054, 5.200066309000022], [8.065576714000144, 5.199131296000189], [8.066832717000068, 5.196375695000029], [8.068587935000153, 5.193621234000091], [8.071099189000108, 5.188360672000044], [8.072605081000177, 5.18535486900015], [8.07336307200012, 5.181845508000094], [8.073875508000015, 5.176830642000141], [8.072883432000026, 5.174069229000168], [8.070893642000044, 5.170803678000084], [8.068158019000123, 5.166031328000088], [8.066420097, 5.162013999000123], [8.065684375000046, 5.156745126000033], [8.065447886000129, 5.151477623], [8.064817521000123, 5.145511089000024], [8.069683288000078, 5.135974906000115], [8.074797606000118, 5.131106878000026], [8.081890905000023, 5.127406085000189], [8.095214979000048, 5.115192414000092], [8.09928607, 5.107050437999987], [8.10039609200004, 5.081142905000036], [8.100026091000075, 5.062637312000163], [8.098175186000105, 5.043021676000023], [8.100026138000146, 5.033398607000095], [8.10261624500015, 5.023776013000088], [8.115570168000033, 5.002679834000105], [8.12223270000004, 4.994167358000084], [8.125563354000121, 4.981954055000074], [8.128153576000045, 4.968999882000162], [8.136296165999966, 4.95789669200002], [8.149249969000039, 4.939391588000149], [8.153121180000142, 4.93852807899998], [8.171456115000069, 4.933469795000178], [8.17626838600006, 4.929768538000076], [8.197363919000168, 4.913484126000071], [8.20735764699998, 4.908302289000062], [8.215499875000091, 4.897199132000026], [8.22031134700012, 4.882024761000082], [8.222901529000183, 4.872772238000039], [8.230303849000165, 4.860188493000067], [8.240281275000086, 4.854086426000151], [8.24579740200005, 4.852643992000139], [8.250850876000186, 4.848344338], [8.253651610000077, 4.845960589000072], [8.262337439000135, 4.838610641000116], [8.266182910000111, 4.835324752000133], [8.2717293770001, 4.835405829000024], [8.272364631000073, 4.841752988000167], [8.271308158000124, 4.857595460000027], [8.26602736500007, 4.871325508999973], [8.259518772999968, 4.883510088000151], [8.25926522800006, 4.892133677], [8.262762764000058, 4.904217269000071], [8.27007678800004, 4.915665150000052], [8.280273553000029, 4.926099269000133], [8.283988207000107, 4.931766045000074], [8.28965405100007, 4.94098712300007], [8.294193389000156, 4.946754925000164], [8.299874148000072, 4.952527994000093], [8.305556225000089, 4.95830202999997], [8.30782887700019, 4.960609922000174], [8.311237341000151, 4.964075047999984], [8.313494636000144, 4.969831952999982], [8.311195379000026, 4.97326997000016], [8.307755297000142, 4.976702214999989], [8.305455944000073, 4.98014019600015], [8.303152143000148, 4.984726900000055], [8.301989658000139, 4.989318813000125], [8.301974122000104, 4.99276785800015], [8.30310555200009, 4.995070961000181], [8.304225902000098, 4.99967381100015], [8.306488273000127, 5.004282015000058], [8.30760869400018, 5.008884927000054], [8.309874443000183, 5.012343849999979], [8.31099605500009, 5.01694675300007], [8.312116569000068, 5.021550205000096], [8.31667209800014, 5.023869967000053], [8.320091103000152, 5.025034937000157], [8.3280773030001, 5.026220803], [8.333774504000132, 5.028545841000039], [8.337182736000045, 5.032010086000014], [8.33945003000008, 5.035469048000039], [8.339428837000185, 5.04006576800009], [8.339413650999973, 5.043513734999976], [8.338245437000126, 5.049255842000036], [8.338219910000078, 5.055003186000022], [8.335900239000068, 5.063037920000113], [8.33474723900008, 5.06870401600014], [8.335733139000126, 5.068953426000178], [8.338067638000098, 5.070522820000178], [8.339934578, 5.072091353000189], [8.341021961000024, 5.074128062000057], [8.341216455000108, 5.081772494000177], [8.344932482, 5.084918948999984], [8.352912968000055, 5.087254980000125], [8.360310809999987, 5.0891527980001], [8.360784, 5.089501712000185], [8.363742740000077, 5.090758989000051], [8.366388159000053, 5.092954812000073], [8.368564930000105, 5.095775839000169], [8.370897025999966, 5.098597119000033], [8.371830912000178, 5.099381294000125], [8.373545743000022, 5.098914723000178], [8.37760387700007, 5.095008811000127], [8.381665483000063, 5.092013657000109], [8.390556501000106, 5.09317495800002], [8.400836104, 5.092072990000133], [8.407590067000115, 5.11279296500004], [8.400735816000065, 5.113912064000033], [8.393861025000149, 5.119627042], [8.388131999000052, 5.124197944], [8.385822441000073, 5.12993480800003], [8.38466472000016, 5.133378026], [8.382355625000116, 5.139113867000049], [8.377759063000099, 5.145988964000026], [8.367432526000016, 5.157435852000162], [8.36284563400011, 5.162013016000174], [8.357110746999979, 5.167734156000108], [8.350246188000028, 5.171150196000156], [8.341088392000074, 5.176856061000024], [8.32849394100009, 5.184844034000037], [8.322770826000067, 5.188264840000102], [8.317042092000179, 5.192837249000149], [8.307271903000128, 5.197373654000046], [8.29568484900011, 5.21144690400007], [8.289842124000131, 5.211435578000021], [8.28483520300017, 5.210587639000153], [8.278999064, 5.207223756000076], [8.275663381000129, 5.205540941000038], [8.270171308000045, 5.207562972000062], [8.256446938000124, 5.21324773200007], [8.25186996400015, 5.21552609500003], [8.246153066000147, 5.217798249000055], [8.239292880999983, 5.220065099000067], [8.22099135200017, 5.228026819000149], [8.214126666000084, 5.231443888000172], [8.207251273000054, 5.237158727000065], [8.200391590000152, 5.239427105000175], [8.195815070000037, 5.241703931000075], [8.190096860000097, 5.243977037000036], [8.18552021700009, 5.24625484500001], [8.178660233000187, 5.248521832999984], [8.174083461000066, 5.250800072000118], [8.166071967000107, 5.25536111700012], [8.1592025060001, 5.259926749000044], [8.153467956000043, 5.265646996000044], [8.147734369000034, 5.271368024000026], [8.144293917000141, 5.274800815999981], [8.141995673000054, 5.27823781800015], [8.139691338999967, 5.282824935000178], [8.139680887000168, 5.285123794000071], [8.139670435000028, 5.287423078000018]]]}}, {"type": "Feature", "properties": {"adm2_name": "Ogba/Egbema/Ndoni", "adm2_name1": null, "adm2_name2": null, "adm2_name3": null, "adm2_pcode": "NG033016", "adm1_name": "Rivers", "adm1_name1": null, "adm1_name2": null, "adm1_name3": null, "adm1_pcode": "NG033", "adm0_name": "Nigeria", "adm0_name1": null, "adm0_name2": null, "adm0_name3": null, "adm0_pcode": "NG", "valid_on": "2019-04-17", "valid_to": null, "area_sqkm": 958.33095317, "version": "v01", "lang": "en", "lang1": null, "lang2": null, "lang3": null, "adm2_ref_name": "Ogba/Egbema/Ndoni", "sendist_en": "Rivers West", "sendistpcode": "NG03303", "center_lat": 5.44394754, "center_lon": 6.63688493}, "geometry": {"type": "Polygon", "coordinates": [[[6.669886308000059, 5.696277190000046], [6.671160460000181, 5.704226035000033], [6.661208439000177, 5.701823435000165], [6.652403696000079, 5.699925016000066], [6.648362529999986, 5.699899025000093], [6.643575156, 5.701710124000101], [6.632492589000094, 5.711216274000094], [6.627666925000142, 5.718920954000055], [6.626148363000084, 5.72363549500011], [6.618292829000097, 5.716906120000147], [6.613452776000088, 5.70204120600016], [6.614049524000052, 5.690699538000047], [6.60656681, 5.680008816999987], [6.606450136000149, 5.670234126000082], [6.608761396000034, 5.666173423000146], [6.61232512600003, 5.659912115000054], [6.617293701, 5.651000048000128], [6.621346011000071, 5.642564747], [6.617601505999971, 5.631519319000063], [6.613107152000111, 5.62667936400004], [6.60814477700012, 5.62125486900004], [6.603773667000098, 5.614925921000065], [6.602045135000083, 5.607666030000019], [6.601007801000037, 5.596949593000033], [6.596167946999969, 5.587615466000159], [6.593402364000042, 5.580010427], [6.591673857000103, 5.574479108000048], [6.587871672, 5.567911110000182], [6.584760123000081, 5.561688428000082], [6.579228776000093, 5.559268538000026], [6.568858294000165, 5.553391468000143], [6.55537603800019, 5.552354768000157], [6.54258497100011, 5.549243462000106], [6.530831348999982, 5.531958621000058], [6.533251165000024, 5.509833761000152], [6.536935738000125, 5.491936270000167], [6.537696893000145, 5.478424987000153], [6.538163688000168, 5.475804358000119], [6.536656005, 5.469584009000187], [6.534836751000114, 5.458974368000099], [6.52453038200008, 5.438663960000042], [6.517558185000098, 5.434420059], [6.512404374000084, 5.428660405000016], [6.508820501000116, 5.425673928000094], [6.505941377999989, 5.425829341999986], [6.499718659, 5.426520825000125], [6.494187330000045, 5.425138013000094], [6.489348013000097, 5.422718519999989], [6.483125094000115, 5.420644217000074], [6.47655668900012, 5.404050860000154], [6.485476966000022, 5.379205287000104], [6.5005980090001, 5.379403115000173], [6.51847516100014, 5.380016805000139], [6.52854924899998, 5.379838874000029], [6.540015304000065, 5.380566169000076], [6.552827764000028, 5.379875148000053], [6.561977843000136, 5.379249111000036], [6.569632174000049, 5.372142817], [6.56945792300013, 5.362852982999982], [6.568703251000045, 5.34706690500019], [6.567076170000178, 5.333620115000144], [6.563160091000043, 5.32021287200007], [6.555650307000064, 5.310586968000109], [6.548624035000103, 5.30234719300006], [6.541174890000093, 5.295972834000111], [6.530881853000096, 5.284537818000047], [6.532513007000034, 5.27382087400008], [6.537384887000087, 5.26490588900009], [6.547786345000077, 5.257751878000136], [6.566636039000059, 5.236972756], [6.552762079, 5.226540549999982], [6.54922998700016, 5.212652128000173], [6.555801570000028, 5.202908291000142], [6.56476458000003, 5.201940405000187], [6.578159880999976, 5.200599635000117], [6.588409132000095, 5.201239511000097], [6.605208656000059, 5.201922156000023], [6.62260403, 5.198604181000178], [6.624606886000151, 5.197187290000102], [6.629775025000129, 5.190967988000125], [6.633020006000095, 5.196032018999972], [6.639543108000169, 5.204371933000118], [6.646541917000093, 5.196471478000035], [6.651739557000099, 5.185351389], [6.657782139000176, 5.175666682000099], [6.663784429000145, 5.172273367000116], [6.670334460000049, 5.172315256000104], [6.67939673900014, 5.180380566000053], [6.69506377200014, 5.179907908000189], [6.717530319000161, 5.182233936000102], [6.715847848000124, 5.191180205000023], [6.715516984000089, 5.205167698000139], [6.710107806, 5.217799108000065], [6.717160098000022, 5.233593024000186], [6.720469067000124, 5.242890806000105], [6.727502819000165, 5.256822082000099], [6.730703554000058, 5.263938992000135], [6.730978592999975, 5.267359007000039], [6.730957420000095, 5.270790738000187], [6.730939776000071, 5.273650492], [6.73206334300005, 5.276231387000166], [6.734052121000104, 5.277101694000123], [6.737475767000035, 5.276264986000172], [6.742261570000153, 5.273319292000167], [6.756681821000029, 5.275703908000082], [6.768187160000139, 5.275146956000015], [6.778754197000012, 5.272731793000105], [6.7944498600001, 5.277269841000077], [6.786232124000151, 5.284793805], [6.777565837000111, 5.293721206000157], [6.770724653, 5.300767841000095], [6.765624107000065, 5.308510297000169], [6.763694831000123, 5.312908686000185], [6.755795060000139, 5.323452896000106], [6.757574211000133, 5.342773910000176], [6.760469999000122, 5.353443168000069], [6.759709970000017, 5.366953794000096], [6.758449063000057, 5.377213041000118], [6.75813811900008, 5.389788198000076], [6.760583954000026, 5.401392886000167], [6.762536054000066, 5.410212944000023], [6.762082025000097, 5.411522816000058], [6.770588480000015, 5.418930542000112], [6.777372623000133, 5.424292478000041], [6.777363432000186, 5.425812502000042], [6.777345051000168, 5.428852678000055], [6.772782394000046, 5.43186517700002], [6.762926784000115, 5.433324994999964], [6.750439862000064, 5.43705482300004], [6.74903490000014, 5.438793170000054], [6.74408184300006, 5.449101904000031], [6.743738217000043, 5.458882793999976], [6.751193907000186, 5.464835186000073], [6.749992576000182, 5.476081273000034], [6.743181110000023, 5.474344936000023], [6.741005161000032, 5.474331479000057], [6.739914900000144, 5.474744528000031], [6.739491730000111, 5.475497567000048], [6.739487599000086, 5.476169267000046], [6.739651800000047, 5.476674161000062], [6.739900444, 5.477095496], [6.740899856000112, 5.477857341000117], [6.741900046000069, 5.478535254000121], [6.742231036000135, 5.479125093], [6.742311076000021, 5.479713381000181], [6.741714413000125, 5.481472956], [6.73992265600009, 5.487087621000171], [6.73923665500007, 5.489770276000172], [6.738135717000091, 5.491862714000092], [6.736563781000086, 5.493826331000093], [6.733294900999965, 5.493944102000171], [6.729844060000175, 5.493106812000178], [6.72696313, 5.491978569000025], [6.722477793000053, 5.491321990000131], [6.719904348000057, 5.490441332999978], [6.715590567000049, 5.489103828000111], [6.712041921000093, 5.489194933000078], [6.652729391000094, 5.490715923000153], [6.645449999000164, 5.492535607999969], [6.639079972000047, 5.493445818000168], [6.658436437000148, 5.624850225000159], [6.668868104000012, 5.689925195000171], [6.669886308000059, 5.696277190000046]]]}}, {"type": "Feature", "properties": {"adm2_name": "Ogbia", "adm2_name1": null, "adm2_name2": null, "adm2_name3": null, "adm2_pcode": "NG006005", "adm1_name": "Bayelsa", "adm1_name1": null, "adm1_name2": null, "adm1_name3": null, "adm1_pcode": "NG006", "adm0_name": "Nigeria", "adm0_name1": null, "adm0_name2": null, "adm0_name3": null, "adm0_pcode": "NG", "valid_on": "2019-04-17", "valid_to": null, "area_sqkm": 678.13809875, "version": "v01", "lang": "en", "lang1": null, "lang2": null, "lang3": null, "adm2_ref_name": "Ogbia", "sendist_en": "Bayelsa East", "sendistpcode": "NG00602", "center_lat": 4.79574441, "center_lon": 6.31381923}, "geometry": {"type": "Polygon", "coordinates": [[[6.44040200000012, 4.954815865000114], [6.437415137000187, 4.966485961000103], [6.430676116000086, 4.973575129000096], [6.421666074000143, 4.981634116000123], [6.418285799000159, 4.972400225000058], [6.402005243000076, 4.959210879000125], [6.388965110000186, 4.947823971000162], [6.37454212800003, 4.935997009], [6.35873705500012, 4.923729906000119], [6.348971878000157, 4.916003272000125], [6.337868116000152, 4.910158183000135], [6.323523866000073, 4.902512050000155], [6.314683008000088, 4.895233172000076], [6.304945006000082, 4.888898848000167], [6.294254690000059, 4.88072392600003], [6.290919416000122, 4.879194016000099], [6.280042024000011, 4.859501709000085], [6.274651760999973, 4.849855422000189], [6.271958016000099, 4.844860672000095], [6.269922806000125, 4.843130030000054], [6.266855014000157, 4.842592495000076], [6.260359742000048, 4.843915982000055], [6.252830211000116, 4.846603942000058], [6.246667436000109, 4.849130479000166], [6.238035997000111, 4.851940786000057], [6.235286259000191, 4.838550057000077], [6.230981894000081, 4.82886696800017], [6.224404928000183, 4.820155139000065], [6.220117948000052, 4.811400895000133], [6.21396389400013, 4.800821762000112], [6.210109135000152, 4.79066706600014], [6.208103193000056, 4.781408785000167], [6.207012224000152, 4.772133834000044], [6.207129995, 4.754010208000068], [6.206955056000027, 4.744719044000135], [6.207133884000086, 4.729846025000143], [6.206951238000045, 4.72009088700014], [6.20490983600007, 4.708973883000112], [6.2005792920001, 4.697898861], [6.198555029000033, 4.687710723000123], [6.196331139000051, 4.66684005500008], [6.197979097000143, 4.657052990000011], [6.201821801000108, 4.642115124000043], [6.224243055000045, 4.64078999700007], [6.232863484000177, 4.646395475000077], [6.233982098000183, 4.647122855000077], [6.25117025000003, 4.659831079000128], [6.268667204000167, 4.664632790000098], [6.280088897000098, 4.663036824000073], [6.292901963000133, 4.662345903000187], [6.29290200100013, 4.662345897000023], [6.30520585700009, 4.658875965000107], [6.311861854000085, 4.654197940000074], [6.314700125000172, 4.652203083000131], [6.321376807000149, 4.641861918000075], [6.321983046000128, 4.640516726000158], [6.326653830000055, 4.6301521850001], [6.334446325000101, 4.623841504000097], [6.338386146000175, 4.620650774000069], [6.338386171000082, 4.620650754000053], [6.349542625000026, 4.620888754000077], [6.350300656000115, 4.620904918000122], [6.350300785000059, 4.620904918000122], [6.35292559800007, 4.620858744000031], [6.364497092000022, 4.620655075000172], [6.386468772000057, 4.619802027000105], [6.393485903000055, 4.627577795000093], [6.406137913000066, 4.642689224000094], [6.422014140000158, 4.658671818000016], [6.426820624000129, 4.665412096000125], [6.429541141000072, 4.669227123000042], [6.439350227000034, 4.679276992000155], [6.446683992000146, 4.688528789000088], [6.450611096000159, 4.693482888000119], [6.461059938000176, 4.713280215000111], [6.459428911000145, 4.72399709400014], [6.445941947000108, 4.730044812000131], [6.441421939000065, 4.745329842000046], [6.429982289000122, 4.76587390800006], [6.422863830000097, 4.777152034000096], [6.412812170000109, 4.802886966000131], [6.408864901000129, 4.812250166000183], [6.402275130000135, 4.827237141000012], [6.399278997000124, 4.838441870000111], [6.398606663000066, 4.851465241000028], [6.398394077999967, 4.864480033000063], [6.400884182000141, 4.875124000000142], [6.406606140000179, 4.887104045000058], [6.414565935000041, 4.896256907000122], [6.420719172000133, 4.906836953000152], [6.425559889000169, 4.920691026000043], [6.433986244000039, 4.930301160000113], [6.440640877000078, 4.943194856000048], [6.44040200000012, 4.954815865000114]]]}}, {"type": "Feature", "properties": {"adm2_name": "Ogoja", "adm2_name1": null, "adm2_name2": null, "adm2_name3": null, "adm2_pcode": "NG009017", "adm1_name": "Cross River", "adm1_name1": null, "adm1_name2": null, "adm1_name3": null, "adm1_pcode": "NG009", "adm0_name": "Nigeria", "adm0_name1": null, "adm0_name2": null, "adm0_name3": null, "adm0_pcode": "NG", "valid_on": "2019-04-17", "valid_to": null, "area_sqkm": 912.77919841, "version": "v01", "lang": "en", "lang1": null, "lang2": null, "lang3": null, "adm2_ref_name": "Ogoja", "sendist_en": "Cross River North", "sendistpcode": "NG00902", "center_lat": 6.52680973, "center_lon": 8.68895687}, "geometry": {"type": "Polygon", "coordinates": [[[8.972255480000172, 6.643128903000104], [8.965343676999964, 6.63399229900017], [8.956181596000135, 6.629461883000147], [8.950443440000186, 6.624909957000114], [8.94013321500006, 6.619239895000078], [8.933262852000098, 6.615842690000136], [8.925259494000102, 6.613602287000106], [8.91893264500004, 6.611528792000058], [8.90799977200004, 6.598001190000048], [8.901734808000015, 6.594082453999988], [8.89233657800014, 6.591729338000164], [8.879021933000047, 6.590941864000058], [8.869622535000019, 6.592505534000111], [8.856307295000022, 6.59328387], [8.855560732000185, 6.593750108000052], [8.853233588000023, 6.593431841000097], [8.846413614000085, 6.596922845000108], [8.844158317000051, 6.600382914000136], [8.843042615000115, 6.603836108000053], [8.843076807000102, 6.6084280070001], [8.843136651000066, 6.616464271000098], [8.84091366600012, 6.624515917], [8.840947834000076, 6.629107832000045], [8.839858765000145, 6.636003947000177], [8.838769100000093, 6.642900056000087], [8.837653218000128, 6.646351801000151], [8.835423668999965, 6.653255873000148], [8.833167346999971, 6.656715866000127], [8.829796104000025, 6.663628120000112], [8.827565172000163, 6.670532139000159], [8.825334713000075, 6.677435864000188], [8.823104168000043, 6.684340129000077], [8.820872985000051, 6.691244101000052], [8.819765834, 6.695844187000148], [8.81753564700017, 6.702747839000097], [8.81642051199998, 6.706200104000175], [8.816453825000167, 6.71079198700005], [8.815331327000024, 6.713096125000106], [8.80727648100003, 6.703967004000162], [8.800406333000069, 6.700570133000042], [8.794676818000028, 6.697165035000182], [8.786664717000122, 6.693776023000112], [8.778661682000063, 6.691534962000048], [8.77178313700017, 6.686989725000103], [8.766052969000157, 6.683585304000076], [8.761455646000172, 6.679024080000147], [8.75685786200006, 6.674462814000037], [8.751103259000104, 6.667614075000131], [8.748787120000031, 6.663037860000088], [8.74531362100015, 6.656173342000045], [8.738426232000052, 6.650479916000052], [8.731547252000041, 6.645935062000035], [8.72809879200014, 6.64251416999997], [8.723492600000043, 6.6368060530001], [8.718895818000021, 6.632245137000041], [8.715438886000186, 6.627676012999984], [8.708560063999983, 6.623130704000062], [8.706260429000054, 6.620851008000102], [8.701664081000047, 6.616290170000184], [8.700911486000052, 6.615543832000071], [8.700425960000018, 6.614342476000161], [8.694174708000105, 6.596318162000046], [8.691834041000106, 6.585347925], [8.686356033000038, 6.579859266000028], [8.681663160000141, 6.572804327000085], [8.670707118999985, 6.563393253000186], [8.663662428000066, 6.558686155999965], [8.637042773000132, 6.550826246000156], [8.596348859000159, 6.524146647000066], [8.57678071800018, 6.516290047000155], [8.56661511800013, 6.503742941000098], [8.55410881600011, 6.485708689999967], [8.547077746000127, 6.472381526000049], [8.544244836000189, 6.465824141999974], [8.545359546000043, 6.462371837000092], [8.545333891000155, 6.458928004000143], [8.545309347000057, 6.455483892000132], [8.539570536000156, 6.450931137999987], [8.536147878000122, 6.450954782], [8.532725240000048, 6.450977837000039], [8.529293895000137, 6.449853866000069], [8.517911624000078, 6.453375824000148], [8.512215812000079, 6.454564154000025], [8.505388240000059, 6.456906907000189], [8.500832674000037, 6.458086153000067], [8.496286235000184, 6.460414023999988], [8.490590799000017, 6.461600906000172], [8.484870239000145, 6.459343843], [8.477991209000095, 6.454800111000111], [8.474542395000185, 6.45137878200012], [8.472244163000084, 6.449099008000132], [8.46992781300014, 6.444521817], [8.472175495000101, 6.439914219000173], [8.474423676000072, 6.435306014], [8.476679764000039, 6.431847087000051], [8.480076634000056, 6.428379009000025], [8.483473995000054, 6.424910917000091], [8.485737930000084, 6.422598929000117], [8.486853613000108, 6.419147076000058], [8.489110039000082, 6.415688052000064], [8.49135675000008, 6.411078904000078], [8.493604510000068, 6.406472298000097], [8.494712049000157, 6.401872273000095], [8.495809298000097, 6.396123002000024], [8.49577494099998, 6.391531027000156], [8.495724554000162, 6.384643055000083], [8.498513080000123, 6.377549308000141], [8.501077445000135, 6.36912299700009], [8.503385353000112, 6.362776822000171], [8.505830894000042, 6.362760076000029], [8.51268375400008, 6.363860156999976], [8.518379284000048, 6.362672816999975], [8.52523330800011, 6.363773795000156], [8.530936929000177, 6.36373524000004], [8.536632398000052, 6.362546895000037], [8.542328958000098, 6.361360017000095], [8.54800686699997, 6.35787677400009], [8.553703319000022, 6.356689016000075], [8.559389825000153, 6.354353873000036], [8.563927458000023, 6.350877768000089], [8.568473810000114, 6.348550863000014], [8.573020660999987, 6.346222940000075], [8.577575732000014, 6.345044199000142], [8.580998526000087, 6.345019874000172], [8.586693541000102, 6.343833026000027], [8.591256862000137, 6.343800982000062], [8.596952398000099, 6.342614235000156], [8.602665742000113, 6.343722839000066], [8.60951015300003, 6.343676093000113], [8.615222980000112, 6.344783779000068], [8.618654157000094, 6.345909079000137], [8.628938842000082, 6.34813493900009], [8.635801367000056, 6.350382843000091], [8.644944013000156, 6.352616726000065], [8.651789713000085, 6.352570042000139], [8.662074211000174, 6.354794969000125], [8.666220585000076, 6.35643068800016], [8.669427574999986, 6.363509697000154], [8.681149048000066, 6.364358239000182], [8.683110710000165, 6.363655175000076], [8.684967850000021, 6.364970216000074], [8.689547556000036, 6.367235195000035], [8.695269619000157, 6.369492032000153], [8.699858665000079, 6.372903746000134], [8.703297356000121, 6.375176800000133], [8.706745884000156, 6.378598241000134], [8.711342721000108, 6.383158229000117], [8.712542581000093, 6.39118728], [8.718324508000023, 6.401480237000158], [8.721806653000101, 6.40949207400007], [8.726429732999975, 6.417497100000162], [8.729903449000176, 6.42436214200012], [8.733369097000036, 6.430079010000043], [8.73681616600004, 6.433498734000068], [8.741404714000112, 6.436912195000104], [8.745986222999989, 6.439177165000103], [8.749424693000094, 6.441449204999969], [8.755154863000143, 6.444853662000014], [8.757463671000039, 6.448281758000178], [8.762060310000095, 6.452843059000031], [8.765525045000174, 6.458559912000055], [8.769006505000107, 6.466573262000168], [8.771339398000123, 6.473445064000146], [8.772532566000109, 6.480326051000077], [8.773723503000156, 6.487205901000152], [8.774924514000134, 6.495233881000047], [8.774966171000074, 6.500975070000152], [8.776150018000067, 6.506707051000035], [8.777324437000175, 6.511292060000073], [8.777358927000023, 6.515882854000097], [8.777384507000022, 6.51932806800005], [8.776268998000148, 6.522779088000163], [8.779776352999988, 6.534235844000023], [8.783242116000167, 6.539953344000082], [8.785566269000185, 6.545678051000095], [8.787873164000189, 6.549106238000149], [8.793619909000029, 6.554807153000127], [8.798226179000153, 6.560515814000041], [8.800533287000064, 6.563943920000156], [8.80398168500011, 6.567365252000116], [8.808577581000065, 6.571926241000085], [8.812027259000047, 6.57534608900005], [8.81432556100009, 6.577627105000147], [8.814784343000042, 6.577623948000166], [8.817525509, 6.578996678000067], [8.820875213000079, 6.581512441000086], [8.830929191000052, 6.581517221000126], [8.835118788000045, 6.579843157000028], [8.836796775999971, 6.57481543200015], [8.846861427000078, 6.548839797000028], [8.849388393000083, 6.514480114000037], [8.849916836000034, 6.512457916000074], [8.851462261000052, 6.50848492200015], [8.854850528000043, 6.503868932000159], [8.863943271000153, 6.499214110000082], [8.86963058200007, 6.496878957000092], [8.875325889000123, 6.495690718000105], [8.87873161500005, 6.493371047000096], [8.884427968000182, 6.492184074000022], [8.888982719000182, 6.491004871000086], [8.893546159000095, 6.490972873000089], [8.901531455000168, 6.490918032000081], [8.907235882000123, 6.490879113000119], [8.910658867000052, 6.490856223000037], [8.91117912500016, 6.490747568000188], [8.917243850000034, 6.493550190000065], [8.923943840000163, 6.497742017000064], [8.933994766000069, 6.501934321000022], [8.949909201000139, 6.506965058000162], [8.956610107000188, 6.50864217000003], [8.961033576000148, 6.514618927000072], [8.966789162000111, 6.521468076000019], [8.971412785000155, 6.529472803000033], [8.978325600000062, 6.53860988800011], [8.980641541000068, 6.543186099000138], [8.98296539200004, 6.548910978000151], [8.986447374000022, 6.556923915000084], [8.989921634000098, 6.563787858000012], [8.992237325000133, 6.568365120000067], [8.994560961000161, 6.574089067000159], [8.995762005000074, 6.582117979000088], [8.996936580000181, 6.586701972000071], [8.998120233000122, 6.592433789000097], [8.99817103800018, 6.599322759000074], [8.997073159000024, 6.605070965000152], [8.997099126000137, 6.608514744000047], [8.99598315500009, 6.611966976000076], [8.99374382200017, 6.617723063000028], [8.992628921000176, 6.621174727000152], [8.991513427000086, 6.624627241000155], [8.98812463500019, 6.629241917000058], [8.983578599000111, 6.631569895000098], [8.981313702000023, 6.633882125000127], [8.979049888000077, 6.636194341000135], [8.974504282000055, 6.638521077000064], [8.972255480000172, 6.643128903000104]]]}}, {"type": "Feature", "properties": {"adm2_name": "Ogu/Bolo", "adm2_name1": null, "adm2_name2": null, "adm2_name3": null, "adm2_pcode": "NG033017", "adm1_name": "Rivers", "adm1_name1": null, "adm1_name2": null, "adm1_name3": null, "adm1_pcode": "NG033", "adm0_name": "Nigeria", "adm0_name1": null, "adm0_name2": null, "adm0_name3": null, "adm0_pcode": "NG", "valid_on": "2019-04-17", "valid_to": null, "area_sqkm": 130.00634801, "version": "v01", "lang": "en", "lang1": null, "lang2": null, "lang3": null, "adm2_ref_name": "Ogu/Bolo", "sendist_en": "Rivers East", "sendistpcode": "NG03301", "center_lat": 4.65075373, "center_lon": 7.19587657}, "geometry": {"type": "Polygon", "coordinates": [[[7.226068593999969, 4.700393244000054], [7.224216788000035, 4.699971199000061], [7.214109895000036, 4.702382108000165], [7.206347892000053, 4.709436887000038], [7.204035976000057, 4.715754307000168], [7.207197167000061, 4.717422179000152], [7.20763579000004, 4.718314726000187], [7.207483897000145, 4.719204386000058], [7.207036623000079, 4.720092593000118], [7.205699623000157, 4.721866807000026], [7.203927197000041, 4.72215486500005], [7.202617007000185, 4.722696164000126], [7.202381126000091, 4.728581892000079], [7.200164729000107, 4.737924089000046], [7.195190844000081, 4.747754083000189], [7.183183162000091, 4.743652804000021], [7.175617120000027, 4.735705880000125], [7.178536972000074, 4.732869135000158], [7.182168949000072, 4.729993805999982], [7.184436857000151, 4.728079764000086], [7.186725139000146, 4.727099871000121], [7.188551009000037, 4.726129036000145], [7.192001463000054, 4.727563840000016], [7.194344590000071, 4.728866094000125], [7.197760814000105, 4.727371314000095], [7.19733534500017, 4.725920170000109], [7.197224339, 4.723964102000082], [7.194922, 4.721796959000073], [7.193042841000079, 4.71897175800018], [7.194794068000135, 4.715727784000023], [7.199291670000093, 4.715847050000093], [7.201374995000094, 4.713764196000056], [7.19929168200008, 4.711421032000032], [7.196167588000094, 4.709598074000155], [7.193042626000135, 4.705953098], [7.19453624900018, 4.703588993999972], [7.189397858, 4.700745625000025], [7.183409174000133, 4.700224854000169], [7.180544909, 4.697100122999984], [7.174556154000186, 4.695017357000154], [7.171432107000101, 4.695277720000149], [7.168046949000143, 4.695538020000185], [7.163359994000189, 4.696579479000093], [7.161537513000098, 4.693455181000047], [7.160236013000087, 4.690070123000112], [7.160235810000131, 4.687466606000044], [7.160235787000033, 4.6846022470001], [7.159975510000095, 4.681738407000125], [7.158934236000107, 4.678874010000186], [7.158417300000167, 4.67675782200007], [7.156590496000149, 4.671323302000189], [7.154507767000041, 4.664814010000043], [7.15398683, 4.661428916999967], [7.152684687000033, 4.658825428000114], [7.152452081000149, 4.656794050000087], [7.150577203000068, 4.655429817000083], [7.15086232800013, 4.652316099000018], [7.150341553000146, 4.649191361000135], [7.153466254000136, 4.64502570999997], [7.156069676000072, 4.642421729000091], [7.159454832, 4.635652066000148], [7.161798058999977, 4.632007117000114], [7.164661792000061, 4.627320293000082], [7.16560307900005, 4.623834141000145], [7.166927721000036, 4.621006041000101], [7.167303657000105, 4.620449299000029], [7.166362586000105, 4.618532060000121], [7.16534003300012, 4.61644929900018], [7.16372936, 4.613918336000097], [7.16329642300019, 4.61198698200019], [7.164192895000099, 4.609765465000123], [7.167005825000103, 4.607850387000099], [7.176017399000045, 4.602945721000026], [7.174558203000117, 4.596438597000031], [7.173246880000022, 4.593092809000154], [7.169963482000128, 4.58573004800013], [7.171998552000161, 4.577058343000033], [7.174690541000018, 4.569725600000027], [7.174843868000039, 4.567981346000124], [7.186661254000057, 4.565778333000026], [7.207945916000085, 4.55786959600016], [7.222571598000172, 4.553934225000035], [7.233203709000122, 4.55198242900002], [7.240493867999987, 4.554689124000049], [7.241799274000186, 4.559370306000119], [7.244381823000083, 4.574743110000043], [7.236334663000036, 4.591400196000166], [7.208792981000101, 4.626992570000084], [7.215291133000051, 4.63057803099997], [7.223616149000179, 4.634707956], [7.240745080000181, 4.641889080000169], [7.241861814, 4.666264973000068], [7.248405984000044, 4.676936172000069], [7.252555584000049, 4.685153051000043], [7.237410226000122, 4.685314373999972], [7.231968010000116, 4.693295675000172], [7.226068593999969, 4.700393244000054]]]}}, {"type": "Feature", "properties": {"adm2_name": "Okobo", "adm2_name1": null, "adm2_name2": null, "adm2_name3": null, "adm2_pcode": "NG003023", "adm1_name": "Akwa Ibom", "adm1_name1": null, "adm1_name2": null, "adm1_name3": null, "adm1_pcode": "NG003", "adm0_name": "Nigeria", "adm0_name1": null, "adm0_name2": null, "adm0_name3": null, "adm0_pcode": "NG", "valid_on": "2019-04-17", "valid_to": null, "area_sqkm": 301.05634793, "version": "v01", "lang": "en", "lang1": null, "lang2": null, "lang3": null, "adm2_ref_name": "Okobo", "sendist_en": "Akwa Ibom South", "sendistpcode": "NG00303", "center_lat": 4.8134203, "center_lon": 8.12658607}, "geometry": {"type": "Polygon", "coordinates": [[[8.240281275000086, 4.854086426000151], [8.230303849000165, 4.860188493000067], [8.222901529000183, 4.872772238000039], [8.22031134700012, 4.882024761000082], [8.215499875000091, 4.897199132000026], [8.20735764699998, 4.908302289000062], [8.197363919000168, 4.913484126000071], [8.17626838600006, 4.929768538000076], [8.171456115000069, 4.933469795000178], [8.153121180000142, 4.93852807899998], [8.150495747999969, 4.93479590000004], [8.148236520000125, 4.931314987000064], [8.146826979000082, 4.928898810000078], [8.14542115200004, 4.926097897000034], [8.143156185000123, 4.923193935000086], [8.140897078000023, 4.919713049000052], [8.13805963700014, 4.916803814000104], [8.135788915000035, 4.914476841000067], [8.132366172000047, 4.912717814000075], [8.129522415000054, 4.910387049000065], [8.127240058000154, 4.909214042999963], [8.12495826800017, 4.908041042000036], [8.122681811000177, 4.906291025000087], [8.12097904899997, 4.904545786000028], [8.118714389, 4.901641872000084], [8.115870251000047, 4.899311073000035], [8.114757710000106, 4.89583922700001], [8.112499059000186, 4.892357811000068], [8.110814062000145, 4.888881224000102], [8.107981864000067, 4.885395990000063], [8.102872949000073, 4.880159868000078], [8.100596216000042, 4.878409877000138], [8.098326538000038, 4.876082874000076], [8.096050405000085, 4.874332930000037], [8.093779657000141, 4.872005969000156], [8.089216227000065, 4.869660845999988], [8.085798356000112, 4.867324837000069], [8.082369764000134, 4.866143226000133], [8.080088401000125, 4.864970221000135], [8.077812423000069, 4.863220217000105], [8.076705188000062, 4.859170915999982], [8.075587188999975, 4.856276984000033], [8.074469782, 4.853382143000033], [8.072198728000046, 4.851055193000036], [8.070495320000134, 4.849308989000178], [8.068787662999966, 4.848142172000166], [8.065938280000012, 4.846386887000165], [8.061947782000061, 4.844046147000086], [8.059676864000096, 4.841719193000131], [8.056844943000044, 4.838232962000063], [8.05515363600017, 4.835333814000023], [8.052906183000061, 4.83069897900009], [8.05007926900015, 4.826635877], [8.049529124000173, 4.824323154000069], [8.05013091900014, 4.821442105000187], [8.051294223000127, 4.819719808000059], [8.053610555000091, 4.817430025000021], [8.055932833000043, 4.814562818000013], [8.058822614000121, 4.812277784000116], [8.061910362, 4.809734749000143], [8.069039240000109, 4.806019164000134], [8.07270894700008, 4.802757029000134], [8.076784068000165, 4.799904831000049], [8.078824430000054, 4.79745641400001], [8.078832613000145, 4.794184962999964], [8.076403658000118, 4.789271579000058], [8.07464284800011, 4.787879076000024], [8.073420589000136, 4.785847205000039], [8.07171747500007, 4.784101949000046], [8.070020900000145, 4.781779759000131], [8.068317249000131, 4.780035040000087], [8.066626675000066, 4.777134868000132], [8.064935001000038, 4.774236184000074], [8.062102424000102, 4.770750059000022], [8.059849880000058, 4.766692169], [8.058146368000166, 4.764945995000119], [8.056460218999973, 4.7614698430001], [8.055336704000183, 4.759151898000084], [8.054225171000155, 4.755681058000164], [8.052539105000108, 4.752203923000138], [8.050848227000188, 4.749304748000156], [8.050309033000133, 4.745838126000024], [8.050331862000178, 4.74352879900016], [8.049781839000048, 4.741216146000056], [8.049816066000119, 4.737752942000043], [8.05043509300009, 4.733140950000177], [8.049896499000113, 4.729673845999969], [8.050492135000184, 4.727369752000129], [8.051668242000062, 4.724494004000064], [8.05284861500013, 4.721041188000186], [8.054598051000085, 4.718169179000142], [8.055772974000035, 4.715292912999985], [8.057510418000106, 4.713574913000116], [8.060411329000033, 4.710135928000057], [8.062149277000117, 4.708418815000016], [8.065617491000069, 4.705561136000085], [8.067934140000148, 4.703270887000031], [8.070823525000037, 4.700985917000025], [8.073128772000075, 4.699850087000186], [8.075439395000046, 4.698136774000091], [8.080048684000133, 4.695866130000127], [8.092146094999976, 4.690193169000167], [8.095522644000027, 4.69656797500005], [8.09949095200011, 4.701218140000094], [8.103458222000086, 4.705866812000181], [8.106858149000118, 4.709934255000178], [8.110819716000037, 4.715160831999981], [8.11308484400007, 4.718064814000115], [8.115916946000084, 4.721549973000094], [8.118176277999964, 4.725030889000152], [8.121003140000141, 4.729094975000123], [8.122699793000095, 4.731417191999981], [8.123250259000145, 4.733729810000057], [8.124368830000037, 4.736623755000096], [8.125486274000139, 4.739519101000042], [8.126615463000064, 4.741260067000042], [8.127739927, 4.743577017000064], [8.12886329800017, 4.745894866000071], [8.131707452000114, 4.748227078000127], [8.135117536000166, 4.751140147000058], [8.136821921000035, 4.752884834000042], [8.139097497000023, 4.754634826000085], [8.140806063000184, 4.755803098000115], [8.143660388, 4.756979982000132], [8.147669093000161, 4.757589827000061], [8.151688336000063, 4.757044821000079], [8.155701748000126, 4.757078163000187], [8.159141738000187, 4.75710491500007], [8.16143487200003, 4.757123960000172], [8.165443608999965, 4.757732848999979], [8.167718779000097, 4.759482865], [8.170574338000051, 4.760661170999981], [8.17285646800002, 4.761833190000061], [8.17742656900009, 4.763601792000031], [8.180275844, 4.765356061000148], [8.179650343000048, 4.770545046000052], [8.178480888000024, 4.772844793000161], [8.177310829000078, 4.775144108000063], [8.176714786000048, 4.777448181000011], [8.177259304000188, 4.780337828000086], [8.179524231000073, 4.783242241000153], [8.18349749000015, 4.787313986000186], [8.185756739999988, 4.790794827000127], [8.18745353100013, 4.793117033000101], [8.191404485000021, 4.799498095000104], [8.190778531000092, 4.804687], [8.190756733000057, 4.806934863000095], [8.191080051000029, 4.807946230000027], [8.199195608000139, 4.817369573000178], [8.20244566800011, 4.81942135100013], [8.204875620000053, 4.824742796000123], [8.204859726000166, 4.832103546000042], [8.206432225000185, 4.833797035000146], [8.21226207500007, 4.83544923900007], [8.215690777000077, 4.836630815000092], [8.220255168000165, 4.838976821000074], [8.222211552000033, 4.839734052000097], [8.22482420600005, 4.840744950000101], [8.228820851000023, 4.842508773000077], [8.232243419000099, 4.844267806000062], [8.23509870200013, 4.845445175000066], [8.236801177000075, 4.847189884000045], [8.236965999, 4.852046003000169], [8.240281275000086, 4.854086426000151]]]}}, {"type": "Feature", "properties": {"adm2_name": "Okpe", "adm2_name1": null, "adm2_name2": null, "adm2_name3": null, "adm2_pcode": "NG010013", "adm1_name": "Delta", "adm1_name1": null, "adm1_name2": null, "adm1_name3": null, "adm1_pcode": "NG010", "adm0_name": "Nigeria", "adm0_name1": null, "adm0_name2": null, "adm0_name3": null, "adm0_pcode": "NG", "valid_on": "2019-04-17", "valid_to": null, "area_sqkm": 480.29848202, "version": "v01", "lang": "en", "lang1": null, "lang2": null, "lang3": null, "adm2_ref_name": "Okpe", "sendist_en": "Delta Central", "sendistpcode": "NG01001", "center_lat": 5.69996784, "center_lon": 5.74271144}, "geometry": {"type": "Polygon", "coordinates": [[[5.89418519200018, 5.798591796000153], [5.890886713000043, 5.796221305000074], [5.887267621000092, 5.794730728000104], [5.883918897000115, 5.790017579000107], [5.874068635000071, 5.784947884000132], [5.872178014999974, 5.782295216000023], [5.86955821600003, 5.781524598000033], [5.867395339000041, 5.780888597000114], [5.864863363000154, 5.783701890999964], [5.863738011000123, 5.785389933000033], [5.862190612000063, 5.788765970000043], [5.85979930100018, 5.788765930000011], [5.857548711000163, 5.788625200000126], [5.853217559000086, 5.787916623], [5.849812530000179, 5.787359253000091], [5.846858373999964, 5.789187895000055], [5.843623283000113, 5.791719855999986], [5.841794533000098, 5.790875922000168], [5.840669277000075, 5.788343860999987], [5.840528581000171, 5.785530525000127], [5.840950446000022, 5.782857842000055], [5.83926246600015, 5.781451168], [5.834901942000101, 5.780466574000059], [5.832510619000061, 5.782435914000132], [5.83082235500018, 5.783842597000103], [5.828290543000151, 5.782717227000035], [5.826743230000091, 5.780466616000069], [5.826743073000159, 5.77666850900016], [5.828431127000044, 5.773292561000062], [5.822663651000141, 5.771745256000031], [5.820413140000028, 5.773433270000055], [5.819569044000161, 5.775402541], [5.815349712999989, 5.777653289000114], [5.813661499000148, 5.778919158000122], [5.812664109000025, 5.782110730000056], [5.812958226000092, 5.785249282000052], [5.812536345000126, 5.788906639000061], [5.808316262000062, 5.791157301000112], [5.805080958000076, 5.789047273000108], [5.80339291700011, 5.786655855000163], [5.80128282600009, 5.787640615999976], [5.79917276000009, 5.790172589000179], [5.797203601000149, 5.790735223000183], [5.79621877000011, 5.796924649000175], [5.797062744000129, 5.80058150900004], [5.79635958300014, 5.802691437000021], [5.795797001000096, 5.804942202000177], [5.793800821000161, 5.807201857000166], [5.792007042000137, 5.811782405999963], [5.789640822000138, 5.812538219000089], [5.785604955000053, 5.81028223200002], [5.779450877000158, 5.817859151000164], [5.774864489000095, 5.824809039], [5.732602737000093, 5.75691209900009], [5.718376548000151, 5.736452929000166], [5.704055930000038, 5.726693202000092], [5.671051418000047, 5.717833206000137], [5.65611164500018, 5.717696771000078], [5.645420766000143, 5.719739019000144], [5.631891029000087, 5.716524035000077], [5.624161380000089, 5.714454858000181], [5.625757072000113, 5.710997166000084], [5.629560952000077, 5.703541690000122], [5.653217294000058, 5.68396239100008], [5.68756504800001, 5.66180358500003], [5.690872048000074, 5.650062450000178], [5.675886614999968, 5.655276830000105], [5.647386268000048, 5.621308404000104], [5.644224740000141, 5.616998972999966], [5.639744495000059, 5.611072360000151], [5.678416337000044, 5.581998377], [5.696759164000127, 5.572845870000094], [5.705931052000153, 5.581848568000112], [5.758647993000011, 5.618040263000182], [5.758906219999972, 5.61856975600017], [5.76686507, 5.623455643000057], [5.776429467000071, 5.62782056400016], [5.782292505999976, 5.628407372000026], [5.789245954000137, 5.626328289000071], [5.799947294000049, 5.622676913000078], [5.805309522000186, 5.619513676000111], [5.807471049000071, 5.616322248000017], [5.814540089000161, 5.600867588000085], [5.81842674000012, 5.583244950000051], [5.818514014000073, 5.582699729000126], [5.820054671000094, 5.58004894600009], [5.822749417000125, 5.57686207], [5.825958889000106, 5.57581992300004], [5.830211845000122, 5.577462028000127], [5.837671207000028, 5.579141602000163], [5.840548394000109, 5.581913935000102], [5.846122667000145, 5.58728473400015], [5.851753264000138, 5.594022571000153], [5.852448354000103, 5.596915875000093], [5.858707116000176, 5.61355618000016], [5.863498838000112, 5.61466743200009], [5.878443863000086, 5.61372539600012], [5.893162040000107, 5.610413084000129], [5.894636165000122, 5.610849811000094], [5.898801828999979, 5.609329642000034], [5.90229853400001, 5.609218154000018], [5.905779932000144, 5.608413710999969], [5.908167032000108, 5.612124943000083], [5.918333930000017, 5.629001165000034], [5.910788993999972, 5.643500834000122], [5.903944077, 5.653847166000162], [5.899827051999978, 5.662134196000125], [5.889581173000181, 5.672451065000132], [5.87866397099998, 5.680682151000099], [5.869799140000055, 5.686155825000014], [5.859580014000073, 5.69023176900015], [5.850031812000168, 5.696393992000083], [5.854742989000158, 5.707529098], [5.858107125000174, 5.715878005000093], [5.860094916000037, 5.727684073000091], [5.864126147000093, 5.738812918000121], [5.868166067000061, 5.747861844999989], [5.878351174000159, 5.751414782000097], [5.887896094000098, 5.75300259], [5.890539045000025, 5.763305126000148], [5.906148982000104, 5.770370030000095], [5.906779639000149, 5.781470822000017], [5.902640887000189, 5.794611964000012], [5.89418519200018, 5.798591796000153]]]}}, {"type": "Feature", "properties": {"adm2_name": "Okrika", "adm2_name1": null, "adm2_name2": null, "adm2_name3": null, "adm2_pcode": "NG033018", "adm1_name": "Rivers", "adm1_name1": null, "adm1_name2": null, "adm1_name3": null, "adm1_pcode": "NG033", "adm0_name": "Nigeria", "adm0_name1": null, "adm0_name2": null, "adm0_name3": null, "adm0_pcode": "NG", "valid_on": "2019-04-17", "valid_to": null, "area_sqkm": 286.41163861, "version": "v01", "lang": "en", "lang1": null, "lang2": null, "lang3": null, "adm2_ref_name": "Okrika", "sendist_en": "Rivers East", "sendistpcode": "NG03301", "center_lat": 4.68063314, "center_lon": 7.08122575}, "geometry": {"type": "Polygon", "coordinates": [[[7.175617120000027, 4.735705880000125], [7.165070151, 4.726546780999968], [7.16439649400013, 4.726136234000023], [7.158726261000027, 4.722389752000026], [7.155036019000079, 4.720941120000077], [7.151056785000151, 4.720348963], [7.147351914000126, 4.721760108000126], [7.14520625800003, 4.722978357000159], [7.136040179000076, 4.723979949000068], [7.117301856000154, 4.73904706999997], [7.111846029, 4.746550128000138], [7.106851017000054, 4.754047851000109], [7.103244756000038, 4.762467886000024], [7.101719412000136, 4.765807627000186], [7.098776431999966, 4.764408249000041], [7.097354090000067, 4.764400826000042], [7.097060752000118, 4.76611523300005], [7.097623790000171, 4.767262070000186], [7.099401089000082, 4.770882609000182], [7.099184157000025, 4.771358009000096], [7.093305995000037, 4.783060058000103], [7.083724056000108, 4.792459927999971], [7.076466046000178, 4.804173021000054], [7.075774717000058, 4.801110313000095], [7.077083689, 4.797931688000119], [7.076148556000021, 4.79568813100002], [7.065865409000139, 4.793444620000116], [7.063376774, 4.78849170400008], [7.069231077000097, 4.779609709000169], [7.071187862999977, 4.776774867000086], [7.067870128000038, 4.770674266000071], [7.066501118000076, 4.765318369000056], [7.06822680800002, 4.759481871000105], [7.075354155000127, 4.748393992000103], [7.078012280000053, 4.73776043700002], [7.074744762000023, 4.735969165000142], [7.072202693000122, 4.732523825000158], [7.07016351700014, 4.727739636000024], [7.066501130000063, 4.72730350900008], [7.055825680000169, 4.726001717000031], [7.044874131000086, 4.723303761000068], [7.031464542000151, 4.712442867000107], [7.025621935000174, 4.713144331000024], [7.019545691000133, 4.724361871000042], [7.011833114000126, 4.731840577000128], [7.005523267000058, 4.73721548400016], [7.00208701400004, 4.743642346000058], [6.992082203000109, 4.748951958000077], [6.982153021000101, 4.740253907000067], [6.988261175000162, 4.725151044000029], [6.997842688000048, 4.715751198000021], [7.007429052000077, 4.706818102], [7.008776249000107, 4.705556461000185], [7.006666404000043, 4.700712311000075], [7.005000159000133, 4.693267463000154], [7.003327763000129, 4.686966492000067], [7.002799253999967, 4.679527865000011], [7.003156523000143, 4.666088347000027], [7.003526164000107, 4.650360863000117], [7.006404030000169, 4.644084882000129], [7.009550721000039, 4.64067017800005], [7.013822494000067, 4.639549518000024], [7.018652243000076, 4.640433804], [7.046089308000148, 4.656579689000012], [7.047005281, 4.654756032000023], [7.052904254000055, 4.645384776000014], [7.059288981000122, 4.638806834000036], [7.070908990000078, 4.633651675000124], [7.071521896000036, 4.618614192000166], [7.075589722000132, 4.602607493000107], [7.081610947000172, 4.593957325000076], [7.094952714000158, 4.582006203000162], [7.1096076930001, 4.572732779000091], [7.118930226000032, 4.567438333000041], [7.127571646000035, 4.565479329000141], [7.138207968000074, 4.562862510000059], [7.149511367000173, 4.559580902000164], [7.15881964600004, 4.556956713000034], [7.166125976000046, 4.556325727000058], [7.172765121000054, 4.55635909800003], [7.175414214000114, 4.55770806400011], [7.175394373000188, 4.561715031000062], [7.174843868000039, 4.567981346000124], [7.174690541000018, 4.569725600000027], [7.171998552000161, 4.577058343000033], [7.169963482000128, 4.58573004800013], [7.173246880000022, 4.593092809000154], [7.174558203000117, 4.596438597000031], [7.176017399000045, 4.602945721000026], [7.167005825000103, 4.607850387000099], [7.164192895000099, 4.609765465000123], [7.16329642300019, 4.61198698200019], [7.16372936, 4.613918336000097], [7.16534003300012, 4.61644929900018], [7.166362586000105, 4.618532060000121], [7.167303657000105, 4.620449299000029], [7.166927721000036, 4.621006041000101], [7.16560307900005, 4.623834141000145], [7.164661792000061, 4.627320293000082], [7.161798058999977, 4.632007117000114], [7.159454832, 4.635652066000148], [7.156069676000072, 4.642421729000091], [7.153466254000136, 4.64502570999997], [7.150341553000146, 4.649191361000135], [7.15086232800013, 4.652316099000018], [7.150577203000068, 4.655429817000083], [7.152452081000149, 4.656794050000087], [7.152684687000033, 4.658825428000114], [7.15398683, 4.661428916999967], [7.154507767000041, 4.664814010000043], [7.156590496000149, 4.671323302000189], [7.158417300000167, 4.67675782200007], [7.158934236000107, 4.678874010000186], [7.159975510000095, 4.681738407000125], [7.160235787000033, 4.6846022470001], [7.160235810000131, 4.687466606000044], [7.160236013000087, 4.690070123000112], [7.161537513000098, 4.693455181000047], [7.163359994000189, 4.696579479000093], [7.168046949000143, 4.695538020000185], [7.171432107000101, 4.695277720000149], [7.174556154000186, 4.695017357000154], [7.180544909, 4.697100122999984], [7.183409174000133, 4.700224854000169], [7.189397858, 4.700745625000025], [7.19453624900018, 4.703588993999972], [7.193042626000135, 4.705953098], [7.196167588000094, 4.709598074000155], [7.19929168200008, 4.711421032000032], [7.201374995000094, 4.713764196000056], [7.199291670000093, 4.715847050000093], [7.194794068000135, 4.715727784000023], [7.193042841000079, 4.71897175800018], [7.194922, 4.721796959000073], [7.197224339, 4.723964102000082], [7.19733534500017, 4.725920170000109], [7.197760814000105, 4.727371314000095], [7.194344590000071, 4.728866094000125], [7.192001463000054, 4.727563840000016], [7.188551009000037, 4.726129036000145], [7.186725139000146, 4.727099871000121], [7.184436857000151, 4.728079764000086], [7.182168949000072, 4.729993805999982], [7.178536972000074, 4.732869135000158], [7.175617120000027, 4.735705880000125]]]}}, {"type": "Feature", "properties": {"adm2_name": "Omumma", "adm2_name1": null, "adm2_name2": null, "adm2_name3": null, "adm2_pcode": "NG033019", "adm1_name": "Rivers", "adm1_name1": null, "adm1_name2": null, "adm1_name3": null, "adm1_pcode": "NG033", "adm0_name": "Nigeria", "adm0_name1": null, "adm0_name2": null, "adm0_name3": null, "adm0_pcode": "NG", "valid_on": "2019-04-17", "valid_to": null, "area_sqkm": 158.75558008, "version": "v01", "lang": "en", "lang1": null, "lang2": null, "lang3": null, "adm2_ref_name": "Omumma", "sendist_en": "Rivers East", "sendistpcode": "NG03301", "center_lat": 5.09841747, "center_lon": 7.23774939}, "geometry": {"type": "Polygon", "coordinates": [[[7.270400856000037, 5.102309113], [7.271354097000142, 5.103509929000097], [7.27869886100018, 5.116788897000106], [7.278979186000186, 5.119540712000173], [7.280203562000054, 5.13155286000017], [7.26863177000007, 5.145095371000082], [7.265211399000123, 5.14909805800005], [7.264797044000034, 5.152110324000034], [7.26598989300004, 5.153723604000163], [7.268188123000186, 5.154336898000054], [7.272980053000026, 5.156570075000047], [7.277958929000022, 5.161617325000179], [7.283131473000083, 5.168072099000085], [7.284319109000137, 5.170890920000033], [7.28345099600017, 5.185355224000091], [7.280816690000165, 5.192376057], [7.277994398000033, 5.196783528000083], [7.274979498000164, 5.199582666000083], [7.272367580000036, 5.201780613000096], [7.263917422000077, 5.215610563999974], [7.260108958000103, 5.213327425000159], [7.256109198000047, 5.213470954000059], [7.252560635000179, 5.204719940000018], [7.251398107999989, 5.20185422600008], [7.242135034000057, 5.1958670140001], [7.242689967000047, 5.192757612000037], [7.243885927000065, 5.186061901000187], [7.241042992000132, 5.177227041000151], [7.234924811000099, 5.162823191000143], [7.224689003000151, 5.151248918000022], [7.221358864000024, 5.139620747000038], [7.215253860000075, 5.126616032000072], [7.213769817000127, 5.115437942000142], [7.209058791000075, 5.103820842000118], [7.207106039000166, 5.09171484500007], [7.206095268000126, 5.081933019000019], [7.204145803000188, 5.070292946000166], [7.198510091000173, 5.058217072], [7.190628059000119, 5.052217932000133], [7.185483065000028, 5.043402202000095], [7.18215706400008, 5.032238947000053], [7.176064059000169, 5.020631786000081], [7.164929831000109, 5.011396875000059], [7.162504132000095, 4.997896211000182], [7.167911944000025, 4.985266234999983], [7.173611755000138, 4.984169463000057], [7.183078801000079, 4.982347933000142], [7.185130754000113, 4.982331742000099], [7.192285994000088, 4.982275019000156], [7.207004955000116, 4.980760138000107], [7.218953196000086, 4.978333959], [7.235092175999966, 4.98100420600008], [7.241197140999986, 4.994009025000082], [7.24546484300015, 5.007494908000069], [7.248316772000123, 5.017261954000105], [7.251686063000136, 5.033086824000122], [7.251376172000164, 5.049406077000071], [7.252894020000156, 5.064311989000089], [7.255775846, 5.077343013000018], [7.256930871000122, 5.079692401999978], [7.26422229800005, 5.094525825000119], [7.270400856000037, 5.102309113]]]}}, {"type": "Feature", "properties": {"adm2_name": "Onna", "adm2_name1": null, "adm2_name2": null, "adm2_name3": null, "adm2_pcode": "NG003024", "adm1_name": "Akwa Ibom", "adm1_name1": null, "adm1_name2": null, "adm1_name3": null, "adm1_pcode": "NG003", "adm0_name": "Nigeria", "adm0_name1": null, "adm0_name2": null, "adm0_name3": null, "adm0_pcode": "NG", "valid_on": "2019-04-17", "valid_to": null, "area_sqkm": 163.91675874, "version": "v01", "lang": "en", "lang1": null, "lang2": null, "lang3": null, "adm2_ref_name": "Onna", "sendist_en": "Akwa Ibom South", "sendistpcode": "NG00303", "center_lat": 4.63873365, "center_lon": 7.87340125}, "geometry": {"type": "Polygon", "coordinates": [[[7.884353166000039, 4.72115315800005], [7.881349591000117, 4.720432935000019], [7.873631972000055, 4.717137656000148], [7.870383395000147, 4.715491865000104], [7.866735432000041, 4.71139112000003], [7.859014334000108, 4.709322360999977], [7.854544267, 4.708081585], [7.844796570000028, 4.703961409000158], [7.837877503000186, 4.705575138000029], [7.824026114000105, 4.71289152300011], [7.810078222000186, 4.722420376000059], [7.809737891000168, 4.720231032000129], [7.809245186000169, 4.712147263000134], [7.809278854000127, 4.708683997000094], [7.808733958000118, 4.705793859000096], [7.808762960000024, 4.702908985000136], [7.80878617500008, 4.70060016900004], [7.80880879900019, 4.698291756000117], [7.808263919000069, 4.695402191000028], [7.804835584000159, 4.69422008600003], [7.802548100000081, 4.693623980000098], [7.799680923000096, 4.693601136000154], [7.797394004000125, 4.693005073000108], [7.796944640000106, 4.692390843999988], [7.796188745000165, 4.692185457000164], [7.793632556000148, 4.689200171000039], [7.79383440200013, 4.687811665000083], [7.794432022000024, 4.68622600499998], [7.797399619000146, 4.684052820000034], [7.80095581300003, 4.682873813000128], [7.80569820900007, 4.681103288999964], [7.807714751000105, 4.67994446400013], [7.809583449000172, 4.678098226000145], [7.811899257000107, 4.675807965999979], [7.813636529000121, 4.674090846000013], [7.817679076000047, 4.671237038000129], [7.819416299000181, 4.669519872000023], [7.821726771000044, 4.667808034000132], [7.824037244000124, 4.666094755000017], [7.826920976, 4.664385790000097], [7.830396358000144, 4.660952087000112], [7.832139229, 4.658657043000119], [7.833876325000062, 4.656939954999984], [7.835619154000085, 4.654644969000174], [7.836221203999969, 4.651763903000187], [7.836248863000037, 4.648879020000152], [7.83571128400007, 4.645411939000041], [7.83230469200015, 4.641921966000041], [7.83118125500016, 4.639604096000141], [7.830052077000175, 4.637863205000031], [7.827202097999987, 4.636108847], [7.825493934000065, 4.634941080000146], [7.82263876899998, 4.633762838000166], [7.820362067000076, 4.632012817000032], [7.818080163000104, 4.630840767000052], [7.816370947999985, 4.629673027000081], [7.813511175000087, 4.629072182000186], [7.811229309999987, 4.627900144000023], [7.806659270000068, 4.6261310430001], [7.804371083000035, 4.625535036000088], [7.803161045000081, 4.625036290000025], [7.801540871000157, 4.624331689000087], [7.799973889000171, 4.620754338000097], [7.799980352999967, 4.618769808000081], [7.800193751000052, 4.61380914200015], [7.800208614000155, 4.60924480500006], [7.800425899000061, 4.603093419000174], [7.800220614000068, 4.601250760000028], [7.800610949000145, 4.600110986000061], [7.801206813000022, 4.597806937000087], [7.801819530000046, 4.593771952000111], [7.802415930000166, 4.59146784700016], [7.810712675000161, 4.564408781000054], [7.81402588900005, 4.555246835000105], [7.822834164000085, 4.556427011000039], [7.834884940000109, 4.555369838000104], [7.843484937000142, 4.555439958000022], [7.850370781000038, 4.55491783400015], [7.856104670000093, 4.554965022000147], [7.864698965000173, 4.555611126000144], [7.872737808000181, 4.554522021000025], [7.879612236000185, 4.555154778000031], [7.884211270000037, 4.554038043000105], [7.889944028000059, 4.554083824000088], [7.89395801600017, 4.554115779000142], [7.896824106000167, 4.554140104000112], [7.900097622000146, 4.570902831000183], [7.89893382300005, 4.572625155000026], [7.897769997000182, 4.574347031000059], [7.896606179000173, 4.576068885000041], [7.895441777000087, 4.577791215000104], [7.893119759, 4.580657955000163], [7.89252392700007, 4.58296204300018], [7.890768761000174, 4.586410975000092], [7.889543021000179, 4.594481015000099], [7.888946040000064, 4.596785055000112], [7.889497083000094, 4.599098172000083], [7.889473831000146, 4.601406091000172], [7.892328961000146, 4.602582902000108], [7.894060963000072, 4.601442791000011], [7.896938742000088, 4.600312219000102], [7.899242776000108, 4.59917594500007], [7.901543395000147, 4.598618037000051], [7.903841746000126, 4.598059202000115], [7.906720040999971, 4.596928146000153], [7.909593241000039, 4.5963740360001], [7.913037910000014, 4.595825202000185], [7.917057990000103, 4.59528017700012], [7.920497026000078, 4.595307832000174], [7.925640955000176, 4.597081162], [7.927343087000168, 4.598825927000064], [7.928461937000179, 4.60172084200002], [7.92786518700018, 4.604024872000082], [7.926115860000152, 4.6068959320001], [7.92438505299998, 4.608036976], [7.922653114000127, 4.609177083000134], [7.919195964000096, 4.610879882000063], [7.916891348000036, 4.612016224000115], [7.913434145000053, 4.613718969000047], [7.911702123999987, 4.614860079000152], [7.909971238000139, 4.616000203000112], [7.907074758000135, 4.618863087000022], [7.907625950000067, 4.621175747999985], [7.90874979400013, 4.623493180000082], [7.910451949000048, 4.625237949000109], [7.911582038000176, 4.626978871000063], [7.913279150000108, 4.629301038000108], [7.914409265000074, 4.631042044000083], [7.915537699000026, 4.632781965999982], [7.916088960000081, 4.635096095000051], [7.916639094000118, 4.637407776000089], [7.915458260000094, 4.640861992999987], [7.912574024000037, 4.642570026000044], [7.910280488000126, 4.64255094900011], [7.907419339000114, 4.64195104200013], [7.903411728000094, 4.641342163000104], [7.90055681900003, 4.640163868000059], [7.898262724, 4.640145787000108], [7.89481706600003, 4.640695109000035], [7.893080331000135, 4.642412191], [7.890775456000085, 4.643548015000022], [7.88789674700007, 4.644679092000104], [7.885598066, 4.645236974000056], [7.883865830000047, 4.64637804400013], [7.88212277000008, 4.64867303800014], [7.880947827000114, 4.651548901000183], [7.880351825000162, 4.653852001000132], [7.879755242000101, 4.656156025000143], [7.879152973000089, 4.659037104000049], [7.879125079000119, 4.66192198900012], [7.87966933600012, 4.664813022000089], [7.881365870000138, 4.667134760000181], [7.884181141000113, 4.672351813000091], [7.885883976000059, 4.674097048000021], [7.888722075000146, 4.677005815000086], [7.890419274000124, 4.679327994000118], [7.891548864000129, 4.681068917000175], [7.892660882000143, 4.684541269000079], [7.893778618000056, 4.687435132000132], [7.892609871000104, 4.689733991000026], [7.89144621600019, 4.691455844000075], [7.889122876000158, 4.694323992000079], [7.886806849000095, 4.696612813], [7.884484563000171, 4.699481009000181], [7.883292991000133, 4.704088216000116], [7.883263999000064, 4.706974019000029], [7.883206036000161, 4.712744273000169], [7.884892004000051, 4.716220866000128], [7.884353166000039, 4.72115315800005]]]}}, {"type": "Feature", "properties": {"adm2_name": "Opobo/Nkoro", "adm2_name1": null, "adm2_name2": null, "adm2_name3": null, "adm2_pcode": "NG033020", "adm1_name": "Rivers", "adm1_name1": null, "adm1_name2": null, "adm1_name3": null, "adm1_pcode": "NG033", "adm0_name": "Nigeria", "adm0_name1": null, "adm0_name2": null, "adm0_name3": null, "adm0_pcode": "NG", "valid_on": "2019-04-17", "valid_to": null, "area_sqkm": 114.95588599, "version": "v01", "lang": "en", "lang1": null, "lang2": null, "lang3": null, "adm2_ref_name": "Opobo/Nkoro", "sendist_en": "Rivers South East", "sendistpcode": "NG03302", "center_lat": 4.51237201, "center_lon": 7.51926876}, "geometry": {"type": "Polygon", "coordinates": [[[7.529382368000086, 4.543667778000156], [7.526627992999977, 4.541163437000137], [7.525487425000108, 4.539330480000103], [7.520841508000046, 4.535381298000175], [7.517829675000144, 4.531959525000104], [7.510241545000099, 4.532731535000039], [7.507050790000108, 4.535921604000123], [7.500435768999978, 4.540681838000182], [7.497785633000092, 4.54697561800009], [7.497123498000121, 4.550619587000085], [7.497454730000186, 4.557576168000026], [7.495135663000042, 4.560226465000028], [7.489838583000164, 4.560938653000164], [7.488756976000104, 4.564898546000165], [7.484756548000064, 4.569743731000187], [7.475923658, 4.574282708000169], [7.468248082000173, 4.573964514000124], [7.4639891650001, 4.572516631000099], [7.458186950000083, 4.571283486000141], [7.458880916000169, 4.570207142000072], [7.460610753000026, 4.564494670000101], [7.45921187800019, 4.559054959000093], [7.454401924000081, 4.553600780000068], [7.448172418000183, 4.547568504000139], [7.446765354000092, 4.544130641000152], [7.446499135000181, 4.539839679000011], [7.447651996000104, 4.536126737000131], [7.452786119000052, 4.532144715000186], [7.457345010000097, 4.529590171], [7.461331034000182, 4.528177067000172], [7.462759646999984, 4.526467196000169], [7.462200615000086, 4.524176888000056], [7.458515674000125, 4.521587385000089], [7.439479661000064, 4.515587950999986], [7.440235564000034, 4.515264043000059], [7.443610164000177, 4.513336182000103], [7.447225292000155, 4.512854081000114], [7.451706655000123, 4.513057701000093], [7.459275498000125, 4.513336164000123], [7.467952171000093, 4.513094910000063], [7.473977797000032, 4.514299856000093], [7.47903866900009, 4.515264038000112], [7.481689970000161, 4.514299886000117], [7.482171815000186, 4.51188993400018], [7.482172106000121, 4.508274550000181], [7.480002757000079, 4.505864596000094], [7.477351407000128, 4.503454206000129], [7.474700354000049, 4.499357210000085], [7.474218679999979, 4.495741824000106], [7.477110715000094, 4.492367753000053], [7.48217172700015, 4.488993650000054], [7.492053601000123, 4.485137457000121], [7.498078959000054, 4.480799189000152], [7.501432189000013, 4.472787365000045], [7.505650738000099, 4.463707928000076], [7.506872172000101, 4.459223770000165], [7.507498266000027, 4.456924940000022], [7.508688618000122, 4.452892290000136], [7.52274778200001, 4.452572843000098], [7.534890847000156, 4.452253353000117], [7.544796254000175, 4.452572831000055], [7.559175254000081, 4.451614372999984], [7.570678464000139, 4.449697022000066], [7.581543187000136, 4.451933841000141], [7.583636094000042, 4.45459081100006], [7.597398291000161, 4.464844716000187], [7.595991411000114, 4.467421069000125], [7.593930454000031, 4.477109445000053], [7.592693426000153, 4.48432445300017], [7.590631859000041, 4.490302559000099], [7.587333648000083, 4.494837760000053], [7.580324988000143, 4.502052306000166], [7.573728836999976, 4.505969059000108], [7.568478177000031, 4.507408146000103], [7.559268567000117, 4.510947257999987], [7.552378161000036, 4.514445286000068], [7.546547744000179, 4.520805829000096], [7.541653349000114, 4.528679836000094], [7.539834274000157, 4.530477977000089], [7.537518237000086, 4.532767778000107], [7.53635508800005, 4.534490102000177], [7.534617196000113, 4.536207184000148], [7.532874170000184, 4.538502224000126], [7.53113055700004, 4.540795807999984], [7.529382368000086, 4.543667778000156]]]}}, {"type": "Feature", "properties": {"adm2_name": "Oron", "adm2_name1": null, "adm2_name2": null, "adm2_name3": null, "adm2_pcode": "NG003025", "adm1_name": "Akwa Ibom", "adm1_name1": null, "adm1_name2": null, "adm1_name3": null, "adm1_pcode": "NG003", "adm0_name": "Nigeria", "adm0_name1": null, "adm0_name2": null, "adm0_name3": null, "adm0_pcode": "NG", "valid_on": "2019-04-17", "valid_to": null, "area_sqkm": 52.13891398, "version": "v01", "lang": "en", "lang1": null, "lang2": null, "lang3": null, "adm2_ref_name": "Oron", "sendist_en": "Akwa Ibom South", "sendistpcode": "NG00303", "center_lat": 4.81572949, "center_lon": 8.22600527}, "geometry": {"type": "Polygon", "coordinates": [[[8.266182910000111, 4.835324752000133], [8.262337439000135, 4.838610641000116], [8.253651610000077, 4.845960589000072], [8.250850876000186, 4.848344338], [8.24579740200005, 4.852643992000139], [8.240281275000086, 4.854086426000151], [8.236965999, 4.852046003000169], [8.236801177000075, 4.847189884000045], [8.23509870200013, 4.845445175000066], [8.232243419000099, 4.844267806000062], [8.228820851000023, 4.842508773000077], [8.22482420600005, 4.840744950000101], [8.222211552000033, 4.839734052000097], [8.220255168000165, 4.838976821000074], [8.215690777000077, 4.836630815000092], [8.21226207500007, 4.83544923900007], [8.206432225000185, 4.833797035000146], [8.204859726000166, 4.832103546000042], [8.204875620000053, 4.824742796000123], [8.20244566800011, 4.81942135100013], [8.199195608000139, 4.817369573000178], [8.191080051000029, 4.807946230000027], [8.190756733000057, 4.806934863000095], [8.190778531000092, 4.804687], [8.191404485000021, 4.799498095000104], [8.194889823000096, 4.794909016000133], [8.19663907100005, 4.792037037000057], [8.198949677000087, 4.790324224000187], [8.200680485000134, 4.789184085000102], [8.202412406000178, 4.788043996000169], [8.204143764000094, 4.786902916000088], [8.205875663000143, 4.785762810000108], [8.208180451000032, 4.784626979000166], [8.209912344999964, 4.783486854000046], [8.21278944800008, 4.782355771000027], [8.214527024000176, 4.780639157000053], [8.219716236000181, 4.777794800000038], [8.221385057000134, 4.777455448000183], [8.230632498000091, 4.775575191000144], [8.232926324000175, 4.775592806000077], [8.236355086, 4.776774912000178], [8.239216117000012, 4.777375193000012], [8.242650064000031, 4.777979827000138], [8.245516790000067, 4.778004146000114], [8.248389191000172, 4.777450102999978], [8.254122640000162, 4.777495869000063], [8.2575685, 4.776947039000106], [8.261588342000096, 4.776402026000085], [8.264448288000096, 4.777001828000152], [8.267321777000063, 4.776447788000098], [8.270188512000061, 4.776471134000076], [8.273049595000089, 4.777071019000061], [8.275341734000108, 4.77709006800012], [8.278202831000101, 4.777689912000028], [8.282205789000045, 4.778876798], [8.283911232000037, 4.779630167000107], [8.280540217000066, 4.781029657000033], [8.276560652000057, 4.783089543000131], [8.275458042000139, 4.78426964800002], [8.273708778000184, 4.785771064000073], [8.270710419000125, 4.788022321000085], [8.268710502000147, 4.790024813], [8.266207787000099, 4.793781925000019], [8.263203796000141, 4.798792086000049], [8.26094606300012, 4.804806957000096], [8.260192166000024, 4.807564328000069], [8.257689750000111, 4.811070580000091], [8.25618993900008, 4.812572346000024], [8.254191316000174, 4.813822339000126], [8.252440406000062, 4.814089406000107], [8.262093836000133, 4.82294918499997], [8.26336461600016, 4.82295175500019], [8.265151950000075, 4.824743767000143], [8.265699404000031, 4.826258176000124], [8.26873865000016, 4.829077246000111], [8.266182910000111, 4.835324752000133]]]}}, {"type": "Feature", "properties": {"adm2_name": "Oruk Anam", "adm2_name1": null, "adm2_name2": null, "adm2_name3": null, "adm2_pcode": "NG003026", "adm1_name": "Akwa Ibom", "adm1_name1": null, "adm1_name2": null, "adm1_name3": null, "adm1_pcode": "NG003", "adm0_name": "Nigeria", "adm0_name1": null, "adm0_name2": null, "adm0_name3": null, "adm0_pcode": "NG", "valid_on": "2019-04-17", "valid_to": null, "area_sqkm": 544.44788884, "version": "v01", "lang": "en", "lang1": null, "lang2": null, "lang3": null, "adm2_ref_name": "Oruk Anam", "sendist_en": "Akwa Ibom North West", "sendistpcode": "NG00302", "center_lat": 4.82782216, "center_lon": 7.69682216}, "geometry": {"type": "Polygon", "coordinates": [[[7.794308190999971, 4.888054845000056], [7.790851192000048, 4.88975909100003], [7.78853501500015, 4.892048854], [7.78678606800014, 4.894919860000073], [7.785611265000171, 4.897797085000036], [7.784996739000121, 4.901832152], [7.784056463000127, 4.903851833000033], [7.786555558999964, 4.906840491000082], [7.786656883000035, 4.910738114000083], [7.78138044200017, 4.919661503000043], [7.787475305000044, 4.939397781000025], [7.789014819000045, 4.95682633600012], [7.78393757300006, 4.974232810000046], [7.779120937000187, 4.981782155000019], [7.773630202000163, 4.986119509000105], [7.770640975, 4.992987117000041], [7.763568274000022, 4.992733941000097], [7.756746633000034, 4.985603827000034], [7.740131539, 4.973396305000051], [7.726482235000105, 4.961427578000155], [7.725368856000046, 4.960831578000011], [7.714412048000156, 4.954966112000022], [7.702796846000126, 4.948964311], [7.696740093000187, 4.946551398000111], [7.695875089000026, 4.946206922000044], [7.691932693000126, 4.946192797000037], [7.689304809000134, 4.94618336000002], [7.673531517000129, 4.947006596000108], [7.666231617000108, 4.946686566000096], [7.663469712000108, 4.943155089000015], [7.660564317000137, 4.939036102000046], [7.660419170000125, 4.938580804000026], [7.659896973000173, 4.936942863000127], [7.660061752000047, 4.924586582000131], [7.657536080000114, 4.913401100000101], [7.657295310000109, 4.901077728000132], [7.658773782000026, 4.886754677000113], [7.660509589000071, 4.879883356000107], [7.66080408800002, 4.877305325000066], [7.659978974000126, 4.868991748000099], [7.658013457000095, 4.86067397], [7.657351526000127, 4.858988743000111], [7.649114745000134, 4.838002032000134], [7.64001348700009, 4.831950220000181], [7.633763362000138, 4.825908858000162], [7.625209826000116, 4.826163238999982], [7.593251038000119, 4.833205549000013], [7.579850265000061, 4.833440217000089], [7.569030860000055, 4.829672481999978], [7.562703335000094, 4.816393685999969], [7.559521339000071, 4.80993323600012], [7.555613852000135, 4.806693882000161], [7.547779899000034, 4.80522985000016], [7.540658374000145, 4.803768559000162], [7.538773181000181, 4.80275551699998], [7.537155874000064, 4.799983036000185], [7.535464888000092, 4.797082942000031], [7.533755773, 4.79591516000005], [7.531468087000064, 4.795320038], [7.529760138000086, 4.794151741000064], [7.526898995000067, 4.793550981000124], [7.522950252000101, 4.790340443000048], [7.521463563000111, 4.788544146000163], [7.525195343000121, 4.779658279000103], [7.52519557200003, 4.769351502000063], [7.524229474000037, 4.763231744000166], [7.523907048000012, 4.756148810000127], [7.523907441000119, 4.753246819000083], [7.526483997000184, 4.748737372000107], [7.530993419000083, 4.743906041000116], [7.536468937000166, 4.739396550000095], [7.541322010000158, 4.736161242000151], [7.543748824000033, 4.734041218000016], [7.545487678000029, 4.732310750000011], [7.547098214000073, 4.726191008000114], [7.545165440000176, 4.71910477199998], [7.542005488000029, 4.711906438000028], [7.540467824000189, 4.708141793000038], [7.537997445000144, 4.705980320000151], [7.536983988000031, 4.701867134000167], [7.534141123000097, 4.699534862000121], [7.530728941, 4.69662186100004], [7.527896955000188, 4.693136226000036], [7.529640169000174, 4.690842144000101], [7.533693097000139, 4.686833849000038], [7.536015785000131, 4.683968029000027], [7.538910625000028, 4.681105118000062], [7.541245125000103, 4.677083991000131], [7.543005159000074, 4.673058069000092], [7.544168142000103, 4.6713361730001], [7.544765152000082, 4.669033046000038], [7.545934890000069, 4.666732779000085], [7.547689175000187, 4.663284778000161], [7.549431574000039, 4.660990245000107], [7.553451240000072, 4.660445190000019], [7.555159770000046, 4.661612959000081], [7.556868322000184, 4.662782201000027], [7.559143972000186, 4.664531238000052], [7.560853109000107, 4.665698983000141], [7.563720057000182, 4.66572287200006], [7.566008114000056, 4.666317928000126], [7.569465198999978, 4.664615160000096], [7.572342803000083, 4.663484110000127], [7.57464206700007, 4.662924741000097], [7.577515164000033, 4.662371118000067], [7.580387110000117, 4.661818041], [7.583254054, 4.661839944000121], [7.587261920000174, 4.662449811000045], [7.589548884000067, 4.663045842000088], [7.59125810800009, 4.664214167000011], [7.592966221999973, 4.665381885000045], [7.595253752000076, 4.665976958000158], [7.599812154000119, 4.668900060000055], [7.602099731000123, 4.669496071000083], [7.605527763999987, 4.670678124000119], [7.608384209000178, 4.671854979000045], [7.610671247000028, 4.672451008000053], [7.613543813000035, 4.671896895000145], [7.616415782000104, 4.671342831000118], [7.619299948000162, 4.669634804000111], [7.62275682100011, 4.667931087000113], [7.626781951000055, 4.666810037000062], [7.631369334000112, 4.666845802000068], [7.631550668000045, 4.667808673000081], [7.634327592000091, 4.669685430000015], [7.63893494600012, 4.674664042000188], [7.643239580000113, 4.678091071000154], [7.645134721000147, 4.679052886000079], [7.647881843000107, 4.678523039000027], [7.650742861000026, 4.679122946000177], [7.653036045000022, 4.679142025999965], [7.655897076000088, 4.679741873000125], [7.659893207000039, 4.681506178], [7.663877884000101, 4.684422956000105], [7.666160182000112, 4.68559597300009], [7.669003218000171, 4.687928195000154], [7.670705663000092, 4.689672954], [7.672988037000096, 4.690845019999983], [7.674685062000094, 4.693168151000123], [7.676956009000151, 4.695495117000064], [7.679214965000028, 4.69897603000004], [7.680326752000042, 4.702447884000094], [7.683699297000146, 4.709401125000113], [7.683663882000133, 4.712862969000014], [7.685361075000117, 4.715186122000148], [7.686490935, 4.716926128000068], [7.688749558000097, 4.720407032000082], [7.693818066000063, 4.729682947000128], [7.694942023000067, 4.731999886999972], [7.696644807000098, 4.73374607900007], [7.69777365300007, 4.73548604500013], [7.699460223000187, 4.738963150000131], [7.701151113000094, 4.741861779000089], [7.702843150000035, 4.744760979000148], [7.705674953000141, 4.748247129000106], [7.708512757999983, 4.751155890000177], [7.71021625100019, 4.752901093000048], [7.711913249000077, 4.755222766000031], [7.71362216000017, 4.756391990000168], [7.715892051000139, 4.758717999000169], [7.718747277000091, 4.759895811999968], [7.72103504100005, 4.760490869000137], [7.723889742999972, 4.761669139000105], [7.727891903, 4.762855062000085], [7.730163043000175, 4.765182060000029], [7.731860218000179, 4.767505195000126], [7.732976926000049, 4.77039906400006], [7.734095896000042, 4.773293991], [7.734645679000153, 4.775607124000032], [7.735764106999966, 4.778501989000176], [7.735730298000135, 4.781963817000076], [7.735127249000016, 4.784844853999971], [7.734526438000159, 4.787725898000133], [7.733929297000032, 4.790030046000027], [7.732754420000106, 4.792905831000041], [7.731554713000037, 4.798090915000046], [7.73209492400008, 4.801558016000115], [7.733218218000104, 4.803874979000057], [7.734348000000125, 4.805615885000066], [7.737197191000064, 4.80737115800008], [7.73890585700002, 4.80853890800006], [7.740613980000091, 4.809707130000049], [7.742884938000032, 4.81203409900013], [7.745154798999977, 4.814361125000119], [7.746864095000035, 4.815528839000081], [7.748561039000094, 4.817851057000041], [7.751409825000053, 4.819604865000031], [7.753675013000077, 4.822509746000151], [7.754804969000133, 4.824250236000069], [7.759339689, 4.829481086000158], [7.761047974000064, 4.830648877000044], [7.762740334000114, 4.833549049000055], [7.764442200000019, 4.835293783000168], [7.765561060000095, 4.838189107000062], [7.766689998000061, 4.839929130000087], [7.767820050000125, 4.84167000500014], [7.769511392000084, 4.844569233000016], [7.772355189000109, 4.846900004000076], [7.774613722000026, 4.850381840000011], [7.776867009, 4.854440233], [7.779132062000087, 4.857344155000135], [7.781391297000084, 4.860825041000169], [7.783092823000175, 4.86256981400004], [7.785357973000032, 4.86547419599998], [7.78762898500014, 4.86780117800015], [7.79046668, 4.870709913000042], [7.793304971000111, 4.873619110000163], [7.79670470700006, 4.877686023000081], [7.798974741999984, 4.880013003000101], [7.797805915000026, 4.882311808000111], [7.796641777000161, 4.884034145999976], [7.795477629000118, 4.885756035000099], [7.794308190999971, 4.888054845000056]]]}}, {"type": "Feature", "properties": {"adm2_name": "Oshimili North", "adm2_name1": null, "adm2_name2": null, "adm2_name3": null, "adm2_pcode": "NG010014", "adm1_name": "Delta", "adm1_name1": null, "adm1_name2": null, "adm1_name3": null, "adm1_pcode": "NG010", "adm0_name": "Nigeria", "adm0_name1": null, "adm0_name2": null, "adm0_name3": null, "adm0_pcode": "NG", "valid_on": "2019-04-17", "valid_to": null, "area_sqkm": 510.20730461, "version": "v01", "lang": "en", "lang1": null, "lang2": null, "lang3": null, "adm2_ref_name": "Oshimili North", "sendist_en": "Delta North", "sendistpcode": "NG01002", "center_lat": 6.30431944, "center_lon": 6.64470056}, "geometry": {"type": "Polygon", "coordinates": [[[6.725022284000033, 6.265763216000039], [6.723369132000187, 6.274396858000102], [6.72126827000011, 6.288249049000058], [6.719175951000068, 6.300021153000102], [6.718440888000089, 6.312497153000152], [6.717024897999977, 6.324967916], [6.714923785000167, 6.338820046000023], [6.712820164999982, 6.353365884000084], [6.707312043000059, 6.368576951000023], [6.699773846000141, 6.381689966000067], [6.697680877000039, 6.393462056000146], [6.69490280600013, 6.406614763000107], [6.692131024000162, 6.418381129000011], [6.688670228000149, 6.43222180700019], [6.68522401600012, 6.44259492700013], [6.68176513800006, 6.455741800000112], [6.673863799000117, 6.468333132000112], [6.67111358, 6.484836704000145], [6.668921030000149, 6.501234142000101], [6.659813955000061, 6.498556208000025], [6.656365294000125, 6.496057575000123], [6.649354512000173, 6.49097781200004], [6.646256812000047, 6.488733683000078], [6.632654113000115, 6.489315146000138], [6.622426087000122, 6.495471106000025], [6.618899864000127, 6.496518636000189], [6.608806963000177, 6.499518059000138], [6.597250000999964, 6.498727731000088], [6.585692798000025, 6.497939037000037], [6.575504748000128, 6.495080046000169], [6.574267258000077, 6.491602552000018], [6.570803083000044, 6.481864855000026], [6.57153179200003, 6.470775103000108], [6.571571746000131, 6.461760892000086], [6.570931998000162, 6.452740168000105], [6.574409082000102, 6.435431109000149], [6.577854983000179, 6.425057859], [6.579260951000151, 6.414667997000095], [6.576590072000045, 6.403550044000099], [6.574593164000021, 6.393824037000115], [6.574637978, 6.383421769999984], [6.572659168000087, 6.369535897000105], [6.572732914000142, 6.35289288700011], [6.569382325999982, 6.34177019200007], [6.566042762000109, 6.327871849000189], [6.566735336000022, 6.318244187000118], [6.567333867000059, 6.308617727000126], [6.574345289000064, 6.299033829000109], [6.575679900000068, 6.298266255000044], [6.57953556800004, 6.296048753000036], [6.581527349000112, 6.291166789000044], [6.594122875000039, 6.283030054000164], [6.601648938000096, 6.272689856999989], [6.607806252000046, 6.264420112000096], [6.615320279000173, 6.256854114000078], [6.626246038999966, 6.24654190300015], [6.634452845999988, 6.236208962000035], [6.629747917000032, 6.223687132000123], [6.625039936000121, 6.211857852000151], [6.616248971000061, 6.200689873000101], [6.61016183400011, 6.193010795000134], [6.608201940000129, 6.174963887000104], [6.606887706000123, 6.164550813000062], [6.608967887000176, 6.155552785000054], [6.610366848000183, 6.146549181000069], [6.610406944000147, 6.137534158000165], [6.619985985000028, 6.124437844000113], [6.631574270000044, 6.11829285400006], [6.64113377200016, 6.109356862000027], [6.645172548, 6.101227226999981], [6.647067107, 6.102096514999971], [6.649195241000086, 6.103415474000144], [6.653450979000127, 6.106053794000104], [6.656263402000036, 6.106657477000056], [6.663271463000171, 6.107127200000093], [6.670279519000189, 6.107597344000112], [6.688491928000133, 6.108403262000024], [6.692063291000125, 6.11175627700004], [6.694920574000037, 6.114439529000038], [6.699920580000025, 6.119133999000155], [6.71324504800009, 6.152689467000073], [6.714019319000101, 6.156132268000079], [6.709259496000186, 6.162525163000169], [6.706507695000141, 6.164693320000026], [6.703071045000172, 6.167576756000074], [6.698965187000113, 6.171868766000102], [6.693490950000012, 6.177591306000181], [6.690115053000056, 6.183246645000111], [6.687437936000151, 6.188879942000028], [6.701248135000185, 6.243683461000046], [6.70024724000001, 6.250089638000134], [6.703413202000149, 6.256529765000153], [6.705814921000183, 6.26180222500011], [6.725022284000033, 6.265763216000039]]]}}, {"type": "Feature", "properties": {"adm2_name": "Oshimili South", "adm2_name1": null, "adm2_name2": null, "adm2_name3": null, "adm2_pcode": "NG010015", "adm1_name": "Delta", "adm1_name1": null, "adm1_name2": null, "adm1_name3": null, "adm1_pcode": "NG010", "adm0_name": "Nigeria", "adm0_name1": null, "adm0_name2": null, "adm0_name3": null, "adm0_pcode": "NG", "valid_on": "2019-04-17", "valid_to": null, "area_sqkm": 266.43109837, "version": "v01", "lang": "en", "lang1": null, "lang2": null, "lang3": null, "adm2_ref_name": "Oshimili South", "sendist_en": "Delta North", "sendistpcode": "NG01002", "center_lat": 6.13036205, "center_lon": 6.7307334}, "geometry": {"type": "Polygon", "coordinates": [[[6.762889290000032, 6.185385698000061], [6.753652130000091, 6.192818226999975], [6.742698245000156, 6.209370203000105], [6.735824150000099, 6.225956026000119], [6.731006011000147, 6.239092778000099], [6.726152927000044, 6.259857111000144], [6.725022284000033, 6.265763216000039], [6.705814921000183, 6.26180222500011], [6.703413202000149, 6.256529765000153], [6.70024724000001, 6.250089638000134], [6.701248135000185, 6.243683461000046], [6.687437936000151, 6.188879942000028], [6.690115053000056, 6.183246645000111], [6.693490950000012, 6.177591306000181], [6.698965187000113, 6.171868766000102], [6.703071045000172, 6.167576756000074], [6.706507695000141, 6.164693320000026], [6.709259496000186, 6.162525163000169], [6.714019319000101, 6.156132268000079], [6.71324504800009, 6.152689467000073], [6.699920580000025, 6.119133999000155], [6.694920574000037, 6.114439529000038], [6.692063291000125, 6.11175627700004], [6.688491928000133, 6.108403262000024], [6.670279519000189, 6.107597344000112], [6.663271463000171, 6.107127200000093], [6.656263402000036, 6.106657477000056], [6.653450979000127, 6.106053794000104], [6.649195241000086, 6.103415474000144], [6.647067107, 6.102096514999971], [6.645172548, 6.101227226999981], [6.646623084000112, 6.09830708800007], [6.637838013000078, 6.085751956000081], [6.629046857999981, 6.074583083999983], [6.616117067000175, 6.076554726000097], [6.605230919000064, 6.077851752000072], [6.593660877000048, 6.079835892000119], [6.58142431300007, 6.079041066000116], [6.572596071000078, 6.076192845000037], [6.567190046000178, 6.068520072000183], [6.56450992200007, 6.059483099000033], [6.567964958000175, 6.047029026000132], [6.572084779000079, 6.038046857000097], [6.572807898000121, 6.028345113000114], [6.571490886000049, 6.018624728000077], [6.569506102000105, 6.006125973], [6.566829294000172, 5.996395113000119], [6.583160757000087, 5.993756787000109], [6.596764936000113, 5.993176004000134], [6.607642076000161, 5.993960889000164], [6.617149729000175, 5.99681384400003], [6.618288515000074, 5.9980963000001], [6.624325360000114, 6.008842506000178], [6.626433633000033, 6.013136447000079], [6.629069250999976, 6.018503834], [6.632259596999972, 6.020664564000072], [6.633330919000173, 6.020136555000022], [6.63710691100016, 6.014275615000031], [6.643015557000183, 6.008963464000033], [6.649027979000095, 6.006229957000073], [6.658599958000082, 6.004094092000059], [6.671522975000073, 6.003508016000012], [6.68307675200009, 6.004991121999979], [6.699407042000132, 6.00304602000017], [6.70623505500015, 5.996860908000031], [6.719857347000129, 5.992121182000062], [6.724527769000019, 6.012269978000063], [6.726493782000091, 6.028930117000186], [6.725058084000125, 6.046256078000113], [6.716826974000128, 6.062137177000068], [6.709276120000141, 6.078023883000014], [6.713315992999981, 6.08707280800013], [6.722111218, 6.097548017000065], [6.73771380300019, 6.105999876000112], [6.749240949000068, 6.113724220000108], [6.75532997, 6.120709925000142], [6.755804127999966, 6.123312503000022], [6.756189289000133, 6.125429188000112], [6.757986118000019, 6.135294916000134], [6.760651216000099, 6.147799950000092], [6.764783864000094, 6.155804660000172], [6.766044970000166, 6.158247000000131], [6.769402045, 6.167984007000086], [6.767301, 6.181836076000025], [6.762889290000032, 6.185385698000061]]]}}, {"type": "Feature", "properties": {"adm2_name": "Oyigbo", "adm2_name1": null, "adm2_name2": null, "adm2_name3": null, "adm2_pcode": "NG033021", "adm1_name": "Rivers", "adm1_name1": null, "adm1_name2": null, "adm1_name3": null, "adm1_pcode": "NG033", "adm0_name": "Nigeria", "adm0_name1": null, "adm0_name2": null, "adm0_name3": null, "adm0_pcode": "NG", "valid_on": "2019-04-17", "valid_to": null, "area_sqkm": 247.28674846, "version": "v01", "lang": "en", "lang1": null, "lang2": null, "lang3": null, "adm2_ref_name": "Oyigbo", "sendist_en": "Rivers South East", "sendistpcode": "NG03302", "center_lat": 4.84663012, "center_lon": 7.30196775}, "geometry": {"type": "Polygon", "coordinates": [[[7.319818782000084, 4.879619170000069], [7.307785975000058, 4.875533092000069], [7.294890932000101, 4.875168784000095], [7.281527865000101, 4.87387609100017], [7.271389995999982, 4.873024019000184], [7.257046244000151, 4.865211945000055], [7.24085624200012, 4.856948849999981], [7.230735835000075, 4.857962155999985], [7.215074901000094, 4.857152948000021], [7.205420049000111, 4.858627821000084], [7.191196027000046, 4.863869173000182], [7.185287879000043, 4.872307803000069], [7.173843050000187, 4.879391191000138], [7.164652734000015, 4.881329083000082], [7.155928217000167, 4.883728960000155], [7.147241236000013, 4.890325056000052], [7.143746796000073, 4.895613216000072], [7.14042908600004, 4.900634755000169], [7.143767811000146, 4.913196095000103], [7.138064476000125, 4.910685299000022], [7.135605245000136, 4.907020570000157], [7.134186681000187, 4.906155411000043], [7.131078493000018, 4.907252989000085], [7.126119202000154, 4.896553017000087], [7.126011078999966, 4.884815580000179], [7.122925990000056, 4.882074617000114], [7.117259904000036, 4.87718355200019], [7.115289968000127, 4.872883605000141], [7.115599407000047, 4.868023362000088], [7.118164449000176, 4.867178657000068], [7.127839149000067, 4.867228478000186], [7.13545475300009, 4.867717893000076], [7.13734088700005, 4.865228173000162], [7.146018936000132, 4.85769989400012], [7.152400119000106, 4.850656952000065], [7.153204592000122, 4.850143236000179], [7.154559983000127, 4.849890889000164], [7.155752107000183, 4.849896923000131], [7.156295280000052, 4.849681779000093], [7.156810308000047, 4.847841290000133], [7.162012195000159, 4.844520091000049], [7.171194131000107, 4.841650002000165], [7.181752315000097, 4.838303095000072], [7.195076966000045, 4.835400063000066], [7.208372026000177, 4.829234143000065], [7.220324895000033, 4.827274817000102], [7.232273130000181, 4.824849142000062], [7.240954762000115, 4.81778717200018], [7.256552167000052, 4.81160306400011], [7.266169097000102, 4.805933034000077], [7.275788913999975, 4.800727848000179], [7.285886696999967, 4.797385215000077], [7.298726038000154, 4.791688004000036], [7.312029795000171, 4.786455167999975], [7.321206999000083, 4.783119239000087], [7.335913085000072, 4.78020477900003], [7.346488838000027, 4.778721804000156], [7.36076507100006, 4.779076091000093], [7.370932228000072, 4.783191186000124], [7.377975102000164, 4.798052809000069], [7.382664328000033, 4.807340110000155], [7.397869078000042, 4.808618058000036], [7.407067729000062, 4.807612905999974], [7.418578125000124, 4.807521818999987], [7.419782075000114, 4.807230234000144], [7.42287562700011, 4.811713077000036], [7.428554803000168, 4.814311512000188], [7.432820010000171, 4.81490186000002], [7.439090156000077, 4.81235484900003], [7.447693031000028, 4.800083971000106], [7.453966340000136, 4.800713976000111], [7.473779001000139, 4.802422076000028], [7.488967049, 4.801836025000114], [7.501562138000054, 4.807817926999974], [7.498609290000161, 4.810249329000101], [7.496282067000038, 4.812717903000078], [7.494011146, 4.814063084000054], [7.492273965000038, 4.815780181000093], [7.490066344000127, 4.81909609000013], [7.488712479000071, 4.821804539000141], [7.487278079000077, 4.824673666000137], [7.486754781000116, 4.82763672800013], [7.478563308000105, 4.833039730000053], [7.474380297000152, 4.836699974000055], [7.471591680000074, 4.842277075000084], [7.466188149000175, 4.845414665000021], [7.460362964000012, 4.845418940000116], [7.455207862000179, 4.845066058000043], [7.446667422000189, 4.845414667000171], [7.436501139000029, 4.854000096000107], [7.429212, 4.862449155999968], [7.41635997000003, 4.866746893000027], [7.406683996000027, 4.865890997000122], [7.392834273000119, 4.861804929000073], [7.373506930000133, 4.86289119800017], [7.362020129000143, 4.865313057000094], [7.360141155000122, 4.866603847000135], [7.352412161000075, 4.871914831000083], [7.340910983000072, 4.872939158000179], [7.334217051999985, 4.873313445000178], [7.330787194999971, 4.87348603200013], [7.326064473000031, 4.876126728000145], [7.319818782000084, 4.879619170000069]]]}}, {"type": "Feature", "properties": {"adm2_name": "Patani", "adm2_name1": null, "adm2_name2": null, "adm2_name3": null, "adm2_pcode": "NG010016", "adm1_name": "Delta", "adm1_name1": null, "adm1_name2": null, "adm1_name3": null, "adm1_pcode": "NG010", "adm0_name": "Nigeria", "adm0_name1": null, "adm0_name2": null, "adm0_name3": null, "adm0_pcode": "NG", "valid_on": "2019-04-17", "valid_to": null, "area_sqkm": 226.05511835, "version": "v01", "lang": "en", "lang1": null, "lang2": null, "lang3": null, "adm2_ref_name": "Patani", "sendist_en": "Delta South", "sendistpcode": "NG01003", "center_lat": 5.18961, "center_lon": 6.1038708}, "geometry": {"type": "Polygon", "coordinates": [[[5.980889411000021, 5.130557515000135], [5.985598630000027, 5.124185066], [5.99217035300012, 5.117613285000118], [5.995821024000122, 5.113232166000046], [6.000202140000056, 5.107390869000028], [6.004523214000187, 5.103686771000127], [6.013582200000087, 5.100392787000089], [6.019461505000095, 5.098254686000189], [6.027214582000056, 5.095670679000023], [6.04444300300014, 5.095670666000103], [6.054966095000054, 5.097167949999971], [6.06226784100005, 5.103009731999975], [6.063728271000116, 5.111771553000096], [6.063354122000135, 5.123184177000098], [6.066751007000107, 5.133347035000043], [6.069569589000082, 5.14134406300019], [6.085792668000067, 5.150802572000032], [6.097852588000137, 5.14994141], [6.109051218000161, 5.14218807900005], [6.120682733000024, 5.133677479000028], [6.129725895000036, 5.129266756], [6.143735923000179, 5.134776126000077], [6.150269039000023, 5.141166256000133], [6.154707358000167, 5.151664273], [6.165906323000115, 5.161139961000117], [6.178827659000035, 5.161139942000034], [6.190906914000038, 5.158570762000068], [6.200734075000184, 5.169549966000091], [6.202290892000121, 5.17928125200001], [6.200667800000133, 5.190462041000103], [6.198081900000034, 5.203775007000104], [6.195891476000156, 5.211076663000085], [6.194151356000077, 5.216709090000109], [6.195784226000171, 5.223075895000136], [6.202086897000015, 5.231778071000178], [6.20441611900003, 5.233211465000124], [6.213285462000158, 5.238669347000155], [6.233532927000056, 5.238167805000046], [6.238560250000091, 5.235210463000158], [6.244461045000094, 5.233656834000101], [6.259417428000063, 5.227870921000033], [6.272560722000094, 5.228236179000021], [6.278996067999969, 5.228888015000166], [6.284712919000071, 5.231664612000145], [6.290449986000169, 5.23407741699998], [6.293005958000094, 5.238823862000061], [6.292275299000153, 5.245395235000103], [6.290751905000036, 5.251054718000034], [6.28715561000007, 5.259274517000108], [6.285265436000032, 5.26274393000017], [6.283834466000087, 5.266500892000181], [6.283542122000085, 5.270599379000089], [6.283542045000161, 5.27499053400004], [6.285005418000026, 5.279088956000066], [6.286762163000162, 5.282309093000151], [6.287700740000105, 5.283717196], [6.280473721000135, 5.279863016000149], [6.278373415999965, 5.275566972000149], [6.27786036599997, 5.272887906000165], [6.277899967000167, 5.267537761000085], [6.27847239800019, 5.262191571000017], [6.282763531000057, 5.258478257000093], [6.287599255000146, 5.253163793000056], [6.290859499000021, 5.244627220999973], [6.290891026000054, 5.24034706600014], [6.288775325000074, 5.238191221000022], [6.283995130000051, 5.236015409000117], [6.278121713000019, 5.237576789000173], [6.271715428000107, 5.239134109000076], [6.267452215000105, 5.239102205999984], [6.254659159000084, 5.239541282000118], [6.242895574000158, 5.244803048000051], [6.234341138000048, 5.248483588000113], [6.218887151000104, 5.248366122], [6.211455109000156, 5.244564116], [6.203643520000128, 5.242758276000188], [6.203470081999967, 5.243432926000025], [6.199719538000181, 5.246079406000149], [6.196905651000122, 5.246480992000158], [6.190820601999974, 5.236243763], [6.187352204999968, 5.230408202000092], [6.175773056000025, 5.234471845000144], [6.161487184000123, 5.235740223999983], [6.154729755000119, 5.225976014000025], [6.145215904000167, 5.224508769000181], [6.134345072000087, 5.222338231000037], [6.124158972000146, 5.218785763000085], [6.111935164000045, 5.215217180000138], [6.101736917000096, 5.214437991000068], [6.089502920000086, 5.212950207000063], [6.079991777000146, 5.210790166000095], [6.071164237, 5.207942990999982], [6.062648170000159, 5.205967964000081], [6.049129114000152, 5.199478572000146], [6.029661781000129, 5.192989888999989], [6.020469098999968, 5.191367680000155], [6.011816906999968, 5.190015752000022], [6.002083330000119, 5.189204238000059], [5.993701537000163, 5.18677086800011], [5.989916439000183, 5.185959809999986], [5.988394197000162, 5.184133525000163], [5.985648236000088, 5.169783124], [5.984343605000049, 5.159445288000143], [5.986904088000074, 5.154372205000072], [5.986829192000073, 5.150907009000036], [5.986754018000056, 5.147442329000114], [5.98667855500014, 5.143977146000168], [5.98446070600005, 5.138500217000058], [5.983001809000029, 5.13577269600006], [5.980889411000021, 5.130557515000135]]]}}, {"type": "Feature", "properties": {"adm2_name": "Port-Harcourt", "adm2_name1": null, "adm2_name2": null, "adm2_name3": null, "adm2_pcode": "NG033022", "adm1_name": "Rivers", "adm1_name1": null, "adm1_name2": null, "adm1_name3": null, "adm1_pcode": "NG033", "adm0_name": "Nigeria", "adm0_name1": null, "adm0_name2": null, "adm0_name3": null, "adm0_pcode": "NG", "valid_on": "2019-04-17", "valid_to": null, "area_sqkm": 108.19723343, "version": "v01", "lang": "en", "lang1": null, "lang2": null, "lang3": null, "adm2_ref_name": "Port-Harcourt", "sendist_en": "Rivers East", "sendistpcode": "NG03301", "center_lat": 4.76685909, "center_lon": 7.03715711}, "geometry": {"type": "Polygon", "coordinates": [[[7.076556321999988, 4.813961973000119], [7.065491757000132, 4.81924581300018], [7.056143157000065, 4.822423904000118], [7.046982281000055, 4.823732900999971], [7.037053945000139, 4.824065232000066], [7.026326941000036, 4.822282452000138], [7.023357679000071, 4.82349263499998], [7.018520921000061, 4.823466370000062], [7.012835240000129, 4.822577435000142], [7.006575928000188, 4.82254325200006], [7.002594266000074, 4.822235459000069], [6.99918390199997, 4.82006680600017], [6.998558852000144, 4.820180442000151], [6.98734093000013, 4.822984722000172], [6.983602182000027, 4.817030584000122], [6.985456922000026, 4.811990368000181], [6.985606716000177, 4.810767827000177], [6.985182666000071, 4.809758006000038], [6.984110590000171, 4.809464177000109], [6.983322470000189, 4.809531806000109], [6.982387620999987, 4.810519476000138], [6.982536733000074, 4.803517846000091], [6.981927675000122, 4.800156120000111], [6.979655402000162, 4.799364467000089], [6.977655740000102, 4.798489821000032], [6.976014342000155, 4.797545166000077], [6.974096282000062, 4.794871783000133], [6.973105567000118, 4.793191301000036], [6.972555363000026, 4.790593060000049], [6.972200404000091, 4.789503210000134], [6.971439817000089, 4.788456403000112], [6.970675709000147, 4.787998841999979], [6.969503938000059, 4.787856319000184], [6.96729415700014, 4.787934639000127], [6.965488279999988, 4.788332567000168], [6.963726644000076, 4.788911957000153], [6.961963974000071, 4.789627402000121], [6.960334540000076, 4.79075149800002], [6.959022765000157, 4.791469378000102], [6.958489873000133, 4.792054197000084], [6.952713680000159, 4.796082202000036], [6.950133784, 4.789106333000063], [6.94983039300007, 4.788763536000033], [6.949220867000065, 4.788521302000049], [6.948643069000013, 4.788688606000051], [6.947552364000103, 4.789535276000095], [6.942186168000035, 4.796395873000108], [6.940970213000071, 4.797964283000056], [6.940553803000057, 4.794005381000034], [6.944292920000066, 4.785826215999975], [6.944994023999982, 4.779983532000074], [6.949200522000069, 4.772738456000184], [6.954809697000087, 4.773673540000061], [6.958081379000078, 4.775075424000079], [6.964624873000048, 4.77110242100008], [6.966072217000089, 4.765420008000035], [6.963653598000064, 4.758809112000165], [6.963924062000046, 4.754275807000113], [6.976310332000139, 4.755911826000045], [6.984723600999985, 4.763156849000097], [6.992669656000146, 4.768298175000041], [7.00285908800015, 4.773252977000027], [7.008842114000117, 4.772504821000098], [7.008177887000159, 4.768442633000063], [7.002769599000089, 4.757153042000084], [7.002251526000123, 4.754977211000096], [7.001783731999978, 4.747732173000145], [7.00208701400004, 4.743642346000058], [7.005523267000058, 4.73721548400016], [7.011833114000126, 4.731840577000128], [7.019545691000133, 4.724361871000042], [7.025621935000174, 4.713144331000024], [7.031464542000151, 4.712442867000107], [7.044874131000086, 4.723303761000068], [7.055825680000169, 4.726001717000031], [7.066501130000063, 4.72730350900008], [7.07016351700014, 4.727739636000024], [7.072202693000122, 4.732523825000158], [7.074744762000023, 4.735969165000142], [7.078012280000053, 4.73776043700002], [7.075354155000127, 4.748393992000103], [7.06822680800002, 4.759481871000105], [7.066501118000076, 4.765318369000056], [7.067870128000038, 4.770674266000071], [7.071187862999977, 4.776774867000086], [7.069231077000097, 4.779609709000169], [7.063376774, 4.78849170400008], [7.065865409000139, 4.793444620000116], [7.076148556000021, 4.79568813100002], [7.077083689, 4.797931688000119], [7.075774717000058, 4.801110313000095], [7.076466046000178, 4.804173021000054], [7.076556321999988, 4.813961973000119]]]}}, {"type": "Feature", "properties": {"adm2_name": "Sagbama", "adm2_name1": null, "adm2_name2": null, "adm2_name3": null, "adm2_pcode": "NG006006", "adm1_name": "Bayelsa", "adm1_name1": null, "adm1_name2": null, "adm1_name3": null, "adm1_pcode": "NG006", "adm0_name": "Nigeria", "adm0_name1": null, "adm0_name2": null, "adm0_name3": null, "adm0_pcode": "NG", "valid_on": "2019-04-17", "valid_to": null, "area_sqkm": 948.68029961, "version": "v01", "lang": "en", "lang1": null, "lang2": null, "lang3": null, "adm2_ref_name": "Sagbama", "sendist_en": "Bayelsa West", "sendistpcode": "NG00603", "center_lat": 5.09641931, "center_lon": 6.12385164}, "geometry": {"type": "Polygon", "coordinates": [[[6.530881853000096, 5.284537818000047], [6.541174890000093, 5.295972834000111], [6.548624035000103, 5.30234719300006], [6.555650307000064, 5.310586968000109], [6.563160091000043, 5.32021287200007], [6.567076170000178, 5.333620115000144], [6.568703251000045, 5.34706690500019], [6.56945792300013, 5.362852982999982], [6.569632174000049, 5.372142817], [6.561977843000136, 5.379249111000036], [6.552827764000028, 5.379875148000053], [6.540015304000065, 5.380566169000076], [6.52854924899998, 5.379838874000029], [6.51847516100014, 5.380016805000139], [6.5005980090001, 5.379403115000173], [6.485476966000022, 5.379205287000104], [6.495871100000102, 5.369657566000171], [6.500541118000115, 5.351987823], [6.502585989000124, 5.338941155000043], [6.493019238000045, 5.328299503000096], [6.493532108000181, 5.326040677000037], [6.490166611000177, 5.324021279000135], [6.473052980000034, 5.321882189000064], [6.450234820000105, 5.32758668300005], [6.434547526000131, 5.323308004000182], [6.425990657999989, 5.311185894000118], [6.408876887000019, 5.304768491000175], [6.39318889499998, 5.306907674000172], [6.380353951000131, 5.309046728000055], [6.362527497000031, 5.314038302000029], [6.347552897000071, 5.320455962000096], [6.338832400000172, 5.319910929], [6.333601004000059, 5.317730936000032], [6.330088241999988, 5.313632437000138], [6.327453742000159, 5.310412441000153], [6.325403125000037, 5.30653952900019], [6.32187704200004, 5.305265005000024], [6.315568088000134, 5.304772846999981], [6.310642852000115, 5.303543017000038], [6.306432293000171, 5.302983798000014], [6.302890284999989, 5.301016329000049], [6.300047772000084, 5.299026442000184], [6.297190657000044, 5.296343761000173], [6.295017594000115, 5.292945797000016], [6.292909551000037, 5.289627586], [6.289982303000102, 5.286700302000099], [6.288518478000071, 5.284943527000166], [6.287700740000105, 5.283717196], [6.286762163000162, 5.282309093000151], [6.285005418000026, 5.279088956000066], [6.283542045000161, 5.27499053400004], [6.283542122000085, 5.270599379000089], [6.283834466000087, 5.266500892000181], [6.285265436000032, 5.26274393000017], [6.28715561000007, 5.259274517000108], [6.290751905000036, 5.251054718000034], [6.292275299000153, 5.245395235000103], [6.293005958000094, 5.238823862000061], [6.290449986000169, 5.23407741699998], [6.284712919000071, 5.231664612000145], [6.278996067999969, 5.228888015000166], [6.272560722000094, 5.228236179000021], [6.259417428000063, 5.227870921000033], [6.244461045000094, 5.233656834000101], [6.238560250000091, 5.235210463000158], [6.233532927000056, 5.238167805000046], [6.213285462000158, 5.238669347000155], [6.20441611900003, 5.233211465000124], [6.202086897000015, 5.231778071000178], [6.195784226000171, 5.223075895000136], [6.194151356000077, 5.216709090000109], [6.195891476000156, 5.211076663000085], [6.198081900000034, 5.203775007000104], [6.200667800000133, 5.190462041000103], [6.202290892000121, 5.17928125200001], [6.200734075000184, 5.169549966000091], [6.190906914000038, 5.158570762000068], [6.178827659000035, 5.161139942000034], [6.165906323000115, 5.161139961000117], [6.154707358000167, 5.151664273], [6.150269039000023, 5.141166256000133], [6.143735923000179, 5.134776126000077], [6.129725895000036, 5.129266756], [6.120682733000024, 5.133677479000028], [6.109051218000161, 5.14218807900005], [6.097852588000137, 5.14994141], [6.085792668000067, 5.150802572000032], [6.069569589000082, 5.14134406300019], [6.066751007000107, 5.133347035000043], [6.063354122000135, 5.123184177000098], [6.063728271000116, 5.111771553000096], [6.06226784100005, 5.103009731999975], [6.054966095000054, 5.097167949999971], [6.04444300300014, 5.095670666000103], [6.027214582000056, 5.095670679000023], [6.019461505000095, 5.098254686000189], [6.013582200000087, 5.100392787000089], [6.004523214000187, 5.103686771000127], [6.000202140000056, 5.107390869000028], [5.995821024000122, 5.113232166000046], [5.99217035300012, 5.117613285000118], [5.985598630000027, 5.124185066], [5.980889411000021, 5.130557515000135], [5.97829684200002, 5.133312196000077], [5.974926594000067, 5.137524633000169], [5.970254995000175, 5.128180965000126], [5.966450345000112, 5.110024913000188], [5.959865181000055, 5.10084816300008], [5.962886757000149, 5.09103586800012], [5.966843171000107, 5.082137131000025], [5.971264908000137, 5.073695230000112], [5.978823139000156, 5.061480017000065], [5.992317186000093, 5.048230155000169], [5.993516061000093, 5.038916123000092], [5.992338278000091, 5.024995768], [5.993061896000086, 5.014759982000044], [5.993163003, 4.995706076000033], [5.992520872000114, 4.985959075000153], [5.989848183000049, 4.965559957000039], [5.985957968000093, 4.9535469650001], [5.980174890000171, 4.938313959000027], [5.980811077000112, 4.923432849000164], [5.982469129000037, 4.914111156999979], [5.988237851000179, 4.904250132000072], [5.992608017000123, 4.89302111100011], [6.002613077000149, 4.889126781000073], [6.001824604000035, 4.887500193000164], [6.001126909000106, 4.885777560000179], [6.000663923000161, 4.884342931000049], [6.000769444000127, 4.883056106000083], [6.001502089000041, 4.880486766000104], [6.003293387000156, 4.876577393000048], [5.999905075000072, 4.866868975000045], [5.996057893000113, 4.857179131000123], [5.989272045000121, 4.837317013000018], [5.988181066000038, 4.828043009000112], [5.98929417800008, 4.81408309800014], [6.009434136000095, 4.8132629320001], [6.028244069000095, 4.814788840000062], [6.041541030000076, 4.81548406100012], [6.050725847000024, 4.816716203000112], [6.061275977000037, 4.817459120000024], [6.072821204999968, 4.822366266000131], [6.075476986000069, 4.841835994000121], [6.074865757000055, 4.858110938000038], [6.073287001000153, 4.871614015000034], [6.07221889300007, 4.887896977000139], [6.073326980000161, 4.898100812], [6.075332993000131, 4.907359122000059], [6.077330134000078, 4.916152938999971], [6.081203033000179, 4.927237034000029], [6.085534088000145, 4.938312985000152], [6.087662144000035, 4.95407389200011], [6.090637231000073, 4.966104047000101], [6.089931011999965, 4.977269137], [6.085604064999984, 4.990820857000074], [6.079894912000043, 5.003932962000022], [6.070539918000122, 5.018039210000154], [6.062490095000157, 5.028404265], [6.054904856, 5.03922604100012], [6.054629795000096, 5.048988813000051], [6.065717083000152, 5.053905043000043], [6.074997025000073, 5.06024601200005], [6.080352893, 5.052717234000056], [6.087038970000151, 5.042839995], [6.094182990000093, 5.032956151000064], [6.102215705000106, 5.021660810000128], [6.109351292000099, 5.011312013000122], [6.113480403000096, 5.005296602999977], [6.114976399000057, 5.000046671000121], [6.116054242000132, 4.997791827000071], [6.118984211000168, 4.995951016000049], [6.122704825000028, 4.994648983000047], [6.12523002100005, 4.993736942], [6.128944378000142, 4.993233647000011], [6.131458877999989, 4.993652817000054], [6.142127612000081, 4.998303526000029], [6.142622855000127, 4.998787907000064], [6.155772926000054, 5.020173292000152], [6.16509163000012, 5.050091117000136], [6.172105786000145, 5.059926061000112], [6.180618642000184, 5.074180131000162], [6.186737914000048, 5.082900997000024], [6.203141324000114, 5.102592930000128], [6.213502995000113, 5.117743984000185], [6.219234049000022, 5.130188963000023], [6.229050992000055, 5.140704156000083], [6.23840198400012, 5.150762093000139], [6.247786874000042, 5.162677813000187], [6.254354841000179, 5.170927017000054], [6.265036188000124, 5.178637957000035], [6.27608819500017, 5.181695018000084], [6.28849517000009, 5.183798845000183], [6.293441317000145, 5.184673625000073], [6.296140947000026, 5.185876047000079], [6.29865168900011, 5.18670712200003], [6.30044605900008, 5.187171712000065], [6.301164689000075, 5.187267186000156], [6.303052814000068, 5.187190992000069], [6.306019886000058, 5.187122627], [6.307740413000033, 5.187066228000049], [6.311013332000016, 5.187583938000103], [6.323842918000025, 5.187821830000075], [6.33892924800017, 5.186161984000023], [6.365991053000073, 5.188006940000093], [6.379288255000063, 5.188702082000077], [6.388543212000116, 5.193649789000062], [6.400932718999968, 5.19482515500016], [6.424065970000129, 5.206963087000076], [6.439308302000029, 5.213663986000029], [6.451353900000186, 5.220886222000047], [6.462906930000031, 5.226257833000147], [6.473561851000113, 5.232575935000114], [6.486998911000057, 5.240703148000136], [6.49681629000014, 5.251216877000047], [6.504766008000104, 5.259905834], [6.512241805000031, 5.267673087000105], [6.519733895000172, 5.276370033000092], [6.530881853000096, 5.284537818000047]]]}}, {"type": "Feature", "properties": {"adm2_name": "Sapele", "adm2_name1": null, "adm2_name2": null, "adm2_name3": null, "adm2_pcode": "NG010017", "adm1_name": "Delta", "adm1_name1": null, "adm1_name2": null, "adm1_name3": null, "adm1_pcode": "NG010", "adm0_name": "Nigeria", "adm0_name1": null, "adm0_name2": null, "adm0_name3": null, "adm0_pcode": "NG", "valid_on": "2019-04-17", "valid_to": null, "area_sqkm": 429.08470614, "version": "v01", "lang": "en", "lang1": null, "lang2": null, "lang3": null, "adm2_ref_name": "Sapele", "sendist_en": "Delta Central", "sendistpcode": "NG01001", "center_lat": 5.83616068, "center_lon": 5.65904284}, "geometry": {"type": "Polygon", "coordinates": [[[5.774864489000095, 5.824809039], [5.768381187000102, 5.834632914000053], [5.778664044000152, 5.842123918000084], [5.774423190999983, 5.85457038200019], [5.765964556000085, 5.860007820000135], [5.753881520999983, 5.858195224999974], [5.747235775000092, 5.867861729000083], [5.742402468000137, 5.86967463600007], [5.7333398560001, 5.86665347100012], [5.724881531000051, 5.865445111000156], [5.718697060000181, 5.870058011000083], [5.722056789000078, 5.879100737999977], [5.721336825000037, 5.888111099000071], [5.726694173000055, 5.895653304000177], [5.727298325000163, 5.904111897000064], [5.722464984, 5.901694775000067], [5.711096792000149, 5.897040882000056], [5.70156480300011, 5.899735032000024], [5.692031833000044, 5.902430054999968], [5.681134148000126, 5.90649987], [5.673611037000171, 5.916145760000177], [5.66561415700005, 5.924197691000188], [5.660602715000152, 5.928010106000045], [5.653050517000054, 5.936501608000071], [5.647653031, 5.942872758000021], [5.642828341000154, 5.944968574000029], [5.638008755000158, 5.94652943400007], [5.632659939000121, 5.947550269000033], [5.624695789000157, 5.943190675000096], [5.622174171000097, 5.940965656000117], [5.620361886000126, 5.929486201000032], [5.616248504000168, 5.923158100000023], [5.612507870000059, 5.91740327600013], [5.601522841000076, 5.916934073000107], [5.591301071000032, 5.921701977999987], [5.583109946000036, 5.928568770000084], [5.57565398700018, 5.939153216000079], [5.570820230000152, 5.948819656000182], [5.563938004000022, 5.958229946000074], [5.557851662000076, 5.950551048000079], [5.549727923000148, 5.942161144000124], [5.541590215999975, 5.937239110000178], [5.530034988000125, 5.935756196000057], [5.51711166500013, 5.936341756], [5.515114850000032, 5.926617196999985], [5.523302921999971, 5.920443957000089], [5.530823266000141, 5.911489925000183], [5.538354740000159, 5.899764126000093], [5.548554947000071, 5.899849008000047], [5.556734170000141, 5.895755849000011], [5.562211005000052, 5.887479803000076], [5.565653936999979, 5.87779996900008], [5.556167022000125, 5.870092856000042], [5.565721913000118, 5.862544132000039], [5.564401129000089, 5.853517950000139], [5.552169883000033, 5.851335986000095], [5.548840643000119, 5.84894034600012], [5.547719514000164, 5.844904852000184], [5.547719437000069, 5.842662849000021], [5.546598320000101, 5.837281752000024], [5.548616338000102, 5.835039607000056], [5.550185778000127, 5.832797031000155], [5.549513436999973, 5.830330805000187], [5.552427863999981, 5.830106785000112], [5.555791469000042, 5.828312928000116], [5.558257676000096, 5.828985709000108], [5.559161653, 5.82614463800013], [5.561396568000077, 5.819120352000141], [5.563862895000113, 5.816430035000053], [5.567450172, 5.807909900000027], [5.568795066000121, 5.803425816000072], [5.569916129000035, 5.799389818000122], [5.575521918000163, 5.789524572000118], [5.577988117000189, 5.785937345000036], [5.581799578000187, 5.784367578000058], [5.587629377000155, 5.781004441000107], [5.591889405000018, 5.779659336000066], [5.596149061000062, 5.777193083000043], [5.599064006999981, 5.776744343000018], [5.602136252000093, 5.778242148000061], [5.614364010000031, 5.781117911000081], [5.617126977999988, 5.771431851000102], [5.613788225000064, 5.757534922000048], [5.609756996000044, 5.746406090999983], [5.613196870000081, 5.737419124000098], [5.614406289000044, 5.736201170000015], [5.618134623000174, 5.727513137000187], [5.624161380000089, 5.714454858000181], [5.631891029000087, 5.716524035000077], [5.645420766000143, 5.719739019000144], [5.65611164500018, 5.717696771000078], [5.671051418000047, 5.717833206000137], [5.704055930000038, 5.726693202000092], [5.718376548000151, 5.736452929000166], [5.732602737000093, 5.75691209900009], [5.774864489000095, 5.824809039]]]}}, {"type": "Feature", "properties": {"adm2_name": "Southern Ijaw", "adm2_name1": null, "adm2_name2": null, "adm2_name3": null, "adm2_pcode": "NG006007", "adm1_name": "Bayelsa", "adm1_name1": null, "adm1_name2": null, "adm1_name3": null, "adm1_pcode": "NG006", "adm0_name": "Nigeria", "adm0_name1": null, "adm0_name2": null, "adm0_name3": null, "adm0_pcode": "NG", "valid_on": "2019-04-17", "valid_to": null, "area_sqkm": 2707.33883137, "version": "v01", "lang": "en", "lang1": null, "lang2": null, "lang3": null, "adm2_ref_name": "Southern Ijaw", "sendist_en": "Bayelsa Central", "sendistpcode": "NG00601", "center_lat": 4.71595194, "center_lon": 5.88057525}, "geometry": {"type": "Polygon", "coordinates": [[[6.142127612000081, 4.998303526000029], [6.131458877999989, 4.993652817000054], [6.128944378000142, 4.993233647000011], [6.12523002100005, 4.993736942], [6.122704825000028, 4.994648983000047], [6.118984211000168, 4.995951016000049], [6.116054242000132, 4.997791827000071], [6.114976399000057, 5.000046671000121], [6.113480403000096, 5.005296602999977], [6.109351292000099, 5.011312013000122], [6.102215705000106, 5.021660810000128], [6.094182990000093, 5.032956151000064], [6.087038970000151, 5.042839995], [6.080352893, 5.052717234000056], [6.074997025000073, 5.06024601200005], [6.065717083000152, 5.053905043000043], [6.054629795000096, 5.048988813000051], [6.054904856, 5.03922604100012], [6.062490095000157, 5.028404265], [6.070539918000122, 5.018039210000154], [6.079894912000043, 5.003932962000022], [6.085604064999984, 4.990820857000074], [6.089931011999965, 4.977269137], [6.090637231000073, 4.966104047000101], [6.087662144000035, 4.95407389200011], [6.085534088000145, 4.938312985000152], [6.081203033000179, 4.927237034000029], [6.077330134000078, 4.916152938999971], [6.075332993000131, 4.907359122000059], [6.073326980000161, 4.898100812], [6.07221889300007, 4.887896977000139], [6.073287001000153, 4.871614015000034], [6.074865757000055, 4.858110938000038], [6.075476986000069, 4.841835994000121], [6.072821204999968, 4.822366266000131], [6.061275977000037, 4.817459120000024], [6.050725847000024, 4.816716203000112], [6.041541030000076, 4.81548406100012], [6.028244069000095, 4.814788840000062], [6.009434136000095, 4.8132629320001], [5.98929417800008, 4.81408309800014], [5.988181066000038, 4.828043009000112], [5.989272045000121, 4.837317013000018], [5.996057893000113, 4.857179131000123], [5.999905075000072, 4.866868975000045], [6.003293387000156, 4.876577393000048], [6.001502089000041, 4.880486766000104], [6.000769444000127, 4.883056106000083], [6.000663923000161, 4.884342931000049], [6.001126909000106, 4.885777560000179], [6.001824604000035, 4.887500193000164], [6.002613077000149, 4.889126781000073], [5.992608017000123, 4.89302111100011], [5.977788088000011, 4.884452829000111], [5.967160130000138, 4.879528984999979], [5.953774841000097, 4.874189876000116], [5.942688806999968, 4.869274132000157], [5.930211977000056, 4.86345294900002], [5.917743171000097, 4.858098035000125], [5.904332281000165, 4.85136414800013], [5.895068154000057, 4.84595201500008], [5.878451758000097, 4.839273909000156], [5.860426930000187, 4.830763849000164], [5.84565111500018, 4.824519176000138], [5.836880079000082, 4.820957140000075], [5.827633872000035, 4.816473008000173], [5.812435063000066, 4.812095144000125], [5.797201061000123, 4.805858131000036], [5.785584992000111, 4.803482491000125], [5.781522844000051, 4.807175136000183], [5.77155253400008, 4.814560406000169], [5.767859957000155, 4.812344543000052], [5.766013692000058, 4.800528070000155], [5.755305339000017, 4.79609726800004], [5.735364964000098, 4.798312654000028], [5.724267129000168, 4.800641084000119], [5.720225295000034, 4.806436526000027], [5.714316969000038, 4.808651931000099], [5.711542064000071, 4.805975910000086], [5.70434676400015, 4.809021501000075], [5.701392787000088, 4.812344582000151], [5.696592426000166, 4.810498198000175], [5.695484667000073, 4.801636204000033], [5.696592315000089, 4.792773716], [5.694038546000058, 4.784626456000012], [5.689576243999966, 4.778741845000127], [5.682929421999972, 4.781326748000026], [5.674067375000106, 4.785388498000032], [5.665574052000181, 4.783542184], [5.648652107000089, 4.77455898400018], [5.647110853000129, 4.768771632000039], [5.642523662000087, 4.765374208000139], [5.644182278000187, 4.756051059000129], [5.647687917000042, 4.747624887000143], [5.644756776000122, 4.737917948000188], [5.632462921000126, 4.741853239000079], [5.625324784000099, 4.743661874000054], [5.626801464000039, 4.740707890000067], [5.631246597000029, 4.736355297000102], [5.630494031000126, 4.732953087000169], [5.627540090000025, 4.732584007000185], [5.624456919000124, 4.738062862000106], [5.620893557000159, 4.737384283000154], [5.62126251900014, 4.73295309000008], [5.620523989000162, 4.728891380999983], [5.616198945000065, 4.729592801000138], [5.610184707000144, 4.730368119000161], [5.610184678000053, 4.738861558999986], [5.607599773000175, 4.738492010000073], [5.605015312000091, 4.739599701000145], [5.602060858000073, 4.744400532999975], [5.597630160000108, 4.744769594000047], [5.596521980999967, 4.740338333000125], [5.595687786000155, 4.735066904000178], [5.588767574000087, 4.730368164000083], [5.583527466000135, 4.727528095000025], [5.577991946000054, 4.72726963700012], [5.569565662000116, 4.722613831], [5.566681877000121, 4.727214816000128], [5.562679642000035, 4.723166016000107], [5.558862612000041, 4.724513062000028], [5.553646044000061, 4.730425382000021], [5.553993697000124, 4.733555319000061], [5.55121126500012, 4.740510906000111], [5.548429564000116, 4.743988487000024], [5.545994655000186, 4.742945200000122], [5.544603702000131, 4.737380941000083], [5.546342827000046, 4.732164364000027], [5.550971085000185, 4.724376193000182], [5.556918750000136, 4.711812985], [5.561072822000142, 4.708581939], [5.567996563, 4.700273527000036], [5.570516108000049, 4.697214073], [5.571108497000125, 4.691035322000118], [5.572967810000023, 4.686188132000154], [5.578455127000097, 4.681375007000099], [5.580867979000118, 4.680430658000034], [5.581382274000077, 4.679040868000129], [5.588018307000027, 4.673738031000028], [5.591484413000103, 4.668667779000089], [5.594361810000066, 4.664459222000175], [5.602836029000173, 4.6522269190001], [5.605774845000155, 4.647212994000142], [5.60819202600004, 4.644698179000159], [5.60993965300014, 4.640855770000144], [5.616516122000064, 4.631210286000169], [5.62569373700012, 4.614419489999989], [5.634710769000151, 4.606658463000088], [5.63756079500007, 4.601616828000147], [5.640002786000025, 4.595494739000117], [5.647863744000119, 4.588683097000171], [5.654311635000113, 4.579339478], [5.662550949000092, 4.570269110000083], [5.663427812000066, 4.567200164000155], [5.666277989000093, 4.562158102000069], [5.671100043000081, 4.558212291000189], [5.67570393200009, 4.554924014000164], [5.682061136000073, 4.552074440000069], [5.687979603000144, 4.537386872000013], [5.692364234000081, 4.533660407000184], [5.696967662000134, 4.532783489999986], [5.702009596000039, 4.53212594300004], [5.704639926000084, 4.51984975900001], [5.707928273000107, 4.515465744000096], [5.712093349000099, 4.512177452000174], [5.713627917000053, 4.510423653000089], [5.721300194000094, 4.504505155000174], [5.728534299000103, 4.498586172000046], [5.735549021000168, 4.492229001000112], [5.74168722700017, 4.48916008600014], [5.745194357000116, 4.485652445000085], [5.75571689800006, 4.477541926000015], [5.769088621000037, 4.468334689000187], [5.774788428000136, 4.464827566], [5.778953585000011, 4.460881686], [5.794956108000065, 4.448386184000128], [5.79977891600015, 4.445317254000088], [5.808547529000123, 4.438740734000021], [5.817754249000188, 4.431287768000118], [5.822357611000029, 4.427560810000102], [5.828057220000119, 4.421203612999989], [5.831784304999985, 4.41725777900001], [5.836825742000144, 4.413531301999967], [5.844059987000151, 4.404543397000168], [5.847348323000119, 4.401913165000167], [5.863662169000065, 4.400169237000114], [5.875945718000082, 4.398856127000158], [5.876592162000065, 4.398787022000022], [5.881623476000186, 4.397076099000117], [5.885241029000099, 4.395845901000143], [5.897019982000074, 4.390473999000108], [5.904316898000047, 4.387146003999987], [5.918891916, 4.38270617400002], [5.918891949000113, 4.38270616300008], [5.927539818000014, 4.379765038000187], [5.934884074000024, 4.377528510000047], [5.942115774000115, 4.375326157000188], [5.945189139000092, 4.373761072000093], [5.946165571000051, 4.373263831999964], [5.95346021600011, 4.369548796000061], [5.953460274000122, 4.369548804999965], [5.95585730300013, 4.369910485000048], [5.956541460000153, 4.370013719999974], [5.956541531000084, 4.370013731000085], [5.964485167000078, 4.3712129540001], [5.969133918000011, 4.375040958000113], [5.973324775000151, 4.378491877000101], [5.972154466, 4.38702169000004], [5.971416462999969, 4.392400265000163], [5.971416464000072, 4.403478153000151], [5.973714635000078, 4.406476844], [5.978549964000024, 4.412786013000073], [5.981273265000027, 4.425161976000084], [5.982494356000075, 4.430711267000106], [5.989879614000074, 4.44409704200018], [5.994878779000032, 4.452925197000127], [6.004996668000103, 4.455069993000109], [6.004996777000031, 4.45507002], [6.018814080000084, 4.459008220999976], [6.035111782000172, 4.465373558000067], [6.035888138000075, 4.465676768000094], [6.03588819099997, 4.465676790000089], [6.047431948000053, 4.470584868000117], [6.056220049000046, 4.475076202000139], [6.064576134000163, 4.480968948999987], [6.075696939000068, 4.48774290200015], [6.092973214000153, 4.505095961], [6.09430881000003, 4.506552773000124], [6.105132096000091, 4.518358239000065], [6.112263987000119, 4.525636100000156], [6.115873815000043, 4.529319766000128], [6.126414772000089, 4.529599197000039], [6.138486860000114, 4.538215165999986], [6.159706113000141, 4.566572191000148], [6.169029236000142, 4.579031960000179], [6.173306944000046, 4.587320807000026], [6.179451947000189, 4.597435008000161], [6.181904323000083, 4.600429695000059], [6.186954012000172, 4.606596], [6.193117138000105, 4.617640030000189], [6.200047057000177, 4.637125036000157], [6.201821801000108, 4.642115124000043], [6.197979097000143, 4.657052990000011], [6.196331139000051, 4.66684005500008], [6.198555029000033, 4.687710723000123], [6.2005792920001, 4.697898861], [6.20490983600007, 4.708973883000112], [6.206951238000045, 4.72009088700014], [6.207133884000086, 4.729846025000143], [6.206955056000027, 4.744719044000135], [6.207129995, 4.754010208000068], [6.207012224000152, 4.772133834000044], [6.208103193000056, 4.781408785000167], [6.210109135000152, 4.79066706600014], [6.21396389400013, 4.800821762000112], [6.220117948000052, 4.811400895000133], [6.224404928000183, 4.820155139000065], [6.230981894000081, 4.82886696800017], [6.235286259000191, 4.838550057000077], [6.238035997000111, 4.851940786000057], [6.236306757000079, 4.854788623000047], [6.22288732200002, 4.869280383000046], [6.215581178000036, 4.875305427000114], [6.202848473000131, 4.87885634600002], [6.180439619000026, 4.881724069000086], [6.16651953000013, 4.882224216000168], [6.152651612000057, 4.882116150000115], [6.147355203000131, 4.940584213000136], [6.142127612000081, 4.998303526000029]]]}}, {"type": "Feature", "properties": {"adm2_name": "Tai", "adm2_name1": null, "adm2_name2": null, "adm2_name3": null, "adm2_pcode": "NG033023", "adm1_name": "Rivers", "adm1_name1": null, "adm1_name2": null, "adm1_name3": null, "adm1_pcode": "NG033", "adm0_name": "Nigeria", "adm0_name1": null, "adm0_name2": null, "adm0_name3": null, "adm0_pcode": "NG", "valid_on": "2019-04-17", "valid_to": null, "area_sqkm": 160.568126, "version": "v01", "lang": "en", "lang1": null, "lang2": null, "lang3": null, "adm2_ref_name": "Tai", "sendist_en": "Rivers South East", "sendistpcode": "NG03302", "center_lat": 4.76984643, "center_lon": 7.26197492}, "geometry": {"type": "Polygon", "coordinates": [[[7.321206999000083, 4.783119239000087], [7.312029795000171, 4.786455167999975], [7.298726038000154, 4.791688004000036], [7.285886696999967, 4.797385215000077], [7.275788913999975, 4.800727848000179], [7.266169097000102, 4.805933034000077], [7.256552167000052, 4.81160306400011], [7.240954762000115, 4.81778717200018], [7.232273130000181, 4.824849142000062], [7.220324895000033, 4.827274817000102], [7.208372026000177, 4.829234143000065], [7.195076966000045, 4.835400063000066], [7.181752315000097, 4.838303095000072], [7.180681267000125, 4.821993856000063], [7.188416890000042, 4.812142829000095], [7.189531808000083, 4.811416795000071], [7.190458920000083, 4.805771398000047], [7.193905198000095, 4.799210729000151], [7.199629827000081, 4.792089363000116], [7.20691819700005, 4.786910153000065], [7.203258167000115, 4.773797042000183], [7.197207795000054, 4.766851891000101], [7.193439050000109, 4.757557879999979], [7.195190844000081, 4.747754083000189], [7.200164729000107, 4.737924089000046], [7.202381126000091, 4.728581892000079], [7.202617007000185, 4.722696164000126], [7.203927197000041, 4.72215486500005], [7.205699623000157, 4.721866807000026], [7.207036623000079, 4.720092593000118], [7.207483897000145, 4.719204386000058], [7.20763579000004, 4.718314726000187], [7.207197167000061, 4.717422179000152], [7.204035976000057, 4.715754307000168], [7.206347892000053, 4.709436887000038], [7.214109895000036, 4.702382108000165], [7.224216788000035, 4.699971199000061], [7.226068593999969, 4.700393244000054], [7.234645755000088, 4.702348254000185], [7.246848133000015, 4.707716933000029], [7.257001806, 4.710433946000023], [7.27450892000013, 4.711693753000077], [7.285574827000119, 4.713470913000037], [7.295247011000129, 4.713860980000106], [7.304935908000061, 4.716114988000072], [7.316945157000077, 4.720214874000021], [7.32845775800007, 4.720590111000092], [7.344653147000088, 4.729320048000034], [7.339686909000079, 4.740081793000058], [7.328729244000158, 4.74995897000008], [7.325122763000081, 4.758378990000097], [7.323874926000144, 4.772840961000043], [7.321206999000083, 4.783119239000087]]]}}, {"type": "Feature", "properties": {"adm2_name": "Udu", "adm2_name1": null, "adm2_name2": null, "adm2_name3": null, "adm2_pcode": "NG010018", "adm1_name": "Delta", "adm1_name1": null, "adm1_name2": null, "adm1_name3": null, "adm1_pcode": "NG010", "adm0_name": "Nigeria", "adm0_name1": null, "adm0_name2": null, "adm0_name3": null, "adm0_pcode": "NG", "valid_on": "2019-04-17", "valid_to": null, "area_sqkm": 165.81848439, "version": "v01", "lang": "en", "lang1": null, "lang2": null, "lang3": null, "adm2_ref_name": "Udu", "sendist_en": "Delta Central", "sendistpcode": "NG01001", "center_lat": 5.47697599, "center_lon": 5.81210496}, "geometry": {"type": "Polygon", "coordinates": [[[5.819704448000152, 5.539459243000181], [5.814690513000187, 5.53850457600015], [5.811209271000109, 5.539309557000024], [5.807727742000054, 5.540113948000055], [5.803577017000066, 5.542326985000102], [5.800140720000059, 5.545210362000034], [5.796689010000136, 5.547400905000188], [5.793921844000124, 5.548875814999974], [5.789726270000074, 5.549009788000149], [5.787628056000017, 5.549076956000022], [5.785470438, 5.546372003000158], [5.784635457000149, 5.540157351000175], [5.785989301000086, 5.538033508000069], [5.790094863000093, 5.533741887000133], [5.792132962999972, 5.530902867000066], [5.7955088490001, 5.525247150000098], [5.798275813000032, 5.523772227], [5.801012861, 5.520910727000057], [5.804434662000062, 5.517334439000081], [5.805448734000151, 5.515099187000033], [5.805671079000149, 5.513531002000036], [5.805578703000151, 5.512169625000126], [5.805171280000081, 5.511014605000128], [5.80450151000008, 5.510066700000152], [5.803522649, 5.508645132000083], [5.802850611, 5.507958879000057], [5.80222720200004, 5.50763946100011], [5.801291633000176, 5.507264875000033], [5.800041472000032, 5.507044639000128], [5.798685290000094, 5.5070327520001], [5.796646595000084, 5.507538113000066], [5.794449481000186, 5.508251611000162], [5.791867564000142, 5.509674588], [5.789613640000027, 5.511565703000088], [5.787560860000156, 5.513711952000108], [5.785493259000077, 5.515164838000089], [5.779360982000071, 5.520209045000058], [5.774782859000084, 5.521600139000043], [5.769754370000157, 5.522242837000135], [5.76547507500004, 5.522288592999985], [5.770725281000125, 5.518085612000164], [5.775585901999989, 5.511172919000103], [5.777260783000145, 5.50262690500017], [5.777317078000067, 5.49620686500009], [5.774141034000024, 5.493503588000124], [5.765057084000148, 5.495563335000156], [5.75544460499998, 5.497083214000043], [5.742141725000124, 5.49375456100006], [5.734690628000124, 5.492082827000104], [5.725714748000144, 5.48395227400016], [5.721776031000104, 5.481040914000175], [5.721176822000189, 5.48051708800017], [5.754342783000141, 5.470856149999975], [5.767182397000056, 5.46615454800002], [5.769885893000094, 5.461898070000075], [5.771523107, 5.457632126000078], [5.768422678000093, 5.446368772000028], [5.755192633000092, 5.435015341000053], [5.743005823000033, 5.426345985000012], [5.741722133000053, 5.425782895000168], [5.744100380000077, 5.423145545000068], [5.749993491000168, 5.419987706000029], [5.7515488250001, 5.419320623000146], [5.758532897000066, 5.418993553000121], [5.790572673000042, 5.413391064000109], [5.801230557999986, 5.414019728000028], [5.810817468000096, 5.415173671000048], [5.814498130000175, 5.41533326800004], [5.827495049000049, 5.410491899000078], [5.841103918000101, 5.408525027000053], [5.854682876000084, 5.413492140000074], [5.865529904000141, 5.421210705000021], [5.873650151000106, 5.430294026000126], [5.881754885000134, 5.442843951000157], [5.885099960000048, 5.455354255000145], [5.890500079, 5.464415093000071], [5.89114001300004, 5.473434897000118], [5.890418007000164, 5.483138043000054], [5.879521743000112, 5.486515108000106], [5.867250868000099, 5.493347143000108], [5.861776955000039, 5.500929768000162], [5.858325057000059, 5.512691001000121], [5.85010302, 5.526492131000168], [5.842593172000022, 5.533363808000047], [5.835761897000111, 5.540242213999989], [5.835227411000119, 5.542902507000122], [5.828752156000064, 5.541523471000062], [5.824540977000026, 5.540964635000023], [5.819704448000152, 5.539459243000181]]]}}, {"type": "Feature", "properties": {"adm2_name": "Udung Uko", "adm2_name1": null, "adm2_name2": null, "adm2_name3": null, "adm2_pcode": "NG003027", "adm1_name": "Akwa Ibom", "adm1_name1": null, "adm1_name2": null, "adm1_name3": null, "adm1_pcode": "NG003", "adm0_name": "Nigeria", "adm0_name1": null, "adm0_name2": null, "adm0_name3": null, "adm0_pcode": "NG", "valid_on": "2019-04-17", "valid_to": null, "area_sqkm": 58.68352794, "version": "v01", "lang": "en", "lang1": null, "lang2": null, "lang3": null, "adm2_ref_name": "Udung Uko", "sendist_en": "Akwa Ibom South", "sendistpcode": "NG00303", "center_lat": 4.74925758, "center_lon": 8.26545933}, "geometry": {"type": "Polygon", "coordinates": [[[8.303631129000166, 4.733638788000121], [8.303231124000035, 4.734991520000165], [8.301987615000087, 4.736777770000174], [8.300458118000051, 4.743515042000183], [8.29990584, 4.743927001000088], [8.297564756000156, 4.744334664000121], [8.296874188, 4.744745704000024], [8.297424061000129, 4.745296982000184], [8.29797338200018, 4.745849111000098], [8.29879923600015, 4.746125727000106], [8.300176558000032, 4.74612809700011], [8.30100460000017, 4.745854863999966], [8.301418018000106, 4.745443341000112], [8.301971599000183, 4.744343762000028], [8.3026668010001, 4.741180927000073], [8.30349852300003, 4.739256838000131], [8.30377683200004, 4.737743858000158], [8.304743504999976, 4.736095401000114], [8.305298945000118, 4.734583374000124], [8.306201230000113, 4.733684601000107], [8.307646533000025, 4.731286051000097], [8.309169932000032, 4.727712608000104], [8.30986509600018, 4.724824877000174], [8.310693799000092, 4.723863558000119], [8.31179718200002, 4.723315722000052], [8.312833145000184, 4.723042929000144], [8.31358697000013, 4.723044405999985], [8.314275646000056, 4.723320951000062], [8.315100457000028, 4.724147839000068], [8.315373296000132, 4.725248843999964], [8.315096817000097, 4.725798617000066], [8.31467740800008, 4.728548975000081], [8.314262426000028, 4.729511284000068], [8.314120261000085, 4.731299425000088], [8.313150170000029, 4.733911065000029], [8.313279852000107, 4.737625602000151], [8.31410108800003, 4.74037886800005], [8.315609885000072, 4.743133073000081], [8.316708324000103, 4.744373325000026], [8.31753089200015, 4.746438522000119], [8.31752700700008, 4.748227144000168], [8.316420750000134, 4.75028802200012], [8.312969355000064, 4.753995413000041], [8.31200150900014, 4.755369197], [8.311033510000073, 4.757431023000095], [8.310204713000132, 4.758392340000114], [8.300404552000089, 4.767864724000162], [8.300263119000022, 4.769515030999969], [8.299986062000073, 4.770339464000074], [8.299433501000124, 4.770888824000053], [8.29833024800007, 4.771574487000066], [8.296814035000125, 4.772121412000104], [8.292679906000103, 4.772800900000163], [8.292265876000101, 4.773212412000134], [8.292123081000113, 4.775551315000087], [8.291569424000045, 4.776650896000035], [8.291017395000097, 4.777199743999972], [8.288122871000041, 4.777881590000106], [8.283911232000037, 4.779630167000107], [8.282205789000045, 4.778876798], [8.278202831000101, 4.777689912000028], [8.275341734000108, 4.77709006800012], [8.273049595000089, 4.777071019000061], [8.270188512000061, 4.776471134000076], [8.267321777000063, 4.776447788000098], [8.264448288000096, 4.777001828000152], [8.261588342000096, 4.776402026000085], [8.2575685, 4.776947039000106], [8.254122640000162, 4.777495869000063], [8.248389191000172, 4.777450102999978], [8.245516790000067, 4.778004146000114], [8.242650064000031, 4.777979827000138], [8.239216117000012, 4.777375193000012], [8.236355086, 4.776774912000178], [8.232926324000175, 4.775592806000077], [8.230632498000091, 4.775575191000144], [8.221385057000134, 4.777455448000183], [8.218004662000112, 4.772836652000137], [8.21192572000001, 4.762191287000121], [8.212347927000053, 4.754831400000171], [8.21480668800001, 4.746249106000107], [8.213728905000096, 4.738916574000029], [8.213604238000187, 4.738067800000124], [8.21361820800007, 4.731524862000015], [8.214847661000135, 4.727029293000101], [8.216232639000168, 4.726568453000027], [8.219074499999977, 4.727001206000182], [8.221940831000097, 4.727024081000025], [8.224802005000072, 4.727623921000088], [8.227668910000034, 4.727647807000153], [8.23110292900003, 4.72825192200014], [8.235104647000014, 4.729438771000162], [8.237392474000046, 4.730034826], [8.240253714000175, 4.730635175000032], [8.243676402000062, 4.732394182000178], [8.245974511000043, 4.731834892000109], [8.249426750000111, 4.730709080000054], [8.253446670000187, 4.730165010000121], [8.256892071000095, 4.729615185], [8.258629764000034, 4.727898137000068], [8.260366299000111, 4.726181004000182], [8.261531155000057, 4.724458187000039], [8.26327332700015, 4.722164126], [8.26558375600007, 4.720450889000119], [8.268462442000043, 4.719319794000057], [8.271328714000049, 4.719343207000122], [8.275904389, 4.720533866000096], [8.279338988000063, 4.721138936000102], [8.28220582900002, 4.721161819000145], [8.284499314000186, 4.721180887000116], [8.286792800000057, 4.721200013999976], [8.289079538000067, 4.721795039000085], [8.291935195000178, 4.722971895000114], [8.29306511800013, 4.724712827000133], [8.295896723000055, 4.728198989000077], [8.298167287000183, 4.730525958000158], [8.299869529000148, 4.732271155000035], [8.302725852000151, 4.733449002000043], [8.303631129000166, 4.733638788000121]]]}}, {"type": "Feature", "properties": {"adm2_name": "Ughelli North", "adm2_name1": null, "adm2_name2": null, "adm2_name3": null, "adm2_pcode": "NG010019", "adm1_name": "Delta", "adm1_name1": null, "adm1_name2": null, "adm1_name3": null, "adm1_pcode": "NG010", "adm0_name": "Nigeria", "adm0_name1": null, "adm0_name2": null, "adm0_name3": null, "adm0_pcode": "NG", "valid_on": "2019-04-17", "valid_to": null, "area_sqkm": 830.97265091, "version": "v01", "lang": "en", "lang1": null, "lang2": null, "lang3": null, "adm2_ref_name": "Ughelli North", "sendist_en": "Delta Central", "sendistpcode": "NG01001", "center_lat": 5.48688366, "center_lon": 6.0114343}, "geometry": {"type": "Polygon", "coordinates": [[[6.16265490800015, 5.74060392399997], [6.146347879000132, 5.737695191000114], [6.136820883000041, 5.739002263000089], [6.126612254000122, 5.740997790000051], [6.11640502, 5.742299962000175], [6.1034761250001, 5.744273235000094], [6.091908821000118, 5.745563940000068], [6.078306125000097, 5.746143833000133], [6.066047139000091, 5.750203146000047], [6.051740166, 5.756324738999979], [6.048963980000167, 5.768785007000133], [6.044364499000039, 5.766866733000029], [6.03978019900012, 5.764610826000023], [6.031224788000031, 5.764495910000107], [6.027222250000023, 5.764449663000107], [6.02496942200014, 5.764423419000025], [6.019802725000091, 5.764380889000051], [6.015662240999973, 5.764347095000119], [6.007824961000097, 5.761753618000057], [6.004464521000045, 5.760642039000174], [5.991903766, 5.754439853000179], [6.001463829000102, 5.745503892000045], [6.007615163000139, 5.738621252000087], [6.01445816100005, 5.728969050000103], [6.020611761000055, 5.721392145000152], [6.026089298000045, 5.713116142000104], [6.032283824000103, 5.706308871000033], [6.03598310700005, 5.704705788000183], [6.039714393000054, 5.700560113000108], [6.040129176000164, 5.697036235000041], [6.041172104000111, 5.68550202300014], [6.044614855000134, 5.675821845000144], [6.054209365000133, 5.659257914000023], [6.057663878000028, 5.646803865000095], [6.059088122000105, 5.632253092000099], [6.058454058000052, 5.621844747000182], [6.050336824000055, 5.612069088], [6.040855926000063, 5.602974855000127], [6.028649843999972, 5.595244900000125], [6.017790919000106, 5.590301083000043], [6.004210012000044, 5.586027116000025], [5.991306685999973, 5.581757946000096], [5.985916044000021, 5.570618135000075], [5.979833089000067, 5.562244938000106], [5.97100779100009, 5.558703923000166], [5.958748749000051, 5.562763156000187], [5.951642090000121, 5.569075099000088], [5.937604003000104, 5.577149899000119], [5.93076505900018, 5.58610920600006], [5.924602041000071, 5.595766036000043], [5.915039002000071, 5.605394911000133], [5.908167032000108, 5.612124943000083], [5.905779932000144, 5.608413710999969], [5.90229853400001, 5.609218154000018], [5.898801828999979, 5.609329642000034], [5.894636165000122, 5.610849811000094], [5.893162040000107, 5.610413084000129], [5.878443863000086, 5.61372539600012], [5.863498838000112, 5.61466743200009], [5.858707116000176, 5.61355618000016], [5.852448354000103, 5.596915875000093], [5.851753264000138, 5.594022571000153], [5.846122667000145, 5.58728473400015], [5.846538268000131, 5.586590863000026], [5.848565185000041, 5.583887081000114], [5.850618016, 5.581740921], [5.852625794000062, 5.577516128000127], [5.853279938000185, 5.575414717000058], [5.853204809999966, 5.57194997300013], [5.853144600000178, 5.569177578000165], [5.853084662000185, 5.566405740000107], [5.85232502700012, 5.5636563], [5.852280006000058, 5.561577384000145], [5.851535849000186, 5.559520720000137], [5.850398153000015, 5.556378291000101], [5.853374861000134, 5.555645040000115], [5.864266948000079, 5.552961762000109], [5.873786793000022, 5.553040974999988], [5.883985022000161, 5.553819245999989], [5.893517073000055, 5.551125045000106], [5.90712986200009, 5.548463772000105], [5.917338881000035, 5.54646918100002], [5.927988593000123, 5.541010808000181], [5.920714082000131, 5.53489753000008], [5.911719869000024, 5.526260955000055], [5.90541484900001, 5.514971566000042], [5.904944735000015, 5.507476992000079], [5.907109259000094, 5.503749908999964], [5.916748508000126, 5.499016083000186], [5.95991097600006, 5.503123306000077], [5.970584981000115, 5.502141951000169], [5.967478354000036, 5.490880160000131], [5.954760128000032, 5.481143460000112], [5.970862732000057, 5.483650268000076], [5.989715027000045, 5.480496945000027], [5.999262831000067, 5.474335199000166], [5.99523781, 5.461819128000116], [5.991199945000119, 5.452075889000128], [5.987173109000025, 5.440254180000181], [5.98109204800005, 5.431188171000088], [5.984537997000132, 5.420814029000098], [5.989354090000063, 5.408370919000106], [5.994163029000163, 5.397315960000185], [6.004386892000127, 5.391852870000037], [6.013282872000048, 5.379445014000169], [6.018772059000071, 5.368393886999968], [6.020861271000115, 5.357316070000081], [6.022946703000173, 5.346931003000122], [6.025715833000163, 5.335858846000178], [6.028476157999989, 5.326867075000052], [6.026183984000056, 5.316720007000129], [6.018115911000166, 5.299803695999969], [6.010110856000153, 5.287067938000121], [6.004652402000033, 5.267054039000186], [6.005380218000028, 5.25977653200016], [6.006836023000176, 5.245948795000118], [6.013021909000031, 5.233940609000058], [6.02830499300012, 5.221204791000048], [6.043224259000169, 5.212107696000032], [6.052321319000043, 5.209196611000152], [6.054586537999967, 5.209498919000112], [6.071164237, 5.207942990999982], [6.079991777000146, 5.210790166000095], [6.089502920000086, 5.212950207000063], [6.101736917000096, 5.214437991000068], [6.111935164000045, 5.215217180000138], [6.124158972000146, 5.218785763000085], [6.134345072000087, 5.222338231000037], [6.145215904000167, 5.224508769000181], [6.154729755000119, 5.225976014000025], [6.161487184000123, 5.235740223999983], [6.151268099000049, 5.239816208000093], [6.144433997000021, 5.247386914000174], [6.136225222, 5.258415206000109], [6.126649811000107, 5.270818293000104], [6.117763933000106, 5.281146060000083], [6.106126838000137, 5.298387093000088], [6.099275044000024, 5.310119089000068], [6.094473918000176, 5.319094143000143], [6.09372992200008, 5.333651028000133], [6.094364196000129, 5.344058983000025], [6.094324218000054, 5.353073181000127], [6.096314931000165, 5.364184865000084], [6.092174018000094, 5.378020763000166], [6.089103934000093, 5.39029487900018], [6.088019839000026, 5.394629068000086], [6.087977002000116, 5.404337856000097], [6.080441901000086, 5.41675809700007], [6.070876197000189, 5.427081107000106], [6.061984028000097, 5.438796004000153], [6.056478876000085, 5.453312867000022], [6.055731767000168, 5.46856405900013], [6.057714017000023, 5.481756205000124], [6.062437079, 5.490117056000088], [6.069172001000027, 5.504735879], [6.072536028000115, 5.513085807000095], [6.077941917000032, 5.520759125000097], [6.08675488900019, 5.527073828000084], [6.102376988, 5.531364892], [6.111188945000038, 5.537680137000052], [6.116582967999989, 5.548127173000069], [6.115851004000035, 5.559909799000081], [6.112383962000024, 5.575138155000104], [6.115060913000093, 5.584867932], [6.123868020000032, 5.592569796000078], [6.136096079000083, 5.595446079000169], [6.146978945000114, 5.594842839000137], [6.163301896, 5.594284975000164], [6.174163684000064, 5.598536073], [6.181620193000185, 5.604146009000033], [6.194493756000156, 5.614654988000098], [6.211463101000106, 5.621732289000079], [6.202573764000078, 5.632752845000141], [6.190961794000145, 5.644445875000031], [6.184795990000111, 5.654797109000128], [6.179989695000074, 5.665159290000133], [6.177217963000089, 5.676925243000142], [6.174418070000172, 5.694931950000068], [6.173685976000172, 5.706716044000075], [6.16817814400008, 5.721926218000021], [6.166832493000186, 5.726475753000102], [6.16265490800015, 5.74060392399997]]]}}, {"type": "Feature", "properties": {"adm2_name": "Ughelli South", "adm2_name1": null, "adm2_name2": null, "adm2_name3": null, "adm2_pcode": "NG010020", "adm1_name": "Delta", "adm1_name1": null, "adm1_name2": null, "adm1_name3": null, "adm1_pcode": "NG010", "adm0_name": "Nigeria", "adm0_name1": null, "adm0_name2": null, "adm0_name3": null, "adm0_pcode": "NG", "valid_on": "2019-04-17", "valid_to": null, "area_sqkm": 769.97494651, "version": "v01", "lang": "en", "lang1": null, "lang2": null, "lang3": null, "adm2_ref_name": "Ughelli South", "sendist_en": "Delta Central", "sendistpcode": "NG01001", "center_lat": 5.36020949, "center_lon": 5.96777868}, "geometry": {"type": "Polygon", "coordinates": [[[5.850398153000015, 5.556378291000101], [5.845965403000093, 5.557028733000095], [5.842069115000129, 5.557665389000022], [5.840270911000175, 5.558976638000047], [5.841132611999967, 5.561411325000165], [5.838884780000171, 5.563209562000168], [5.835775758000125, 5.561336557000175], [5.834914246000096, 5.557477970000036], [5.834464669999988, 5.553057598000066], [5.831617265000034, 5.551372065000123], [5.828545697000095, 5.550660109000034], [5.826110252000092, 5.549686018000159], [5.8234511550001, 5.546951354000043], [5.822701375000065, 5.545078267], [5.820978028000013, 5.542456145000131], [5.819704448000152, 5.539459243000181], [5.824540977000026, 5.540964635000023], [5.828752156000064, 5.541523471000062], [5.835227411000119, 5.542902507000122], [5.835761897000111, 5.540242213999989], [5.842593172000022, 5.533363808000047], [5.85010302, 5.526492131000168], [5.858325057000059, 5.512691001000121], [5.861776955000039, 5.500929768000162], [5.867250868000099, 5.493347143000108], [5.879521743000112, 5.486515108000106], [5.890418007000164, 5.483138043000054], [5.89114001300004, 5.473434897000118], [5.890500079, 5.464415093000071], [5.885099960000048, 5.455354255000145], [5.881754885000134, 5.442843951000157], [5.873650151000106, 5.430294026000126], [5.865529904000141, 5.421210705000021], [5.854682876000084, 5.413492140000074], [5.841103918000101, 5.408525027000053], [5.827495049000049, 5.410491899000078], [5.814498130000175, 5.41533326800004], [5.810817468000096, 5.415173671000048], [5.801230557999986, 5.414019728000028], [5.790572673000042, 5.413391064000109], [5.758532897000066, 5.418993553000121], [5.7515488250001, 5.419320623000146], [5.749993491000168, 5.419987706000029], [5.744100380000077, 5.423145545000068], [5.741722133000053, 5.425782895000168], [5.707898982000074, 5.410940856000025], [5.708522803000108, 5.402566918000105], [5.710577619000105, 5.400082995000048], [5.71304404000017, 5.397101433999978], [5.715360126000121, 5.394301929999983], [5.722864205000064, 5.388816815000098], [5.726304159000165, 5.379829861000132], [5.728390192000177, 5.369444861999966], [5.730483058000118, 5.357674160000045], [5.729867059000071, 5.343104888000028], [5.73126701700005, 5.334102150000149], [5.73945091600018, 5.32862180300009], [5.748987194000108, 5.325233965999985], [5.757129207000105, 5.329463059999966], [5.762532127000043, 5.337830133000125], [5.778139170999964, 5.345588173000067], [5.792415989000119, 5.346399799000039], [5.801221941999984, 5.354102099000158], [5.810732975000121, 5.356260767000094], [5.820942831000025, 5.354266221000046], [5.839947208000126, 5.362744822000025], [5.850132079000048, 5.366298259000132], [5.861021116000131, 5.364307879000137], [5.87122109000012, 5.364393199000062], [5.882103816000154, 5.363789991999965], [5.895699106000052, 5.365290212000104], [5.904517212000087, 5.370217778000153], [5.911646273000144, 5.379584357000056], [5.913852825999982, 5.379071297000053], [5.91405090700016, 5.375901205000105], [5.914645161000124, 5.372532828000033], [5.914843526000084, 5.367381561000059], [5.915437589000135, 5.356682794999983], [5.914843475000168, 5.346181840000042], [5.913880771000095, 5.34088892300008], [5.907372046000035, 5.339727874], [5.897854850000044, 5.338954879000084], [5.884944031000032, 5.336768200000108], [5.873377733000154, 5.338058003000128], [5.861816996000073, 5.337962167000057], [5.848897048000083, 5.337854807000042], [5.83800704600003, 5.339845220000143], [5.828485046000139, 5.340458934000139], [5.814880783000092, 5.34103918600016], [5.813351295000018, 5.33945938200003], [5.811635957000021, 5.337688021000076], [5.809190712000145, 5.336875377000183], [5.808112147000145, 5.334047834999978], [5.802741919000084, 5.318052767000097], [5.810253196000133, 5.311181034000072], [5.825238234999972, 5.305758026999968], [5.80830092500014, 5.291053739000176], [5.803715154000031, 5.290590256000087], [5.800233712000136, 5.291394691000107], [5.795353290999969, 5.292243910000138], [5.790458083000146, 5.292400392000104], [5.785548083000151, 5.29186346900002], [5.781337281999981, 5.291304109000066], [5.777081393, 5.288666176000049], [5.772840590000044, 5.286721275000161], [5.76929900500005, 5.284753827000088], [5.764343817000054, 5.282137815000169], [5.760102859000142, 5.280192911000029], [5.755147501000124, 5.277576899999985], [5.749477797000111, 5.27429051200005], [5.744492634000039, 5.270288503000131], [5.742336272000159, 5.268263768], [5.738762967000184, 5.264230184000041], [5.737289005999969, 5.260809946000052], [5.737913039000034, 5.257322270000145], [5.738567284000055, 5.255221320000032], [5.742762904000074, 5.255087408000122], [5.748372620000112, 5.255601885000146], [5.754726458, 5.258172909000052], [5.761080382000102, 5.260744118000105], [5.770261883000103, 5.264612234000026], [5.778029078000031, 5.267831781000041], [5.784398118000126, 5.271095774000059], [5.792165295000189, 5.274315294000132], [5.796406349999984, 5.276260400000126], [5.801361684000028, 5.278876274000027], [5.808445096000071, 5.282811216000027], [5.811986591000107, 5.284778559000188], [5.816927040000053, 5.286701697000126], [5.82024714400012, 5.287323969000113], [5.823121903000015, 5.286935276000179], [5.837371703000088, 5.293677317000174], [5.841612922000081, 5.295622319000131], [5.846553391000043, 5.297545460000038], [5.848500659000081, 5.290548405000095], [5.848425359000032, 5.287083607000113], [5.849763856000038, 5.284266886000012], [5.851087440000128, 5.280756951000114], [5.853080349000095, 5.275839349000023], [5.85300501100005, 5.272374144000139], [5.849632300000167, 5.264167249000081], [5.849976197000103, 5.247711192000168], [5.850695967000149, 5.238701828000103], [5.847342107000145, 5.228270977000079], [5.837861142000179, 5.219178158000091], [5.831093817000067, 5.21149297400018], [5.82089992300007, 5.210020944000064], [5.812856330000045, 5.209954302000028], [5.809195447000093, 5.206293124000183], [5.80707605300006, 5.206690852000065], [5.8031059220001, 5.207435082000131], [5.79930015900004, 5.207435198000155], [5.79435249800008, 5.207054182000093], [5.792830449000178, 5.203628945999981], [5.79359160100006, 5.199062273000095], [5.796635983000101, 5.192211589000067], [5.797555812000041, 5.189452139000025], [5.802856894000115, 5.193862438000167], [5.80458549400015, 5.195158917000072], [5.809786233000125, 5.195158928000126], [5.817958772000168, 5.194663553000112], [5.822664396000107, 5.19392062300011], [5.828360461000045, 5.190949025000066], [5.82918732800016, 5.188468036000074], [5.829846315000054, 5.186491015000172], [5.833066119000023, 5.17930894300008], [5.837276337000048, 5.174850949000188], [5.841486323000026, 5.174602984000046], [5.846191924999971, 5.176584754000032], [5.849163883000017, 5.177822649000063], [5.852383617000157, 5.179803799000183], [5.85832733500007, 5.182776020000176], [5.866004917000112, 5.186491014000069], [5.869719875000158, 5.188472318000038], [5.877017523, 5.189892334000149], [5.88259783500007, 5.192682301000104], [5.889232515000117, 5.195372087000123], [5.89644104600012, 5.197474011000111], [5.905970036000042, 5.19547315900013], [5.927133079000043, 5.176925258000153], [5.935315187000072, 5.172138203000088], [5.946148937000089, 5.182630995000181], [5.954278057000181, 5.189632885000037], [5.965157879000117, 5.189723982000032], [5.969274897000048, 5.18143599400014], [5.97272771900009, 5.169675853000115], [5.973460099000135, 5.157893190000152], [5.984343605000049, 5.159445288000143], [5.985648236000088, 5.169783124], [5.988394197000162, 5.184133525000163], [5.989916439000183, 5.185959809999986], [5.993701537000163, 5.18677086800011], [6.002083330000119, 5.189204238000059], [6.011816906999968, 5.190015752000022], [6.020469098999968, 5.191367680000155], [6.029661781000129, 5.192989888999989], [6.049129114000152, 5.199478572000146], [6.062648170000159, 5.205967964000081], [6.071164237, 5.207942990999982], [6.054586537999967, 5.209498919000112], [6.052321319000043, 5.209196611000152], [6.043224259000169, 5.212107696000032], [6.02830499300012, 5.221204791000048], [6.013021909000031, 5.233940609000058], [6.006836023000176, 5.245948795000118], [6.005380218000028, 5.25977653200016], [6.004652402000033, 5.267054039000186], [6.010110856000153, 5.287067938000121], [6.018115911000166, 5.299803695999969], [6.026183984000056, 5.316720007000129], [6.028476157999989, 5.326867075000052], [6.025715833000163, 5.335858846000178], [6.022946703000173, 5.346931003000122], [6.020861271000115, 5.357316070000081], [6.018772059000071, 5.368393886999968], [6.013282872000048, 5.379445014000169], [6.004386892000127, 5.391852870000037], [5.994163029000163, 5.397315960000185], [5.989354090000063, 5.408370919000106], [5.984537997000132, 5.420814029000098], [5.98109204800005, 5.431188171000088], [5.987173109000025, 5.440254180000181], [5.991199945000119, 5.452075889000128], [5.99523781, 5.461819128000116], [5.999262831000067, 5.474335199000166], [5.989715027000045, 5.480496945000027], [5.970862732000057, 5.483650268000076], [5.954760128000032, 5.481143460000112], [5.967478354000036, 5.490880160000131], [5.970584981000115, 5.502141951000169], [5.95991097600006, 5.503123306000077], [5.916748508000126, 5.499016083000186], [5.907109259000094, 5.503749908999964], [5.904944735000015, 5.507476992000079], [5.90541484900001, 5.514971566000042], [5.911719869000024, 5.526260955000055], [5.920714082000131, 5.53489753000008], [5.927988593000123, 5.541010808000181], [5.917338881000035, 5.54646918100002], [5.90712986200009, 5.548463772000105], [5.893517073000055, 5.551125045000106], [5.883985022000161, 5.553819245999989], [5.873786793000022, 5.553040974999988], [5.864266948000079, 5.552961762000109], [5.853374861000134, 5.555645040000115], [5.850398153000015, 5.556378291000101]]]}}, {"type": "Feature", "properties": {"adm2_name": "Ukanafun", "adm2_name1": null, "adm2_name2": null, "adm2_name3": null, "adm2_pcode": "NG003028", "adm1_name": "Akwa Ibom", "adm1_name1": null, "adm1_name2": null, "adm1_name3": null, "adm1_pcode": "NG003", "adm0_name": "Nigeria", "adm0_name1": null, "adm0_name2": null, "adm0_name3": null, "adm0_pcode": "NG", "valid_on": "2019-04-17", "valid_to": null, "area_sqkm": 218.29263666, "version": "v01", "lang": "en", "lang1": null, "lang2": null, "lang3": null, "adm2_ref_name": "Ukanafun", "sendist_en": "Akwa Ibom North West", "sendistpcode": "NG00302", "center_lat": 4.87633505, "center_lon": 7.58543694}, "geometry": {"type": "Polygon", "coordinates": [[[7.660419170000125, 4.938580804000026], [7.659050197000113, 4.939483189000157], [7.656739509000033, 4.941194990000156], [7.653275867000161, 4.94347618200004], [7.651537718000156, 4.945192825000049], [7.650373801000057, 4.946915177000108], [7.649209893000034, 4.948637026000029], [7.648614204000182, 4.95094108700016], [7.646866110000133, 4.953813072], [7.644555275000187, 4.955524924999963], [7.642232818000139, 4.958393122000075], [7.641068839000184, 4.960114037000096], [7.638178685000128, 4.962398983000128], [7.636448111000163, 4.963540065000075], [7.633581086000163, 4.963517182000032], [7.631298846000163, 4.962344181000049], [7.629590930000063, 4.961175955000044], [7.626161793000108, 4.959993867000094], [7.621586916000012, 4.958803194999973], [7.61702313700016, 4.956457104000094], [7.613605193000126, 4.954121112000109], [7.608462812000027, 4.952348228000119], [7.606175158000099, 4.951753158000088], [7.60389307700018, 4.950580132000027], [7.601604893000058, 4.949984068000106], [7.597035774000119, 4.948215962000177], [7.593022001000065, 4.948184029000117], [7.588436192000188, 4.948145893000174], [7.583848702000012, 4.948109157000147], [7.580987950000122, 4.947508830000118], [7.57813338, 4.946331988999987], [7.574135903000126, 4.944568177000065], [7.57243271800013, 4.942822979000084], [7.569015759000138, 4.940485922000107], [7.566746228, 4.938159011000039], [7.564480668000158, 4.935256031000165], [7.561076191000097, 4.931765116000065], [7.558238156000186, 4.928855873000145], [7.555405244000099, 4.925371183000152], [7.553707900000177, 4.923048013000084], [7.551444212000092, 4.920145011999978], [7.549740699000097, 4.918398871000022], [7.548037767999972, 4.916654114000153], [7.546346142000175, 4.913754006000033], [7.544642673000169, 4.912010157000054], [7.541804920000118, 4.909101005000025], [7.538962121, 4.906768792000094], [7.536685073000058, 4.905018789000167], [7.533846859000107, 4.902111036000179], [7.530446995000148, 4.898043145000145], [7.525895354000056, 4.894544084000074], [7.522477988999981, 4.892208083000128], [7.519065812, 4.889294163000102], [7.516796359000125, 4.886967214000038], [7.514530941000089, 4.884062768000035], [7.512278108000089, 4.880004878000022], [7.511154279000095, 4.877686956000105], [7.509456856999975, 4.875364779000051], [7.507760025000096, 4.873043076000101], [7.506056937000039, 4.871296858], [7.50436586100011, 4.868398163000052], [7.502089767000086, 4.866648242000167], [7.495839840000144, 4.860826], [7.49872380700009, 4.859118002000059], [7.499338029000114, 4.855082993000053], [7.498798823000072, 4.851615918000164], [7.497669439000106, 4.849874985000099], [7.497135984000067, 4.845830930999966], [7.498889889000168, 4.842381917000068], [7.500639160000048, 4.839510929000028], [7.500667789000033, 4.836625082000069], [7.500690675000158, 4.834317210999984], [7.499560783999982, 4.832575781000173], [7.497859039000161, 4.830831009], [7.496729147999986, 4.829091070000061], [7.49444705000019, 4.827918036000142], [7.493318330000079, 4.826177091000091], [7.491614951000088, 4.824431857000093], [7.488712479000071, 4.821804539000141], [7.490066344000127, 4.81909609000013], [7.492273965000038, 4.815780181000093], [7.494011146, 4.814063084000054], [7.496282067000038, 4.812717903000078], [7.498609290000161, 4.810249329000101], [7.501562138000054, 4.807817926999974], [7.506598243000099, 4.804257377999988], [7.510680361000141, 4.800349716000142], [7.516999367000039, 4.793008372000088], [7.521463563000111, 4.788544146000163], [7.522950252000101, 4.790340443000048], [7.526898995000067, 4.793550981000124], [7.529760138000086, 4.794151741000064], [7.531468087000064, 4.795320038], [7.533755773, 4.79591516000005], [7.535464888000092, 4.797082942000031], [7.537155874000064, 4.799983036000185], [7.538773181000181, 4.80275551699998], [7.540658374000145, 4.803768559000162], [7.547779899000034, 4.80522985000016], [7.555613852000135, 4.806693882000161], [7.559521339000071, 4.80993323600012], [7.562703335000094, 4.816393685999969], [7.569030860000055, 4.829672481999978], [7.579850265000061, 4.833440217000089], [7.593251038000119, 4.833205549000013], [7.625209826000116, 4.826163238999982], [7.633763362000138, 4.825908858000162], [7.64001348700009, 4.831950220000181], [7.649114745000134, 4.838002032000134], [7.657351526000127, 4.858988743000111], [7.658013457000095, 4.86067397], [7.659978974000126, 4.868991748000099], [7.66080408800002, 4.877305325000066], [7.660509589000071, 4.879883356000107], [7.658773782000026, 4.886754677000113], [7.657295310000109, 4.901077728000132], [7.657536080000114, 4.913401100000101], [7.660061752000047, 4.924586582000131], [7.659896973000173, 4.936942863000127], [7.660419170000125, 4.938580804000026]]]}}, {"type": "Feature", "properties": {"adm2_name": "Ukwuani", "adm2_name1": null, "adm2_name2": null, "adm2_name3": null, "adm2_pcode": "NG010021", "adm1_name": "Delta", "adm1_name1": null, "adm1_name2": null, "adm1_name3": null, "adm1_pcode": "NG010", "adm0_name": "Nigeria", "adm0_name1": null, "adm0_name2": null, "adm0_name3": null, "adm0_pcode": "NG", "valid_on": "2019-04-17", "valid_to": null, "area_sqkm": 408.72461039, "version": "v01", "lang": "en", "lang1": null, "lang2": null, "lang3": null, "adm2_ref_name": "Ukwuani", "sendist_en": "Delta North", "sendistpcode": "NG01002", "center_lat": 5.8494403, "center_lon": 6.25205812}, "geometry": {"type": "Polygon", "coordinates": [[[6.166832493000186, 5.726475753000102], [6.168686914999967, 5.727625305], [6.172958018000145, 5.730956565000156], [6.179311721000147, 5.733527695000078], [6.187094095000134, 5.737440169000138], [6.190651039999977, 5.740100901], [6.193523291000076, 5.743476404000148], [6.196440590000122, 5.748930987], [6.199358563000033, 5.754385976000094], [6.19874911900007, 5.758566397000038], [6.198854472, 5.763417244000038], [6.198944531999985, 5.767575320000162], [6.198365650000085, 5.773141408000072], [6.197786195000162, 5.778707473000111], [6.198636106000038, 5.785615372000109], [6.202087349000067, 5.783424861000128], [6.206223624000074, 5.780518937000068], [6.211743008000042, 5.776875494000137], [6.217961226000114, 5.773209603000112], [6.222826595000072, 5.771667457999968], [6.231293288000131, 5.774864705000141], [6.235473622000143, 5.774037837000094], [6.24305203900002, 5.773168607000116], [6.248760734000143, 5.773613910000108], [6.253685865000023, 5.774843637000174], [6.26140826600016, 5.775984227000038], [6.265633951000098, 5.777236404000178], [6.274710295000034, 5.776253232000158], [6.287207148000107, 5.771693731000141], [6.294125157000053, 5.768005871000184], [6.296907400000123, 5.767223339000054], [6.29977997900005, 5.770599404000052], [6.304779879000023, 5.775293884000178], [6.312577708000163, 5.779899540000031], [6.321773938000035, 5.784460590000151], [6.327428357000088, 5.787054094000155], [6.335895153000024, 5.790251297000111], [6.348587979000058, 5.79470064800006], [6.357024812000134, 5.796512154000027], [6.366890338000189, 5.799664502000098], [6.374627522000139, 5.801497968000092], [6.374732952000159, 5.806349295000132], [6.375492207000036, 5.80909873600018], [6.37702608100011, 5.815291354000067], [6.376462093000157, 5.821550417000026], [6.373860327000159, 5.830648481000026], [6.370544030000133, 5.839076015999979], [6.367897416000176, 5.846095524000077], [6.365235367000082, 5.852421824000032], [6.361889463000182, 5.859463229000085], [6.347669644, 5.881414442000107], [6.344323691000056, 5.888455829000179], [6.338180055000123, 5.895587018000185], [6.336871661000032, 5.899789253000165], [6.333525055000052, 5.906830814000045], [6.32878072799997, 5.913917099000059], [6.321268680000173, 5.922478651000063], [6.31165883500006, 5.931106598000099], [6.302718216000073, 5.938326840000116], [6.297913206000032, 5.942641296000033], [6.286175183000069, 5.949950216000104], [6.271000811000079, 5.96014313500018], [6.264052900000081, 5.962445209], [6.25640587700002, 5.964769313000147], [6.248743650000108, 5.966401071000121], [6.243769715999974, 5.967384742999968], [6.233820082000079, 5.948546845000067], [6.229114977999984, 5.93602610500011], [6.223714853000047, 5.926965193], [6.217640858000095, 5.916511934000084], [6.207487156000184, 5.906025886000066], [6.203830194000091, 5.900574238], [6.201405943000168, 5.896959830000071], [6.198935389000042, 5.895133441000041], [6.191916951, 5.889945992000094], [6.179710033000049, 5.882216031999974], [6.168869904000132, 5.873110834000158], [6.160744168000122, 5.865415076000033], [6.151937068000109, 5.857713252000167], [6.142442331000098, 5.85208699500015], [6.132810235000022, 5.846793606000119], [6.130944833, 5.845688279000058], [6.120879071000104, 5.839725072000022], [6.123526972000093, 5.823495871999967], [6.126978901000143, 5.811736138000072], [6.130418808000115, 5.802749224000081], [6.135921133000181, 5.788926164000145], [6.140738104000036, 5.775788717000182], [6.144177901000148, 5.766802814000187], [6.154451761000075, 5.750245166000127], [6.16265490800015, 5.74060392399997], [6.166832493000186, 5.726475753000102]]]}}, {"type": "Feature", "properties": {"adm2_name": "Uruan", "adm2_name1": null, "adm2_name2": null, "adm2_name3": null, "adm2_pcode": "NG003029", "adm1_name": "Akwa Ibom", "adm1_name1": null, "adm1_name2": null, "adm1_name3": null, "adm1_pcode": "NG003", "adm0_name": "Nigeria", "adm0_name1": null, "adm0_name2": null, "adm0_name3": null, "adm0_pcode": "NG", "valid_on": "2019-04-17", "valid_to": null, "area_sqkm": 346.6903896, "version": "v01", "lang": "en", "lang1": null, "lang2": null, "lang3": null, "adm2_ref_name": "Uruan", "sendist_en": "Akwa Ibom North East", "sendistpcode": "NG00301", "center_lat": 5.00347544, "center_lon": 8.0748869}, "geometry": {"type": "Polygon", "coordinates": [[[8.153121180000142, 4.93852807899998], [8.149249969000039, 4.939391588000149], [8.136296165999966, 4.95789669200002], [8.128153576000045, 4.968999882000162], [8.125563354000121, 4.981954055000074], [8.12223270000004, 4.994167358000084], [8.115570168000033, 5.002679834000105], [8.10261624500015, 5.023776013000088], [8.100026138000146, 5.033398607000095], [8.098175186000105, 5.043021676000023], [8.100026091000075, 5.062637312000163], [8.10039609200004, 5.081142905000036], [8.09928607, 5.107050437999987], [8.095214979000048, 5.115192414000092], [8.081890905000023, 5.127406085000189], [8.074797606000118, 5.131106878000026], [8.069683288000078, 5.135974906000115], [8.067083571000012, 5.134969220000016], [8.063649417000079, 5.134364148999964], [8.060215256000106, 5.13375904600008], [8.055633654000076, 5.133144866000066], [8.05276697000005, 5.133121968000125], [8.050474299000143, 5.133102857999972], [8.047606509000161, 5.133079992000035], [8.04359349900011, 5.133048082000073], [8.0407268190001, 5.133024239000122], [8.037860156000136, 5.133000854000045], [8.03499292100014, 5.13297794500005], [8.032120792000057, 5.133532068000136], [8.029259576000129, 5.132932210999968], [8.026387440000178, 5.13348578800003], [8.023526235000134, 5.132884980000085], [8.020086115000083, 5.13285780700005], [8.017219436000119, 5.132834001000049], [8.013779888000101, 5.132806771999981], [8.008607880000056, 5.133918735000066], [8.006331702000011, 5.132168729000057], [8.004623490000085, 5.131000992000168], [8.001779425000052, 5.128670229000136], [8.000070677000053, 5.127500970000085], [7.99780009400007, 5.125175007000109], [7.995530095999982, 5.12284803100016], [7.99268007500018, 5.121092821000047], [7.98411962800003, 5.116983902000186], [7.981265284000131, 5.115807046000157], [7.97897714700008, 5.115211024000189], [7.975543302000062, 5.114605902000051], [7.972113902, 5.11342384000011], [7.968686200000093, 5.112242250000065], [7.965835815000048, 5.110487958000022], [7.964132831000029, 5.108743199000173], [7.961863147000145, 5.106416217], [7.960159649000047, 5.104671013000029], [7.95675438000012, 5.101180086000113], [7.952775219000159, 5.097684850000121], [7.949363917000142, 5.094771884000124], [7.94481095000009, 5.091271869000025], [7.940265355000179, 5.087194916000101], [7.932318390000148, 5.079051043000163], [7.935202029999971, 5.077342992000126], [7.937507233000019, 5.07620719200014], [7.940969783000185, 5.073925973000087], [7.948434570000074, 5.072833107000122], [7.95246591300014, 5.071134080000093], [7.957642776000114, 5.069444174000068], [7.9622468230001, 5.067750009000179], [7.969711977000145, 5.066656117000093], [7.972010894, 5.066098203000081], [7.97543985700014, 5.067278842000178], [7.978294944000027, 5.068457156000136], [7.981735013000161, 5.068484797000053], [7.984601742000109, 5.068508106000081], [7.988052879000122, 5.067380897000021], [7.99265180500015, 5.066264162000039], [7.99496228400011, 5.064550889000145], [7.997862602000055, 5.061111926000081], [7.998459654000101, 5.058807868000031], [7.998483377000184, 5.056499920000022], [7.997966850000182, 5.050724042000184], [7.997416126000076, 5.048410903], [7.997456960000079, 5.044372093000163], [7.998052863000112, 5.042067975000123], [7.999802004000117, 5.039196046000086], [8.001538416000074, 5.037478952000072], [8.003275939000048, 5.03576087100015], [8.005018948000156, 5.033466783000051], [8.006755878000149, 5.031750166000052], [8.009066628000028, 5.030036933000133], [8.011377374000062, 5.028324111000131], [8.01310931200004, 5.027184019000117], [8.01540961500018, 5.026625187000093], [8.017712576000065, 5.025488854000116], [8.019444499000087, 5.024349231000087], [8.021187906000023, 5.022055141000124], [8.022351427999979, 5.020332816], [8.02408877300013, 5.018614765000052], [8.026399376000086, 5.016901995000126], [8.028136111000151, 5.015184923000163], [8.030447246000165, 5.013472111000169], [8.032190533000062, 5.011178042000154], [8.03335396700004, 5.009456181000076], [8.03452397500007, 5.007156840000164], [8.034552357999985, 5.004271052000149], [8.035160004000033, 5.000812987000074], [8.034632613000156, 4.996191947], [8.03352657500011, 4.992143181000017], [8.031851670000037, 4.987512090000109], [8.028451700000062, 4.983445189000122], [8.026192758000036, 4.979962820000026], [8.022775385000159, 4.97762678600003], [8.018218256000125, 4.974705232000076], [8.014226652000104, 4.972363977000043], [8.01079845400011, 4.971181848000015], [8.007364223000138, 4.970576738999966], [8.003924497000071, 4.970549116000086], [8.00105189400017, 4.971103196000115], [7.998185351000018, 4.971079792000126], [7.995324327000105, 4.970479959000158], [7.993620744000111, 4.968735255000013], [7.993092800000113, 4.964113221000048], [7.994847683000103, 4.960663756000031], [7.996028793000107, 4.957211017000077], [7.997778116000177, 4.954339999000183], [7.99896467700006, 4.950308788000143], [8.000157291000107, 4.945702075000099], [8.001338879, 4.942247894000047], [8.00138459600015, 4.937632106000024], [8.00141323400004, 4.934745833000079], [8.00087368200019, 4.931279155000084], [8.000902876000112, 4.928392883000015], [8.001499142000057, 4.926088828000104], [8.002668511000081, 4.923789988000124], [8.004990732000124, 4.920923260000052], [8.007317292000039, 4.917479959], [8.008511376000058, 4.912871811000116], [8.008551504000025, 4.908832074000088], [8.006876717000125, 4.904201986000146], [8.006238384000142, 4.900453110000115], [8.008051656000077, 4.899387784999988], [8.010919732000048, 4.901349089000121], [8.0137747550001, 4.902525930000024], [8.016050121999967, 4.904274903000044], [8.02063161000018, 4.904890017000128], [8.024644951000141, 4.904922057000135], [8.027511534000098, 4.904944903000057], [8.030963802000088, 4.903819124000108], [8.034410611999988, 4.903269775000012], [8.038439699000037, 4.901570807000155], [8.044190245000152, 4.899886110000125], [8.048221497999975, 4.898187170000028], [8.051673072000085, 4.897059915000114], [8.056844440000077, 4.895947971000112], [8.06257150000016, 4.896572077000087], [8.066597225000123, 4.895450120000078], [8.070059518000164, 4.893168965000086], [8.072370244000183, 4.891456105000088], [8.07353480800009, 4.889733818000138], [8.075277240000048, 4.887440164000054], [8.076446600000168, 4.885139902], [8.078195504000064, 4.882268920000115], [8.079938998999978, 4.879973912000139], [8.082845820000102, 4.875958002000061], [8.085173617000066, 4.872513779000087], [8.089216227000065, 4.869660845999988], [8.093779657000141, 4.872005969000156], [8.096050405000085, 4.874332930000037], [8.098326538000038, 4.876082874000076], [8.100596216000042, 4.878409877000138], [8.102872949000073, 4.880159868000078], [8.107981864000067, 4.885395990000063], [8.110814062000145, 4.888881224000102], [8.112499059000186, 4.892357811000068], [8.114757710000106, 4.89583922700001], [8.115870251000047, 4.899311073000035], [8.118714389, 4.901641872000084], [8.12097904899997, 4.904545786000028], [8.122681811000177, 4.906291025000087], [8.12495826800017, 4.908041042000036], [8.127240058000154, 4.909214042999963], [8.129522415000054, 4.910387049000065], [8.132366172000047, 4.912717814000075], [8.135788915000035, 4.914476841000067], [8.13805963700014, 4.916803814000104], [8.140897078000023, 4.919713049000052], [8.143156185000123, 4.923193935000086], [8.14542115200004, 4.926097897000034], [8.146826979000082, 4.928898810000078], [8.148236520000125, 4.931314987000064], [8.150495747999969, 4.93479590000004], [8.153121180000142, 4.93852807899998]]]}}, {"type": "Feature", "properties": {"adm2_name": "Urue-Offong/Oruko", "adm2_name1": null, "adm2_name2": null, "adm2_name3": null, "adm2_pcode": "NG003030", "adm1_name": "Akwa Ibom", "adm1_name1": null, "adm1_name2": null, "adm1_name3": null, "adm1_pcode": "NG003", "adm0_name": "Nigeria", "adm0_name1": null, "adm0_name2": null, "adm0_name3": null, "adm0_pcode": "NG", "valid_on": "2019-04-17", "valid_to": null, "area_sqkm": 115.79195881, "version": "v01", "lang": "en", "lang1": null, "lang2": null, "lang3": null, "adm2_ref_name": "Urue-Offong/Oruko", "sendist_en": "Akwa Ibom South", "sendistpcode": "NG00303", "center_lat": 4.72303972, "center_lon": 8.15492531}, "geometry": {"type": "Polygon", "coordinates": [[[8.221385057000134, 4.777455448000183], [8.219716236000181, 4.777794800000038], [8.214527024000176, 4.780639157000053], [8.21278944800008, 4.782355771000027], [8.209912344999964, 4.783486854000046], [8.208180451000032, 4.784626979000166], [8.205875663000143, 4.785762810000108], [8.204143764000094, 4.786902916000088], [8.202412406000178, 4.788043996000169], [8.200680485000134, 4.789184085000102], [8.198949677000087, 4.790324224000187], [8.19663907100005, 4.792037037000057], [8.194889823000096, 4.794909016000133], [8.191404485000021, 4.799498095000104], [8.18745353100013, 4.793117033000101], [8.185756739999988, 4.790794827000127], [8.18349749000015, 4.787313986000186], [8.179524231000073, 4.783242241000153], [8.177259304000188, 4.780337828000086], [8.176714786000048, 4.777448181000011], [8.177310829000078, 4.775144108000063], [8.178480888000024, 4.772844793000161], [8.179650343000048, 4.770545046000052], [8.180275844, 4.765356061000148], [8.17742656900009, 4.763601792000031], [8.17285646800002, 4.761833190000061], [8.170574338000051, 4.760661170999981], [8.167718779000097, 4.759482865], [8.165443608999965, 4.757732848999979], [8.16143487200003, 4.757123960000172], [8.159141738000187, 4.75710491500007], [8.155701748000126, 4.757078163000187], [8.151688336000063, 4.757044821000079], [8.147669093000161, 4.757589827000061], [8.143660388, 4.756979982000132], [8.140806063000184, 4.755803098000115], [8.139097497000023, 4.754634826000085], [8.136821921000035, 4.752884834000042], [8.135117536000166, 4.751140147000058], [8.131707452000114, 4.748227078000127], [8.12886329800017, 4.745894866000071], [8.127739927, 4.743577017000064], [8.126615463000064, 4.741260067000042], [8.125486274000139, 4.739519101000042], [8.124368830000037, 4.736623755000096], [8.123250259000145, 4.733729810000057], [8.122699793000095, 4.731417191999981], [8.121003140000141, 4.729094975000123], [8.118176277999964, 4.725030889000152], [8.115916946000084, 4.721549973000094], [8.11308484400007, 4.718064814000115], [8.110819716000037, 4.715160831999981], [8.106858149000118, 4.709934255000178], [8.103458222000086, 4.705866812000181], [8.09949095200011, 4.701218140000094], [8.095522644000027, 4.69656797500005], [8.092146094999976, 4.690193169000167], [8.106515059000117, 4.686845775000108], [8.111112794000178, 4.685729042], [8.116278490000184, 4.685193094000056], [8.120888489000151, 4.682921916000112], [8.125497877000157, 4.680651179000051], [8.130107763000183, 4.678379033000169], [8.1347181430001, 4.676107904000105], [8.136448616000166, 4.674966788], [8.138759337000124, 4.673254982000117], [8.141655026000024, 4.670392947000039], [8.143977369000027, 4.66752481900005], [8.147451511999975, 4.66409107800007], [8.149790694000103, 4.65949204500015], [8.152141476999986, 4.65373994800018], [8.151649212000052, 4.645656092000081], [8.15622414, 4.646846777000121], [8.160214239000027, 4.64918805700006], [8.164199121000024, 4.652105781000046], [8.167616063000139, 4.654441793000046], [8.170465567, 4.656197073000158], [8.172730232000106, 4.659100965999983], [8.173914334000187, 4.661918111000148], [8.177161035000154, 4.664788030000182], [8.180820194000091, 4.66520520500012], [8.190995514, 4.661138605000133], [8.197512080000081, 4.656654715], [8.198729916000161, 4.657475289000047], [8.200348465000047, 4.661159257000065], [8.202019404000168, 4.664537838000058], [8.200857983999981, 4.663862728000026], [8.200375828000062, 4.664342846000125], [8.200370822000025, 4.666131470000153], [8.201055753000105, 4.667783760000077], [8.20146293400012, 4.670260910000025], [8.202147326000102, 4.671912642000109], [8.202006066000138, 4.673288372000059], [8.200972486000069, 4.674042697000061], [8.200488341000039, 4.674660658000107], [8.199524053, 4.675071265000042], [8.198833477000107, 4.675757387000147], [8.198831682000048, 4.676582778000125], [8.199657623000064, 4.67672206900005], [8.200347050000175, 4.676311006000049], [8.201173588000188, 4.676175121000085], [8.201446602000033, 4.677276640000173], [8.202135135000049, 4.677277592999985], [8.202687148000166, 4.676728711000067], [8.202964925000174, 4.675903796000114], [8.202691911000102, 4.674527659000034], [8.20310767300009, 4.673565884000084], [8.20407397100007, 4.672742325000115], [8.205037892000178, 4.672744281000064], [8.20664108000011, 4.673179317000177], [8.206976740000187, 4.674960127000077], [8.207527079000158, 4.677272824000056], [8.208071710000183, 4.680162932000087], [8.208610595000096, 4.683630010000059], [8.209160955000186, 4.685944056000039], [8.20985274100019, 4.688102762000142], [8.209233617000109, 4.689804063000111], [8.20515985700007, 4.693066677000047], [8.199054150000165, 4.695506965000163], [8.193352068000138, 4.699174791000075], [8.190080642, 4.707346238000184], [8.190059061999989, 4.717160567000178], [8.19370351800012, 4.72452945800012], [8.20386884300018, 4.725778631000026], [8.2153646430001, 4.725803569000107], [8.215066013000069, 4.726390795000043], [8.216232639000168, 4.726568453000027], [8.214847661000135, 4.727029293000101], [8.21361820800007, 4.731524862000015], [8.213604238000187, 4.738067800000124], [8.213728905000096, 4.738916574000029], [8.21480668800001, 4.746249106000107], [8.212347927000053, 4.754831400000171], [8.21192572000001, 4.762191287000121], [8.218004662000112, 4.772836652000137], [8.221385057000134, 4.777455448000183]]]}}, {"type": "Feature", "properties": {"adm2_name": "Uvwie", "adm2_name1": null, "adm2_name2": null, "adm2_name3": null, "adm2_pcode": "NG010022", "adm1_name": "Delta", "adm1_name1": null, "adm1_name2": null, "adm1_name3": null, "adm1_pcode": "NG010", "adm0_name": "Nigeria", "adm0_name1": null, "adm0_name2": null, "adm0_name3": null, "adm0_pcode": "NG", "valid_on": "2019-04-17", "valid_to": null, "area_sqkm": 112.43735367, "version": "v01", "lang": "en", "lang1": null, "lang2": null, "lang3": null, "adm2_ref_name": "Uvwie", "sendist_en": "Delta Central", "sendistpcode": "NG01001", "center_lat": 5.56796808, "center_lon": 5.77982608}, "geometry": {"type": "Polygon", "coordinates": [[[5.846122667000145, 5.58728473400015], [5.840548394000109, 5.581913935000102], [5.837671207000028, 5.579141602000163], [5.830211845000122, 5.577462028000127], [5.825958889000106, 5.57581992300004], [5.822749417000125, 5.57686207], [5.820054671000094, 5.58004894600009], [5.818514014000073, 5.582699729000126], [5.81842674000012, 5.583244950000051], [5.814540089000161, 5.600867588000085], [5.807471049000071, 5.616322248000017], [5.805309522000186, 5.619513676000111], [5.799947294000049, 5.622676913000078], [5.789245954000137, 5.626328289000071], [5.782292505999976, 5.628407372000026], [5.776429467000071, 5.62782056400016], [5.76686507, 5.623455643000057], [5.758906219999972, 5.61856975600017], [5.758647993000011, 5.618040263000182], [5.705931052000153, 5.581848568000112], [5.696759164000127, 5.572845870000094], [5.70895740300017, 5.566758585000116], [5.736353211999983, 5.545067476000099], [5.748147853000035, 5.538217053000039], [5.76213148000005, 5.524965155000132], [5.76547507500004, 5.522288592999985], [5.769754370000157, 5.522242837000135], [5.774782859000084, 5.521600139000043], [5.779360982000071, 5.520209045000058], [5.785493259000077, 5.515164838000089], [5.787560860000156, 5.513711952000108], [5.789613640000027, 5.511565703000088], [5.791867564000142, 5.509674588], [5.794449481000186, 5.508251611000162], [5.796646595000084, 5.507538113000066], [5.798685290000094, 5.5070327520001], [5.800041472000032, 5.507044639000128], [5.801291633000176, 5.507264875000033], [5.80222720200004, 5.50763946100011], [5.802850611, 5.507958879000057], [5.803522649, 5.508645132000083], [5.80450151000008, 5.510066700000152], [5.805171280000081, 5.511014605000128], [5.805578703000151, 5.512169625000126], [5.805671079000149, 5.513531002000036], [5.805448734000151, 5.515099187000033], [5.804434662000062, 5.517334439000081], [5.801012861, 5.520910727000057], [5.798275813000032, 5.523772227], [5.7955088490001, 5.525247150000098], [5.792132962999972, 5.530902867000066], [5.790094863000093, 5.533741887000133], [5.785989301000086, 5.538033508000069], [5.784635457000149, 5.540157351000175], [5.785470438, 5.546372003000158], [5.787628056000017, 5.549076956000022], [5.789726270000074, 5.549009788000149], [5.793921844000124, 5.548875814999974], [5.796689010000136, 5.547400905000188], [5.800140720000059, 5.545210362000034], [5.803577017000066, 5.542326985000102], [5.807727742000054, 5.540113948000055], [5.811209271000109, 5.539309557000024], [5.814690513000187, 5.53850457600015], [5.819704448000152, 5.539459243000181], [5.820978028000013, 5.542456145000131], [5.822701375000065, 5.545078267], [5.8234511550001, 5.546951354000043], [5.826110252000092, 5.549686018000159], [5.828545697000095, 5.550660109000034], [5.831617265000034, 5.551372065000123], [5.834464669999988, 5.553057598000066], [5.834914246000096, 5.557477970000036], [5.835775758000125, 5.561336557000175], [5.838884780000171, 5.563209562000168], [5.841132611999967, 5.561411325000165], [5.840270911000175, 5.558976638000047], [5.842069115000129, 5.557665389000022], [5.845965403000093, 5.557028733000095], [5.850398153000015, 5.556378291000101], [5.851535849000186, 5.559520720000137], [5.852280006000058, 5.561577384000145], [5.85232502700012, 5.5636563], [5.853084662000185, 5.566405740000107], [5.853144600000178, 5.569177578000165], [5.853204809999966, 5.57194997300013], [5.853279938000185, 5.575414717000058], [5.852625794000062, 5.577516128000127], [5.850618016, 5.581740921], [5.848565185000041, 5.583887081000114], [5.846538268000131, 5.586590863000026], [5.846122667000145, 5.58728473400015]]]}}, {"type": "Feature", "properties": {"adm2_name": "Uyo", "adm2_name1": null, "adm2_name2": null, "adm2_name3": null, "adm2_pcode": "NG003031", "adm1_name": "Akwa Ibom", "adm1_name1": null, "adm1_name2": null, "adm1_name3": null, "adm1_pcode": "NG003", "adm0_name": "Nigeria", "adm0_name1": null, "adm0_name2": null, "adm0_name3": null, "adm0_pcode": "NG", "valid_on": "2019-04-17", "valid_to": null, "area_sqkm": 183.63474398, "version": "v01", "lang": "en", "lang1": null, "lang2": null, "lang3": null, "adm2_ref_name": "Uyo", "sendist_en": "Akwa Ibom North East", "sendistpcode": "NG00301", "center_lat": 4.988215, "center_lon": 7.9981777}, "geometry": {"type": "Polygon", "coordinates": [[[7.845483700000045, 5.031360376000123], [7.840936240000019, 5.031853421000108], [7.837683527000081, 5.034600477000026], [7.835168516000124, 5.04085928100011], [7.834160107000059, 5.044114806999971], [7.833168239999964, 5.046932567000056], [7.832397229000037, 5.049122606000026], [7.830887324000116, 5.053128509000089], [7.828877523000131, 5.057383507000054], [7.82636618700019, 5.062388890000022], [7.823822982000024, 5.077170354000032], [7.824300448999963, 5.083940110000071], [7.824027951000176, 5.091208693000112], [7.82075934, 5.09871834400019], [7.817581494000137, 5.099304811000138], [7.814027358000089, 5.096691139000029], [7.811244428, 5.094526523000184], [7.812333790000082, 5.093665127000122], [7.814649965000172, 5.091374889000178], [7.815814101, 5.089653003000024], [7.81642749700012, 5.085617978000187], [7.817024048, 5.083313955000051], [7.815899932000093, 5.08099606900015], [7.813629104000142, 5.078669080000054], [7.811353063000013, 5.076920037000036], [7.810229001000096, 5.074602133000099], [7.810836623000114, 5.071144091000122], [7.812012906000177, 5.068266878000031], [7.813200189000099, 5.064237114000036], [7.813807194000162, 5.060779082000067], [7.814993864000087, 5.056748884000058], [7.816174740000122, 5.053296102000161], [7.8167770230001, 5.050415008000186], [7.818536949000077, 5.046389083000065], [7.819139220000068, 5.043508076000137], [7.819736239000179, 5.041203954000082], [7.8208990870001, 5.039482120000116], [7.822075169000072, 5.03660585200015], [7.823244906000127, 5.034306982000032], [7.824419831000114, 5.031429776000152], [7.825016240000139, 5.029127144000086], [7.825613199999964, 5.02682301100009], [7.826788098, 5.023946723000165], [7.827975079000112, 5.019916073000104], [7.829717984000126, 5.017621985000176], [7.830314342000122, 5.015317917000118], [7.831501254000102, 5.011288180000065], [7.832687572, 5.007257009], [7.832722185000137, 5.003795109000123], [7.832745271000078, 5.00148581100018], [7.832211842000106, 4.997441798000125], [7.831105205000085, 4.993392966000158], [7.83055506300002, 4.991079791000175], [7.828881017000072, 4.986448745000132], [7.828330897000058, 4.984136123000098], [7.827207027000156, 4.9818191170001], [7.826083158000131, 4.979500756], [7.824402879000104, 4.975447163000069], [7.822717418000025, 4.97197102400014], [7.819913990000032, 4.965600036000069], [7.818790215000035, 4.963282077000031], [7.817665882000028, 4.960964186000183], [7.815975321000053, 4.95806506800011], [7.815424201999974, 4.955751920000012], [7.814886370000067, 4.952284839000129], [7.81434106800009, 4.949395156000037], [7.814363694000178, 4.947085853000033], [7.813813153000183, 4.94477320500016], [7.813841585000034, 4.941886923000084], [7.813296860000037, 4.938996814000177], [7.812753267000062, 4.936107205999974], [7.812202201000105, 4.933794052999986], [7.811083822000057, 4.930900088000101], [7.810540260000039, 4.928009976000055], [7.809426583000175, 4.924538098000028], [7.808887714999969, 4.921070093000083], [7.808910940000032, 4.918762199000071], [7.808366859000046, 4.915872082000135], [7.80783327000006, 4.911828003000096], [7.807282827000051, 4.909513934000188], [7.806732959000044, 4.90720079200014], [7.805625749000114, 4.903152016000149], [7.803379342000142, 4.89851712799998], [7.802827837000052, 4.896203954999976], [7.801699128, 4.894463975000122], [7.800006734000135, 4.891563918000031], [7.797730812000111, 4.889813923000133], [7.794308190999971, 4.888054845000056], [7.795477629000118, 4.885756035000099], [7.796641777000161, 4.884034145999976], [7.797805915000026, 4.882311808000111], [7.798974741999984, 4.880013003000101], [7.80128025800019, 4.878877208000176], [7.803574156000082, 4.878896245000078], [7.807025180000153, 4.877768988000128], [7.810464601000092, 4.877797100000123], [7.812764278000031, 4.877239193000094], [7.816210029999979, 4.876688959000035], [7.818502791000071, 4.876708048000125], [7.820790867000028, 4.877304104000018], [7.823084741000116, 4.877322185000025], [7.825940121000144, 4.878500002000067], [7.827649400000041, 4.879666834000147], [7.829357006000123, 4.880835985000147], [7.831059994000157, 4.882581259000119], [7.832189929000151, 4.884321227000044], [7.832739925000169, 4.886633851000056], [7.833273177000081, 4.890678875999981], [7.832647657000166, 4.895867815000088], [7.832608400000026, 4.899908025000059], [7.832584772000018, 4.902215996000166], [7.832555941000066, 4.905100853000022], [7.832516129000112, 4.909141079000165], [7.831919957000025, 4.911445139000023], [7.831324349000113, 4.91374922000017], [7.830716057000018, 4.91720673500015], [7.829523107000114, 4.92181395800003], [7.828352661000054, 4.924112797000078], [7.827752352000061, 4.926993835000076], [7.826570879000087, 4.930448016000184], [7.826529879000077, 4.934486882000044], [7.827045802000043, 4.940262753000184], [7.827596972000151, 4.94257595800002], [7.829288124000129, 4.945475100000067], [7.831558229000109, 4.947802075000141], [7.832687793000105, 4.94954301700011], [7.833237887000166, 4.951856136000117], [7.834918159000097, 4.955908764000014], [7.83602992100009, 4.959381110000095], [7.837137080000105, 4.963429934000089], [7.837682007000183, 4.966321006000044], [7.838794402000076, 4.969791917000066], [7.83988897200004, 4.974995166000099], [7.840433960000041, 4.977884732000064], [7.840984145000164, 4.980197911000062], [7.842096037000147, 4.983670236000023], [7.845496200000014, 4.98773815900006], [7.847766669, 4.990065104000166], [7.850616133000074, 4.991818901000045], [7.852891812000166, 4.993568908000157], [7.85516865500017, 4.995318904000158], [7.856865986000173, 4.997641084000122], [7.858562785000174, 4.999962827000104], [7.859693207000078, 5.001704185000108], [7.861950714999978, 5.005185120000078], [7.863074890000178, 5.00750299900011], [7.865327866000086, 5.011560893000137], [7.867031056000144, 5.013306121000142], [7.869325223000146, 5.013325243000111], [7.871055855000179, 5.012185116000182], [7.8733671170001, 5.010471815000074], [7.875677802000041, 5.008759018000035], [7.877994171000125, 5.006468783000173], [7.880888875000039, 5.003606794000063], [7.882638178000093, 5.000734775000183], [7.886662794000188, 4.999612818000173], [7.891828731000146, 4.999077784000121], [7.898714945000052, 4.998557118000065], [7.906178893000174, 4.997461783000119], [7.909046187000058, 4.997486134000098], [7.911919137000098, 4.996932075000132], [7.914784736000172, 4.996954876000189], [7.918805269000188, 4.9964099], [7.921670864000077, 4.996432795000032], [7.926257870000143, 4.99647], [7.93141808200005, 4.996511939000015], [7.933712146000175, 4.99653100800009], [7.936579439000184, 4.99655386400002], [7.939451215000133, 4.995999809000125], [7.942891178000082, 4.996027022000135], [7.947488776000171, 4.994911221999985], [7.952654558, 4.994375252000054], [7.957248227000036, 4.993834944000128], [7.961868585000047, 4.990408880000189], [7.963606068000047, 4.98869183700009], [7.965917319000027, 4.986979007000173], [7.967085999000119, 4.984680171000036], [7.969970413, 4.982972123000081], [7.972859804000052, 4.98068716400013], [7.975170962000163, 4.978973849], [7.978640152000139, 4.976117163000083], [7.983828310000092, 4.973272777000091], [7.988443754000059, 4.970424190000074], [7.993620744000111, 4.968735255000013], [7.995324327000105, 4.970479959000158], [7.998185351000018, 4.971079792000126], [8.00105189400017, 4.971103196000115], [8.003924497000071, 4.970549116000086], [8.007364223000138, 4.970576738999966], [8.01079845400011, 4.971181848000015], [8.014226652000104, 4.972363977000043], [8.018218256000125, 4.974705232000076], [8.022775385000159, 4.97762678600003], [8.026192758000036, 4.979962820000026], [8.028451700000062, 4.983445189000122], [8.031851670000037, 4.987512090000109], [8.03352657500011, 4.992143181000017], [8.034632613000156, 4.996191947], [8.035160004000033, 5.000812987000074], [8.034552357999985, 5.004271052000149], [8.03452397500007, 5.007156840000164], [8.03335396700004, 5.009456181000076], [8.032190533000062, 5.011178042000154], [8.030447246000165, 5.013472111000169], [8.028136111000151, 5.015184923000163], [8.026399376000086, 5.016901995000126], [8.02408877300013, 5.018614765000052], [8.022351427999979, 5.020332816], [8.021187906000023, 5.022055141000124], [8.019444499000087, 5.024349231000087], [8.017712576000065, 5.025488854000116], [8.01540961500018, 5.026625187000093], [8.01310931200004, 5.027184019000117], [8.011377374000062, 5.028324111000131], [8.009066628000028, 5.030036933000133], [8.006755878000149, 5.031750166000052], [8.005018948000156, 5.033466783000051], [8.003275939000048, 5.03576087100015], [8.001538416000074, 5.037478952000072], [7.999802004000117, 5.039196046000086], [7.998052863000112, 5.042067975000123], [7.997456960000079, 5.044372093000163], [7.997416126000076, 5.048410903], [7.997966850000182, 5.050724042000184], [7.998483377000184, 5.056499920000022], [7.998459654000101, 5.058807868000031], [7.997862602000055, 5.061111926000081], [7.99496228400011, 5.064550889000145], [7.99265180500015, 5.066264162000039], [7.988052879000122, 5.067380897000021], [7.984601742000109, 5.068508106000081], [7.981735013000161, 5.068484797000053], [7.978294944000027, 5.068457156000136], [7.97543985700014, 5.067278842000178], [7.972010894, 5.066098203000081], [7.969711977000145, 5.066656117000093], [7.9622468230001, 5.067750009000179], [7.957642776000114, 5.069444174000068], [7.95246591300014, 5.071134080000093], [7.948434570000074, 5.072833107000122], [7.940969783000185, 5.073925973000087], [7.937507233000019, 5.07620719200014], [7.935202029999971, 5.077342992000126], [7.932318390000148, 5.079051043000163], [7.928936086000078, 5.073252183000136], [7.927255943000034, 5.069199064000088], [7.925570208000124, 5.065722005000055], [7.923872684000173, 5.063399800000013], [7.922170117000064, 5.061655047000158], [7.919904949000056, 5.058751114000131], [7.918208066999966, 5.056427958000143], [7.916533744000105, 5.051797845000124], [7.914843114000178, 5.048898196999971], [7.913145735000171, 5.046575997000048], [7.911443297000176, 5.044830785999977], [7.908593134000171, 5.043077022000034], [7.906311228000163, 5.041903009000123], [7.901735545, 5.040711896000062], [7.900859002000061, 5.040704866], [7.895814811999969, 5.037789208], [7.892829607000181, 5.034772078000117], [7.890095969000129, 5.03100364300019], [7.88885093100015, 5.030247859000156], [7.886604256000112, 5.030491676000167], [7.885350324000115, 5.03249320700013], [7.884593704000054, 5.035248301000024], [7.883836501000189, 5.038003411000034], [7.88183272700013, 5.04050395500019], [7.879811473000018, 5.041342788000065], [7.874782969000023, 5.041071915000089], [7.871808994000048, 5.041048095000065], [7.870195981000109, 5.041035194000187], [7.867334623000147, 5.040433932000155], [7.866572841000163, 5.040427953000119], [7.86461947700019, 5.038946730000021], [7.862128923000171, 5.037435002], [7.854901919000099, 5.034404301000166], [7.851661802000024, 5.033140723999963], [7.847675819000131, 5.031122788000175], [7.845483700000045, 5.031360376000123]]]}}, {"type": "Feature", "properties": {"adm2_name": "Warri North", "adm2_name1": null, "adm2_name2": null, "adm2_name3": null, "adm2_pcode": "NG010023", "adm1_name": "Delta", "adm1_name1": null, "adm1_name2": null, "adm1_name3": null, "adm1_pcode": "NG010", "adm0_name": "Nigeria", "adm0_name1": null, "adm0_name2": null, "adm0_name3": null, "adm0_pcode": "NG", "valid_on": "2019-04-17", "valid_to": null, "area_sqkm": 1835.72706489, "version": "v01", "lang": "en", "lang1": null, "lang2": null, "lang3": null, "adm2_ref_name": "Warri North", "sendist_en": "Delta South", "sendistpcode": "NG01003", "center_lat": 5.93063904, "center_lon": 5.1369468}, "geometry": {"type": "Polygon", "coordinates": [[[5.270169742000178, 6.054295938000109], [5.256502201000046, 6.065238947000012], [5.248787452000045, 6.064228039000056], [5.245213102999969, 6.063759812000114], [5.238930711000137, 6.062443774000144], [5.232940319000079, 6.065638498000112], [5.232984129000158, 6.071512190000135], [5.233738820000156, 6.073625602], [5.232940118000158, 6.08121293500011], [5.232541002000175, 6.089199996000048], [5.232541155000092, 6.09479092700019], [5.23134275700005, 6.10118055200013], [5.233739018000165, 6.112362366000013], [5.230544069000018, 6.118752070000085], [5.225352695000026, 6.125940377], [5.221758256999976, 6.131531209000059], [5.217365797000184, 6.136323473000061], [5.218563700000061, 6.141515315000106], [5.222956656000122, 6.144710107000151], [5.222557171000176, 6.148703616000091], [5.21776474700016, 6.149901900000089], [5.209378827000137, 6.153495786000121], [5.205528700000173, 6.151237906000176], [5.206057665000117, 6.147184438000124], [5.203388309000104, 6.145109593000143], [5.198831569000163, 6.147007959], [5.195835575999979, 6.150885142999982], [5.193720821000056, 6.151766325000096], [5.19037205, 6.151237913000045], [5.18402724300006, 6.14736036100004], [5.180149997000058, 6.149651473000063], [5.182441126000185, 6.154410326000118], [5.181912328000124, 6.156877533000056], [5.179445195000028, 6.158992318000116], [5.176631457999974, 6.159486284000138], [5.172923995000076, 6.160578755000017], [5.168694626, 6.163574671000106], [5.164251943000068, 6.159086669000033], [5.164650927000025, 6.155093215000022], [5.162909159000151, 6.147930567000174], [5.164626230000181, 6.146552121000127], [5.161456090000058, 6.142713541000148], [5.157862276000117, 6.146707063000179], [5.154594843000041, 6.144187978], [5.145542100000171, 6.141641575000108], [5.142963046000091, 6.143306744000085], [5.143491702000176, 6.15123793000015], [5.141374546000122, 6.155823230000124], [5.138293810000164, 6.159885425000027], [5.133102431000054, 6.164677568000172], [5.135050694000029, 6.169817003000048], [5.126955879000036, 6.163946600999964], [5.119040513000073, 6.149993473000109], [5.101121028000023, 6.124878931000126], [5.087879286999964, 6.101302130000079], [5.075929602999963, 6.07804869000006], [5.062687740000058, 6.048982110000054], [5.052998891000186, 6.027666088000103], [5.041731832000096, 6.005086432999974], [5.03968951600001, 6.000184508000018], [5.031282864000104, 5.982541560000072], [5.026321885000016, 5.971586750000142], [5.018467448000024, 5.953190836000033], [5.016400890000114, 5.948643152000159], [5.012680090000117, 5.942235431000142], [4.999207704000071, 5.921783577000099], [4.983859100000188, 5.898479872000109], [4.99013420000017, 5.887926590000177], [4.999670493000053, 5.873881317000041], [5.007306170999982, 5.862368072000038], [5.012452139000175, 5.854389162000132], [5.015452354000161, 5.851261669000053], [5.017723516000103, 5.845251580000081], [5.020333250000078, 5.840902356000129], [5.024682469000084, 5.834378748000177], [5.030336437000017, 5.825680233000128], [5.035120490000168, 5.816112094000118], [5.039904569000157, 5.803499669000075], [5.045558501000073, 5.793496562000087], [5.049472759000082, 5.788712470000064], [5.05599643100004, 5.784363316999986], [5.065564553000172, 5.78044898100012], [5.072958357000175, 5.782188377000182], [5.084701004000181, 5.768706352000095], [5.081221665000157, 5.762182187000064], [5.080351866000058, 5.752613948000032], [5.081656810000027, 5.747394983000106], [5.082264004000137, 5.736556040000096], [5.08513588500017, 5.7299986270001], [5.086875894000173, 5.725649348000047], [5.094704269000147, 5.717385725000099], [5.098618490000092, 5.708687333], [5.107317045000116, 5.698249330000124], [5.112089756000046, 5.689897498000107], [5.220034170000076, 5.697290873000156], [5.242799225000113, 5.695664929999964], [5.24930375800011, 5.710299479000184], [5.260649298000089, 5.716408793000141], [5.270772522000129, 5.718245036000098], [5.282484018000105, 5.716521688000114], [5.30459105500006, 5.707047517000035], [5.325730883000176, 5.715177955000058], [5.32568967300017, 5.722423585000058], [5.328982881000115, 5.731439034000175], [5.343617901000073, 5.742821727999967], [5.339418834000014, 5.754657279000071], [5.336434337000071, 5.764804810000044], [5.338224923000098, 5.773758879000127], [5.335487459000092, 5.789979011000128], [5.356627114000105, 5.804613612000139], [5.368071109000084, 5.803605041000083], [5.371056067000154, 5.81375264400009], [5.382644703000153, 5.824127181999984], [5.391351096999983, 5.826885243000049], [5.400531892000174, 5.825753267000152], [5.413540472000022, 5.82250069700018], [5.41642229200005, 5.833451314000172], [5.424181969000017, 5.827482229000054], [5.430748378000033, 5.830466798000145], [5.443283583000095, 5.825691279000182], [5.455222132000131, 5.829272802000105], [5.461191672000041, 5.819125136000025], [5.478584688000126, 5.830631318000087], [5.493133190000037, 5.829592204000107], [5.495129065000071, 5.832830014000137], [5.500523223000187, 5.843276971000023], [5.501842966000027, 5.852303947000166], [5.50111095900013, 5.864087097000038], [5.514682905000086, 5.870441010000036], [5.520845874000088, 5.860784140000078], [5.520888814999978, 5.851075161999972], [5.533790937000106, 5.855342913000072], [5.543312161000074, 5.855422069000042], [5.552169883000033, 5.851335986000095], [5.564401129000089, 5.853517950000139], [5.565721913000118, 5.862544132000039], [5.556167022000125, 5.870092856000042], [5.565653936999979, 5.87779996900008], [5.562211005000052, 5.887479803000076], [5.556734170000141, 5.895755849000011], [5.548554947000071, 5.899849008000047], [5.538354740000159, 5.899764126000093], [5.530823266000141, 5.911489925000183], [5.523302921999971, 5.920443957000089], [5.515114850000032, 5.926617196999985], [5.51711166500013, 5.936341756], [5.530034988000125, 5.935756196000057], [5.541590215999975, 5.937239110000178], [5.549727923000148, 5.942161144000124], [5.557851662000076, 5.950551048000079], [5.563938004000022, 5.958229946000074], [5.569335103000128, 5.967982765000102], [5.572011819000068, 5.977714095000067], [5.571273667000128, 5.990883831000076], [5.561079973000119, 5.989411832000087], [5.546327602000076, 5.98536164300009], [5.53659667900007, 5.98990205400014], [5.532306605000031, 6.004177627000104], [5.53459828300015, 6.009743196000102], [5.532633747000091, 6.011707833], [5.528377900000123, 6.012034837000044], [5.523467074000052, 6.012690003000102], [5.519210893999968, 6.016291190000061], [5.515282092000177, 6.02185681900005], [5.518883333000133, 6.027422406000028], [5.516591659000085, 6.030369251000081], [5.512989893000167, 6.035280223000143], [5.505787337000186, 6.03593492400006], [5.500876449000089, 6.036589660000061], [5.497275481000031, 6.042482782000036], [5.494328511000106, 6.041828168000052], [5.491382045000023, 6.038554136000016], [5.490273460000026, 6.03359508200009], [5.489745266000057, 6.030041729000118], [5.48417942400016, 6.027750078000167], [5.478940977000036, 6.027095337000048], [5.473677693000127, 6.027351811000131], [5.465518051000174, 6.027750057000048], [5.458463170000073, 6.023046051000051], [5.456191102000048, 6.022396534000052], [5.453403983000101, 6.02513077600014], [5.453060285000049, 6.027536860000112], [5.45209451900007, 6.034297958000138], [5.44463213500012, 6.039225625000086], [5.442483792000075, 6.040644127000064], [5.437034284000049, 6.037571944000149], [5.433464460999971, 6.03498698900006], [5.427539792000118, 6.030696410000019], [5.427212172000054, 6.02349375100016], [5.431141486000058, 6.017928060000145], [5.431468487000018, 6.013017162000097], [5.431141492000052, 6.008760888000154], [5.42590287400003, 6.005814490000091], [5.415374387000156, 6.008137677000036], [5.415844408000055, 6.010351631000049], [5.41116994000015, 6.02021988000007], [5.399711179000178, 6.02185679300004], [5.39215324100013, 6.019183670000132], [5.388225199000033, 6.017794072000072], [5.377835868000034, 6.019218877000128], [5.365658290000056, 6.019653761000029], [5.356524819000072, 6.017479416000185], [5.34217262400017, 6.016174356000022], [5.338249686000097, 6.018789819000119], [5.33434400200008, 6.021393262000174], [5.327385426000035, 6.018349230000183], [5.323036232000049, 6.005301473000031], [5.326950680000095, 5.994428680000055], [5.32608091600008, 5.990079373000128], [5.326950582000109, 5.982685583000148], [5.336518890999969, 5.984425603999966], [5.339998107000099, 5.982685585000183], [5.34521714300007, 5.975292153], [5.358699279000064, 5.969638356000019], [5.35000141800009, 5.960939859000177], [5.341302766000126, 5.956155819000116], [5.334778732000132, 5.949197319000064], [5.326080706000084, 5.941803405000087], [5.315147840000179, 5.934660880000024], [5.304334640999969, 5.919622409000169], [5.291287324000052, 5.912229005000029], [5.275195204000113, 5.90918441000008], [5.26969678800009, 5.918911538000032], [5.268236549000164, 5.93919422700003], [5.263452659000109, 5.943108109000036], [5.256058796000048, 5.950067066000031], [5.253449564000164, 5.957025491000138], [5.249100177000059, 5.970073184000114], [5.247795462000056, 5.986599919000014], [5.251615094000044, 6.000012831000106], [5.254957334000039, 6.013216894999971], [5.258984971000132, 6.025040105000187], [5.262348098000132, 6.033390121000082], [5.265021693999984, 6.043814232000045], [5.268269054000086, 6.052536039000074], [5.270169742000178, 6.054295938000109]]]}}, {"type": "Feature", "properties": {"adm2_name": "Warri South", "adm2_name1": null, "adm2_name2": null, "adm2_name3": null, "adm2_pcode": "NG010024", "adm1_name": "Delta", "adm1_name1": null, "adm1_name2": null, "adm1_name3": null, "adm1_pcode": "NG010", "adm0_name": "Nigeria", "adm0_name1": null, "adm0_name2": null, "adm0_name3": null, "adm0_pcode": "NG", "valid_on": "2019-04-17", "valid_to": null, "area_sqkm": 585.72480761, "version": "v01", "lang": "en", "lang1": null, "lang2": null, "lang3": null, "adm2_ref_name": "Warri South", "sendist_en": "Delta South", "sendistpcode": "NG01003", "center_lat": 5.66735284, "center_lon": 5.60257282}, "geometry": {"type": "Polygon", "coordinates": [[[5.552169883000033, 5.851335986000095], [5.543312161000074, 5.855422069000042], [5.533790937000106, 5.855342913000072], [5.520888814999978, 5.851075161999972], [5.520845874000088, 5.860784140000078], [5.514682905000086, 5.870441010000036], [5.50111095900013, 5.864087097000038], [5.501842966000027, 5.852303947000166], [5.500523223000187, 5.843276971000023], [5.495129065000071, 5.832830014000137], [5.493133190000037, 5.829592204000107], [5.490402192000033, 5.825161961000106], [5.485681997000029, 5.816108191000069], [5.485727710000162, 5.8057060000001], [5.497300033000101, 5.803029133000052], [5.50820484400009, 5.797572070000172], [5.517035918000147, 5.799725970000054], [5.525220756000067, 5.794246153000074], [5.521176820000107, 5.785890077000033], [5.525297138000155, 5.776908849000165], [5.537556099000085, 5.772850935000122], [5.544392915000174, 5.764585054000179], [5.549189950000141, 5.756303732000106], [5.540368052000133, 5.752069061000157], [5.529457042999979, 5.758914012999981], [5.520597914000177, 5.76299993300006], [5.50905071699998, 5.760129929000072], [5.507052823000095, 5.750404800000183], [5.511178928000163, 5.74003692600013], [5.515296048000096, 5.73174997000018], [5.521474851000164, 5.718625146000079], [5.528326884000023, 5.70689289000012], [5.532450141000027, 5.697217965000164], [5.529773102000149, 5.68748805000007], [5.527116756000055, 5.672902103000126], [5.525128967000171, 5.661097064000103], [5.520405726000092, 5.652735298000152], [5.510900984000045, 5.649188998], [5.500740917000087, 5.640088995000156], [5.49124474100006, 5.634461884000075], [5.493333911000036, 5.623384047000172], [5.497471909000126, 5.610241823000081], [5.507712001000073, 5.601312186000143], [5.516599230000111, 5.590983913000059], [5.524103011000022, 5.585497906000114], [5.534340016000158, 5.577262], [5.542537285000094, 5.569007892000116], [5.545306252000159, 5.557936206000136], [5.550103104000016, 5.549654004000161], [5.558982787000105, 5.540711915999964], [5.567848256000104, 5.53523784600003], [5.575364978000152, 5.526979035000124], [5.581536829000186, 5.515242059000173], [5.573408122000046, 5.508238743000163], [5.563923835000026, 5.499837869000146], [5.563972922000119, 5.48874280800004], [5.563335935000055, 5.479029164000167], [5.573564039000075, 5.472873149000179], [5.583053987000142, 5.479886960000044], [5.591196156000137, 5.484115055000075], [5.60547595100013, 5.484233838000023], [5.614327866000053, 5.481533961000025], [5.623140785000089, 5.487847790000103], [5.63605204300012, 5.490036038000142], [5.649663933000113, 5.487376149000056], [5.659853114000043, 5.490233921000083], [5.672113746000036, 5.485482178000098], [5.680298826000126, 5.480001879999975], [5.689849958000082, 5.473146929999984], [5.702110749000155, 5.468395300000111], [5.712969798000074, 5.473339980000162], [5.721176822000189, 5.48051708800017], [5.721776031000104, 5.481040914000175], [5.725714748000144, 5.48395227400016], [5.734690628000124, 5.492082827000104], [5.742141725000124, 5.49375456100006], [5.75544460499998, 5.497083214000043], [5.765057084000148, 5.495563335000156], [5.774141034000024, 5.493503588000124], [5.777317078000067, 5.49620686500009], [5.777260783000145, 5.50262690500017], [5.775585901999989, 5.511172919000103], [5.770725281000125, 5.518085612000164], [5.76547507500004, 5.522288592999985], [5.76213148000005, 5.524965155000132], [5.748147853000035, 5.538217053000039], [5.736353211999983, 5.545067476000099], [5.70895740300017, 5.566758585000116], [5.696759164000127, 5.572845870000094], [5.678416337000044, 5.581998377], [5.639744495000059, 5.611072360000151], [5.644224740000141, 5.616998972999966], [5.647386268000048, 5.621308404000104], [5.675886614999968, 5.655276830000105], [5.690872048000074, 5.650062450000178], [5.68756504800001, 5.66180358500003], [5.653217294000058, 5.68396239100008], [5.629560952000077, 5.703541690000122], [5.625757072000113, 5.710997166000084], [5.624161380000089, 5.714454858000181], [5.618134623000174, 5.727513137000187], [5.614406289000044, 5.736201170000015], [5.613196870000081, 5.737419124000098], [5.609756996000044, 5.746406090999983], [5.613788225000064, 5.757534922000048], [5.617126977999988, 5.771431851000102], [5.614364010000031, 5.781117911000081], [5.602136252000093, 5.778242148000061], [5.599064006999981, 5.776744343000018], [5.596149061000062, 5.777193083000043], [5.591889405000018, 5.779659336000066], [5.587629377000155, 5.781004441000107], [5.581799578000187, 5.784367578000058], [5.577988117000189, 5.785937345000036], [5.575521918000163, 5.789524572000118], [5.569916129000035, 5.799389818000122], [5.568795066000121, 5.803425816000072], [5.567450172, 5.807909900000027], [5.563862895000113, 5.816430035000053], [5.561396568000077, 5.819120352000141], [5.559161653, 5.82614463800013], [5.558257676000096, 5.828985709000108], [5.555791469000042, 5.828312928000116], [5.552427863999981, 5.830106785000112], [5.549513436999973, 5.830330805000187], [5.550185778000127, 5.832797031000155], [5.548616338000102, 5.835039607000056], [5.546598320000101, 5.837281752000024], [5.547719437000069, 5.842662849000021], [5.547719514000164, 5.844904852000184], [5.548840643000119, 5.84894034600012], [5.552169883000033, 5.851335986000095]]]}}, {"type": "Feature", "properties": {"adm2_name": "Warri South West", "adm2_name1": null, "adm2_name2": null, "adm2_name3": null, "adm2_pcode": "NG010025", "adm1_name": "Delta", "adm1_name1": null, "adm1_name2": null, "adm1_name3": null, "adm1_pcode": "NG010", "adm0_name": "Nigeria", "adm0_name1": null, "adm0_name2": null, "adm0_name3": null, "adm0_pcode": "NG", "valid_on": "2019-04-17", "valid_to": null, "area_sqkm": 1694.96709945, "version": "v01", "lang": "en", "lang1": null, "lang2": null, "lang3": null, "adm2_ref_name": "Warri South West", "sendist_en": "Delta South", "sendistpcode": "NG01003", "center_lat": 5.60559109, "center_lon": 5.33200665}, "geometry": {"type": "Polygon", "coordinates": [[[5.493133190000037, 5.829592204000107], [5.478584688000126, 5.830631318000087], [5.461191672000041, 5.819125136000025], [5.455222132000131, 5.829272802000105], [5.443283583000095, 5.825691279000182], [5.430748378000033, 5.830466798000145], [5.424181969000017, 5.827482229000054], [5.41642229200005, 5.833451314000172], [5.413540472000022, 5.82250069700018], [5.400531892000174, 5.825753267000152], [5.391351096999983, 5.826885243000049], [5.382644703000153, 5.824127181999984], [5.371056067000154, 5.81375264400009], [5.368071109000084, 5.803605041000083], [5.356627114000105, 5.804613612000139], [5.335487459000092, 5.789979011000128], [5.338224923000098, 5.773758879000127], [5.336434337000071, 5.764804810000044], [5.339418834000014, 5.754657279000071], [5.343617901000073, 5.742821727999967], [5.328982881000115, 5.731439034000175], [5.32568967300017, 5.722423585000058], [5.325730883000176, 5.715177955000058], [5.30459105500006, 5.707047517000035], [5.282484018000105, 5.716521688000114], [5.270772522000129, 5.718245036000098], [5.260649298000089, 5.716408793000141], [5.24930375800011, 5.710299479000184], [5.242799225000113, 5.695664929999964], [5.220034170000076, 5.697290873000156], [5.112089756000046, 5.689897498000107], [5.116885250000166, 5.678678009], [5.118624680000039, 5.665630301000135], [5.126008891000026, 5.646678875000077], [5.131488933000128, 5.637710158000061], [5.13861696400005, 5.629264791000026], [5.148960995000152, 5.618058690000169], [5.15628758600019, 5.609869994000121], [5.166200639000181, 5.601249627000186], [5.17740683400001, 5.594353716000114], [5.193335909000041, 5.579503935000048], [5.187681110000142, 5.573694243000034], [5.183871845000169, 5.570648689999985], [5.17931465200013, 5.568116241000155], [5.177300477000188, 5.565172607000136], [5.174821386000133, 5.55920743300004], [5.17257508900002, 5.555024672000116], [5.169088760000136, 5.546813070000098], [5.166145441000026, 5.545108755000058], [5.164905543000145, 5.543171891000043], [5.164363467000044, 5.541235444000108], [5.165060418000053, 5.537672071999964], [5.168469332000029, 5.532946111], [5.170328661000099, 5.530234802000109], [5.175131225000143, 5.524270038000054], [5.18628655700013, 5.511255790000121], [5.191167006000057, 5.504903341000045], [5.195508991000054, 5.497379316000035], [5.199146268, 5.493050536000169], [5.202167521000149, 5.489177221000034], [5.206505797000091, 5.482437549000167], [5.210146359000021, 5.47639554], [5.220217178000098, 5.465627723000011], [5.224013303000049, 5.461676628000021], [5.230341439000142, 5.456867651000152], [5.235654784000019, 5.456883897000068], [5.248580981000089, 5.45560505800006], [5.262852067000154, 5.457804267000029], [5.27529572800006, 5.459639495000147], [5.289205651000032, 5.458668678000038], [5.30468407, 5.458668696000018], [5.324187172999984, 5.454954209999983], [5.341214316999981, 5.446905141000059], [5.356383205999975, 5.437308299000051], [5.385483167000132, 5.421519820000128], [5.396937440000102, 5.415019009000048], [5.409939319000046, 5.414399616000026], [5.423251214000061, 5.412851761000127], [5.434395921000146, 5.411922948000097], [5.444177636000063, 5.412357756], [5.446668191000185, 5.411483753000084], [5.460256183000013, 5.414371019999976], [5.469769837000058, 5.415836737], [5.490859926999974, 5.413931879000131], [5.508549329000061, 5.411999202], [5.519439113000146, 5.410008973000117], [5.531024049000166, 5.404558200000054], [5.539888041000097, 5.399084094000102], [5.548070063000125, 5.394297109000036], [5.556919100000187, 5.392291130000046], [5.565774833000035, 5.388895988000172], [5.58006800600009, 5.386240902000054], [5.595732245000022, 5.380824155000141], [5.608644097000024, 5.38301188600002], [5.624278166000181, 5.384529116000181], [5.635158132000129, 5.38462011200005], [5.645348998000088, 5.386784966000107], [5.657570892000024, 5.391046966000147], [5.67183913700012, 5.393939913000168], [5.681315943000129, 5.403728067000031], [5.688078879000159, 5.4121060330001], [5.699614933000078, 5.417749930000127], [5.707799785000134, 5.412270017000139], [5.707898982000074, 5.410940856000025], [5.741722133000053, 5.425782895000168], [5.743005823000033, 5.426345985000012], [5.755192633000092, 5.435015341000053], [5.768422678000093, 5.446368772000028], [5.771523107, 5.457632126000078], [5.769885893000094, 5.461898070000075], [5.767182397000056, 5.46615454800002], [5.754342783000141, 5.470856149999975], [5.721176822000189, 5.48051708800017], [5.712969798000074, 5.473339980000162], [5.702110749000155, 5.468395300000111], [5.689849958000082, 5.473146929999984], [5.680298826000126, 5.480001879999975], [5.672113746000036, 5.485482178000098], [5.659853114000043, 5.490233921000083], [5.649663933000113, 5.487376149000056], [5.63605204300012, 5.490036038000142], [5.623140785000089, 5.487847790000103], [5.614327866000053, 5.481533961000025], [5.60547595100013, 5.484233838000023], [5.591196156000137, 5.484115055000075], [5.583053987000142, 5.479886960000044], [5.573564039000075, 5.472873149000179], [5.563335935000055, 5.479029164000167], [5.563972922000119, 5.48874280800004], [5.563923835000026, 5.499837869000146], [5.573408122000046, 5.508238743000163], [5.581536829000186, 5.515242059000173], [5.575364978000152, 5.526979035000124], [5.567848256000104, 5.53523784600003], [5.558982787000105, 5.540711915999964], [5.550103104000016, 5.549654004000161], [5.545306252000159, 5.557936206000136], [5.542537285000094, 5.569007892000116], [5.534340016000158, 5.577262], [5.524103011000022, 5.585497906000114], [5.516599230000111, 5.590983913000059], [5.507712001000073, 5.601312186000143], [5.497471909000126, 5.610241823000081], [5.493333911000036, 5.623384047000172], [5.49124474100006, 5.634461884000075], [5.500740917000087, 5.640088995000156], [5.510900984000045, 5.649188998], [5.520405726000092, 5.652735298000152], [5.525128967000171, 5.661097064000103], [5.527116756000055, 5.672902103000126], [5.529773102000149, 5.68748805000007], [5.532450141000027, 5.697217965000164], [5.528326884000023, 5.70689289000012], [5.521474851000164, 5.718625146000079], [5.515296048000096, 5.73174997000018], [5.511178928000163, 5.74003692600013], [5.507052823000095, 5.750404800000183], [5.50905071699998, 5.760129929000072], [5.520597914000177, 5.76299993300006], [5.529457042999979, 5.758914012999981], [5.540368052000133, 5.752069061000157], [5.549189950000141, 5.756303732000106], [5.544392915000174, 5.764585054000179], [5.537556099000085, 5.772850935000122], [5.525297138000155, 5.776908849000165], [5.521176820000107, 5.785890077000033], [5.525220756000067, 5.794246153000074], [5.517035918000147, 5.799725970000054], [5.50820484400009, 5.797572070000172], [5.497300033000101, 5.803029133000052], [5.485727710000162, 5.8057060000001], [5.485681997000029, 5.816108191000069], [5.490402192000033, 5.825161961000106], [5.493133190000037, 5.829592204000107]]]}}, {"type": "Feature", "properties": {"adm2_name": "Yakurr", "adm2_name1": null, "adm2_name2": null, "adm2_name3": null, "adm2_pcode": "NG009018", "adm1_name": "Cross River", "adm1_name1": null, "adm1_name2": null, "adm1_name3": null, "adm1_pcode": "NG009", "adm0_name": "Nigeria", "adm0_name1": null, "adm0_name2": null, "adm0_name3": null, "adm0_pcode": "NG", "valid_on": "2019-04-17", "valid_to": null, "area_sqkm": 659.06228402, "version": "v01", "lang": "en", "lang1": null, "lang2": null, "lang3": null, "adm2_ref_name": "Yakurr", "sendist_en": "Cross River Central", "sendistpcode": "NG00901", "center_lat": 5.81760858, "center_lon": 8.17790569}, "geometry": {"type": "Polygon", "coordinates": [[[8.338215140000045, 5.742806980000182], [8.334703601000172, 5.748554232], [8.332438363000165, 5.750865909000083], [8.330182271000183, 5.75432588100017], [8.327926708000177, 5.757785839000121], [8.32566997500004, 5.761246188000143], [8.32341375600015, 5.764705135000099], [8.322307674000115, 5.769305290000091], [8.320042802000103, 5.771616889000143], [8.31778646500004, 5.775076930000182], [8.315547235000054, 5.780832719000102], [8.31103489200018, 5.787753118000069], [8.30653947500008, 5.796967981000023], [8.298647652, 5.809651823000024], [8.296408483000107, 5.815408193000053], [8.294169226, 5.821164122000141], [8.290798329000097, 5.828075873000103], [8.288567417000081, 5.834980089000112], [8.285196288000122, 5.841891784000097], [8.28069221900006, 5.849958860000186], [8.27618005, 5.856879242000105], [8.271666603000028, 5.863799155000038], [8.267137262000176, 5.868422960000089], [8.263707110000041, 5.86729816899998], [8.260276960000112, 5.866172752000068], [8.256845721000161, 5.865048876000117], [8.25341392900009, 5.86392496600007], [8.250000013000033, 5.86509608200015], [8.24430456500005, 5.866282938000097], [8.239757612000176, 5.868610920000151], [8.236370276, 5.873227106], [8.23297287500003, 5.876694247000103], [8.230716771000061, 5.880154166000125], [8.229618042000027, 5.885901920000151], [8.228511564000144, 5.890501922000055], [8.228545894000092, 5.895093885000165], [8.22971165600012, 5.898531037000168], [8.233159785000055, 5.901950794000015], [8.235459316000174, 5.904231980000134], [8.236625746000016, 5.907668110000031], [8.238924192000127, 5.909947864], [8.24123102700014, 5.91337675900013], [8.241256618000023, 5.916820966999978], [8.240141833000052, 5.920272844000067], [8.23675348800009, 5.924889023], [8.234487674000036, 5.927199802000132], [8.232224636000012, 5.929511980000143], [8.229958761000034, 5.93182426900006], [8.226545283000064, 5.932995738999978], [8.223139500000059, 5.935315183000057], [8.218584984000188, 5.936494874000061], [8.214030421000189, 5.937674084000093], [8.207202102000167, 5.940018228000099], [8.202655685000138, 5.942345191000129], [8.196958310000127, 5.943532009000137], [8.19241348200012, 5.945859977000168], [8.187875647999988, 5.949336042000084], [8.183355170000084, 5.955107252000118], [8.178833994000115, 5.9608788110001], [8.175640092000151, 5.969064217000039], [8.172950841000102, 5.973770676000186], [8.167711967000116, 5.969502483000042], [8.15328189000013, 5.967316194000091], [8.161598846000118, 5.946030807000113], [8.161848019000047, 5.943114939000054], [8.162701005000088, 5.941294218000166], [8.162343043000135, 5.938741517000039], [8.161616053000046, 5.938496819000079], [8.158947231000184, 5.938976733000175], [8.156157408000183, 5.939334843000097], [8.153124229000127, 5.940056906999985], [8.150091326999984, 5.940414388000022], [8.146817575000057, 5.940285256000152], [8.142212822000147, 5.938937850000059], [8.134209689000102, 5.938675971000123], [8.132272971000077, 5.937213094000185], [8.129123121000077, 5.9359904800001], [8.125848572000109, 5.93598266500004], [8.122214285000041, 5.934515672000089], [8.119427976000168, 5.933415353999976], [8.110218582000073, 5.93059813900004], [8.105734745000063, 5.929493600000058], [8.103663795000102, 5.929257792000101], [8.102523681000093, 5.925456041000189], [8.101831409000056, 5.920957976000068], [8.095203427000172, 5.914381964000086], [8.092896262000124, 5.91095397700002], [8.090598144000069, 5.908673731000022], [8.08714959700012, 5.905252904000065], [8.084834136000097, 5.90067713000019], [8.082535007000047, 5.898395995000158], [8.080228062, 5.894968075000065], [8.076771910000048, 5.890398970000092], [8.075605348000181, 5.886962879000066], [8.075561704000108, 5.881223159000172], [8.075519761000123, 5.875483015000043], [8.075452107, 5.866298215000029], [8.076533580000046, 5.858253995000041], [8.076507283000126, 5.854810189000034], [8.077605493000021, 5.849061048000124], [8.076430078000044, 5.844478198000047], [8.075255270000184, 5.839892787000167], [8.072948207000138, 5.836463980000076], [8.068309081000166, 5.826163752000127], [8.06601051900003, 5.823883045000116], [8.061412905000168, 5.819323029000145], [8.059104956000056, 5.815894128000025], [8.056798174000164, 5.812466178000079], [8.053341982000177, 5.807897131000118], [8.049611, 5.799735080000062], [8.051730919000022, 5.796214038000073], [8.054035090000127, 5.791625988000078], [8.05749120300004, 5.784746143000064], [8.059822334000103, 5.774412121000125], [8.063272442000084, 5.768680070000073], [8.065582023000104, 5.762944237000056], [8.070174028, 5.757217852999986], [8.07591366700018, 5.750348150000093], [8.078211534000161, 5.746910054000068], [8.081657648000032, 5.742328091000104], [8.083950862000052, 5.740039815000102], [8.088548528000103, 5.733163786000091], [8.09199438200011, 5.728581872000063], [8.096581589000152, 5.724006120000183], [8.101163044999964, 5.720579183000041], [8.106886941000027, 5.717156945], [8.110326825000072, 5.713725101000136], [8.116054440000084, 5.709153174000107], [8.119496419000086, 5.705719988000055], [8.12179472400004, 5.702282874000105], [8.12640285800012, 5.693109112000059], [8.128711551000094, 5.687372273000165], [8.128728170000159, 5.683924183000158], [8.13103677100014, 5.678186921000076], [8.134477761000085, 5.674755126000093], [8.137918671000023, 5.671322762000102], [8.142499656999973, 5.667894857000078], [8.145929448000174, 5.666761948000044], [8.149364707000132, 5.66447872100008], [8.15164775300019, 5.664488846000097], [8.153936252999983, 5.663350097000091], [8.157054077000055, 5.662320201000171], [8.167645307999976, 5.661115222000035], [8.17448895900003, 5.662294883000186], [8.182478713000137, 5.662332055999968], [8.189328347000014, 5.662363989000028], [8.19503621500013, 5.662390185999982], [8.202103439000098, 5.663439684000139], [8.213737941000147, 5.670558019000168], [8.217912801000068, 5.672243162000086], [8.229011164000042, 5.668169491000072], [8.233811183000114, 5.670613821000188], [8.242922764000014, 5.675253837000014], [8.248614180000061, 5.678728143000114], [8.252028282000083, 5.681043186000068], [8.263412698000025, 5.68799213], [8.271376401, 5.693775152000114], [8.277068371000041, 5.697249865000117], [8.282760448000033, 5.700725043000091], [8.290724730000136, 5.706508215000042], [8.298689816000149, 5.712292213000012], [8.310062197000093, 5.721539071000052], [8.320304717000056, 5.728483237000148], [8.327127607000023, 5.734262055000102], [8.33281413800006, 5.738884879000125], [8.338215140000045, 5.742806980000182]]]}}, {"type": "Feature", "properties": {"adm2_name": "Yala", "adm2_name1": null, "adm2_name2": null, "adm2_name3": null, "adm2_pcode": "NG009019", "adm1_name": "Cross River", "adm1_name1": null, "adm1_name2": null, "adm1_name3": null, "adm1_pcode": "NG009", "adm0_name": "Nigeria", "adm0_name1": null, "adm0_name2": null, "adm0_name3": null, "adm0_pcode": "NG", "valid_on": "2019-04-17", "valid_to": null, "area_sqkm": 1783.85963801, "version": "v01", "lang": "en", "lang1": null, "lang2": null, "lang3": null, "adm2_ref_name": "Yala", "sendist_en": "Cross River North", "sendistpcode": "NG00902", "center_lat": 6.58742372, "center_lon": 8.51220243}, "geometry": {"type": "Polygon", "coordinates": [[[8.929426368000122, 6.820408795000048], [8.926809471000013, 6.822545969000146], [8.923403822000068, 6.824865779000049], [8.918857761000083, 6.827192659000048], [8.913179516000184, 6.830676922000123], [8.90863331700018, 6.833003970000107], [8.902946703000055, 6.835339957000031], [8.897258886000088, 6.837675023000145], [8.89157969900009, 6.841158950000022], [8.887033233000182, 6.843485710000152], [8.879090374000157, 6.849280778000036], [8.874535654000056, 6.850460972000121], [8.869998172000123, 6.853937044000133], [8.867715616000112, 6.853952060000154], [8.864310430999979, 6.856272171], [8.85977278100006, 6.859746985000129], [8.856358326000077, 6.860918905000062], [8.851812539000093, 6.863246080000181], [8.848406591000014, 6.865565763000177], [8.843852127000105, 6.866745], [8.839305614000068, 6.869072871000071], [8.833609477000152, 6.870259682000153], [8.830196526000123, 6.871431932000121], [8.82222668900016, 6.873783137000089], [8.817680525000071, 6.876111016000038], [8.811984765000034, 6.877297788000021], [8.807430036000028, 6.878477998000108], [8.802876426000068, 6.879656726000121], [8.79832050900012, 6.880835989000104], [8.79035194800008, 6.883186777999981], [8.785788705000073, 6.883218882000165], [8.78124219300014, 6.885546307000084], [8.776695048000079, 6.887874252000074], [8.769859554999982, 6.889068987000087], [8.765304562000154, 6.89024782100006], [8.759608411000045, 6.891436038000052], [8.753904508000119, 6.891475197000034], [8.748208857000066, 6.892662941000083], [8.741363264000029, 6.892710175000047], [8.733385872000099, 6.893911904000106], [8.727690690000145, 6.895100181000089], [8.720853771000122, 6.896295131000045], [8.715149788000076, 6.896334261999982], [8.707163532000095, 6.896389006000106], [8.70374181800014, 6.896412812999984], [8.701442759000031, 6.894133115000045], [8.696853392000037, 6.89071979400012], [8.693423075000169, 6.889595978000045], [8.689974935000123, 6.886175059999971], [8.686534936000157, 6.883903041000053], [8.680796699000098, 6.879350051000074], [8.67735795200008, 6.877077113000155], [8.675058604000071, 6.874795840000104], [8.66932007700018, 6.870244075000187], [8.664740447000156, 6.867979042000059], [8.661309312000014, 6.866854331000184], [8.656737166000084, 6.865737874000104], [8.654446550000102, 6.864604850000148], [8.651024574000132, 6.864628737999965], [8.645311441, 6.863520086999984], [8.63617638800008, 6.862434799000084], [8.629331323000144, 6.862483034000093], [8.623627856000098, 6.862522166000133], [8.61905587800004, 6.86140494100016], [8.608955381000158, 6.859628773000111], [8.606488929000022, 6.859195199000112], [8.600760435000154, 6.855791037000188], [8.600742578000165, 6.853494254000111], [8.601857378000034, 6.85004296], [8.604122043000132, 6.847731113000123], [8.607527688000062, 6.845410881000021], [8.610924876000126, 6.841942792], [8.615462409000145, 6.838467943000182], [8.62000096900016, 6.834991909000166], [8.622273301000064, 6.833828070000095], [8.625679256000012, 6.831509077000135], [8.630233989000033, 6.83032886400008], [8.633630821000054, 6.826860840000052], [8.637045116000024, 6.825689844000124], [8.639301499000112, 6.822229969000091], [8.641556728000126, 6.81877006100018], [8.640373978000127, 6.813037976000089], [8.640348517000064, 6.80959421700004], [8.640314032000163, 6.805000908000181], [8.636840644000188, 6.79813710500008], [8.632242917000156, 6.793575704999967], [8.631085192000057, 6.791287939000028], [8.628786115000139, 6.789007200000071], [8.625338394999972, 6.785586788000046], [8.62303994400014, 6.783307143000172], [8.620740967000074, 6.781025798000144], [8.616160475000186, 6.778760981000062], [8.612729769000168, 6.77763695900012], [8.607008041000142, 6.775380153000128], [8.601295304000075, 6.774271086999988], [8.594425189000162, 6.770874883000033], [8.587562375000061, 6.768624712000076], [8.578411013000107, 6.765244002000145], [8.570416508999983, 6.764151045000062], [8.563562213000068, 6.763050217000114], [8.557849798, 6.761941029000127], [8.550987947000067, 6.759693284000093], [8.544134348000114, 6.758592094000107], [8.535016241, 6.759802774000093], [8.530452826000158, 6.759833695000054], [8.523607980000122, 6.759881083000039], [8.515622405000101, 6.759935893000147], [8.508768351000185, 6.758834892000095], [8.503055592000123, 6.75772712700018], [8.4961855680001, 6.754329077000079], [8.48819039700004, 6.753235731000188], [8.480187308000154, 6.750996063000173], [8.476748749000137, 6.748722931000032], [8.472176378000086, 6.747605848000035], [8.46874525600009, 6.746481030000041], [8.464182000000164, 6.746512812], [8.460759407000012, 6.746537180000075], [8.458478057000093, 6.746551909000118], [8.453923254000074, 6.747732250000183], [8.450499523000019, 6.747755113000039], [8.448244074000058, 6.751214969000159], [8.443707734000043, 6.754691150999975], [8.440300765000131, 6.757009885000173], [8.43574634800018, 6.758190278000029], [8.432323645000054, 6.758214103000171], [8.427760222000188, 6.758244857000022], [8.424328597000056, 6.757121049000148], [8.419765186, 6.757152000000133], [8.41518510100002, 6.754887204000113], [8.41061396800012, 6.753770781000071], [8.408323126000084, 6.752637915000093], [8.402593601000035, 6.74923289200018], [8.3980043090001, 6.745820894000133], [8.393416234000028, 6.742407711000112], [8.391100141000152, 6.737832059000027], [8.38763521500016, 6.732114835000061], [8.38646870700012, 6.728679302000103], [8.383003384000176, 6.722962030000076], [8.38182814400011, 6.71837806800005], [8.379529926000032, 6.716096887000049], [8.377214193000157, 6.711521142000095], [8.374897926000074, 6.706943972999966], [8.37259984000002, 6.704664174000072], [8.370292461000133, 6.701234815000134], [8.366844013000104, 6.697815044000038], [8.36110587900015, 6.693262097], [8.357675622000102, 6.692138218000025], [8.354235542000026, 6.689865057000134], [8.348514514000101, 6.68760786900009], [8.345083200000033, 6.686483871000178], [8.340502774000129, 6.684218984000097], [8.335931045000109, 6.683103030000098], [8.330209678000074, 6.680846128999974], [8.325638025000046, 6.679728898000178], [8.321065822000037, 6.678613312000095], [8.31764329900011, 6.678636065000092], [8.31307115500016, 6.677518973000019], [8.307367138000075, 6.677557955000054], [8.30395316300013, 6.678730127000051], [8.299398703000065, 6.679910235000023], [8.29451479700009, 6.678708960000165], [8.301979750000044, 6.66980115400014], [8.306520220000039, 6.660719534000123], [8.304704824999988, 6.650729229000149], [8.309245309000175, 6.639377043000025], [8.315602180000042, 6.634381688000133], [8.32241411300015, 6.63438164900009], [8.325137842000174, 6.625754472000096], [8.324230257000124, 6.621213466000029], [8.321505527999989, 6.618488907000142], [8.32105174100002, 6.613947880000183], [8.31424018100006, 6.612131489000092], [8.31424049399999, 6.607136345000129], [8.321959585000172, 6.603049653000085], [8.32332256899997, 6.596238085000095], [8.324752039000145, 6.589499524000075], [8.330133634000163, 6.591697137999972], [8.333312310999986, 6.584885736000047], [8.340122981000036, 6.575349729000038], [8.346935519999988, 6.575349792000111], [8.351929863000123, 6.574441970000123], [8.358742018000044, 6.563997699000083], [8.363736052000093, 6.562180966000142], [8.370093132000079, 6.563089427000079], [8.374180970999987, 6.563543191000122], [8.372818156000164, 6.559002350000014], [8.372363863000146, 6.553099074000102], [8.371456096000088, 6.548104344000024], [8.375088561000155, 6.545834101000025], [8.37962998300003, 6.548558259000174], [8.386895080000102, 6.549920648000182], [8.391436468000165, 6.550374978000093], [8.393252348000146, 6.544471826000176], [8.396430986000041, 6.539476275000141], [8.400063567000132, 6.536297848000117], [8.39915566100018, 6.532210841999984], [8.393706309000152, 6.531302979000145], [8.390981563000082, 6.526308094000115], [8.390981773000135, 6.523129086000154], [8.395976954000162, 6.519496335000042], [8.410054389000095, 6.517226139000172], [8.415503403000116, 6.518588163000061], [8.419135941000093, 6.514501626000083], [8.42004396599998, 6.51041471100001], [8.42049812099998, 6.505419712], [8.412323952000179, 6.500424521000184], [8.410961940000107, 6.494521229000043], [8.408691129999966, 6.488618429000155], [8.405966547000048, 6.484985416000029], [8.40869120200017, 6.477719896000167], [8.422768469000061, 6.477719768000156], [8.423676496000155, 6.466367702000014], [8.430487418000041, 6.457739898000057], [8.438661496000122, 6.446841830000039], [8.43548272300012, 6.443662998000093], [8.431850191000137, 6.439576068000179], [8.432304505000047, 6.433219012000166], [8.44229414200015, 6.432764424000027], [8.445927638000057, 6.429132017000143], [8.452284870000085, 6.430040468000072], [8.456825385000116, 6.428223742000057], [8.456825037000101, 6.417779572000086], [8.455009616000098, 6.414600964000158], [8.455009594000103, 6.410059892000106], [8.453646781000032, 6.405973434000032], [8.447743439000078, 6.405065135000143], [8.444110789999968, 6.402340353000113], [8.447743513000091, 6.391896319000182], [8.445018872000162, 6.385538926000038], [8.43094260900017, 6.380997995000087], [8.413233086000105, 6.37781954400009], [8.407329452000113, 6.374640895000084], [8.403696827000033, 6.36601301900015], [8.39915561099997, 6.353752603000032], [8.397913009000035, 6.345054686000026], [8.395977211000059, 6.331502020000073], [8.391663293000022, 6.306527098000117], [8.394387251000182, 6.296990802000096], [8.40528609900008, 6.286092692000068], [8.410900010000148, 6.282116387000144], [8.416264747000014, 6.285305023000035], [8.420837382000116, 6.286421834000123], [8.4265415160001, 6.28638320500005], [8.431113088000131, 6.287498905000177], [8.436818366000068, 6.287459839000121], [8.442521942000155, 6.28741983000009], [8.44708512900013, 6.287388734000046], [8.452780832000087, 6.28620198700014], [8.459634915000095, 6.287301940000134], [8.467612429000042, 6.286098952999964], [8.473115204000123, 6.284353217000103], [8.477251066000065, 6.285480435000125], [8.479500962000031, 6.285312691000115], [8.48361119800012, 6.285006539], [8.486950174000185, 6.287192343000015], [8.48424734100007, 6.291087609999977], [8.486075206000066, 6.293592006000097], [8.490086499000085, 6.295484564], [8.493017265999981, 6.300247162000062], [8.492284892000157, 6.30647523100015], [8.492650857000115, 6.310871580000025], [8.49228473900007, 6.316366717000051], [8.493750410000075, 6.320030726000084], [8.497779867000133, 6.323327500000175], [8.504383067000106, 6.32143783500004], [8.51060323400003, 6.322228385000074], [8.50693898100019, 6.327723924000111], [8.503318939000167, 6.33177802], [8.49887961200011, 6.335783921000086], [8.497990351000169, 6.337852894000093], [8.499950567000155, 6.340427344000148], [8.503642018000164, 6.341279550000138], [8.50767249, 6.342378574000122], [8.512343949000126, 6.345083062000072], [8.511196917000063, 6.346571144999984], [8.51059109900001, 6.353735462000088], [8.506572557000084, 6.353735437000182], [8.504374354000163, 6.356300416000067], [8.503385353000112, 6.362776822000171], [8.501077445000135, 6.36912299700009], [8.498513080000123, 6.377549308000141], [8.495724554000162, 6.384643055000083], [8.49577494099998, 6.391531027000156], [8.495809298000097, 6.396123002000024], [8.494712049000157, 6.401872273000095], [8.493604510000068, 6.406472298000097], [8.49135675000008, 6.411078904000078], [8.489110039000082, 6.415688052000064], [8.486853613000108, 6.419147076000058], [8.485737930000084, 6.422598929000117], [8.483473995000054, 6.424910917000091], [8.480076634000056, 6.428379009000025], [8.476679764000039, 6.431847087000051], [8.474423676000072, 6.435306014], [8.472175495000101, 6.439914219000173], [8.46992781300014, 6.444521817], [8.472244163000084, 6.449099008000132], [8.474542395000185, 6.45137878200012], [8.477991209000095, 6.454800111000111], [8.484870239000145, 6.459343843], [8.490590799000017, 6.461600906000172], [8.496286235000184, 6.460414023999988], [8.500832674000037, 6.458086153000067], [8.505388240000059, 6.456906907000189], [8.512215812000079, 6.454564154000025], [8.517911624000078, 6.453375824000148], [8.529293895000137, 6.449853866000069], [8.532725240000048, 6.450977837000039], [8.536147878000122, 6.450954782], [8.539570536000156, 6.450931137999987], [8.545309347000057, 6.455483892000132], [8.545333891000155, 6.458928004000143], [8.545359546000043, 6.462371837000092], [8.544244836000189, 6.465824141999974], [8.547077746000127, 6.472381526000049], [8.55410881600011, 6.485708689999967], [8.56661511800013, 6.503742941000098], [8.57678071800018, 6.516290047000155], [8.596348859000159, 6.524146647000066], [8.637042773000132, 6.550826246000156], [8.663662428000066, 6.558686155999965], [8.670707118999985, 6.563393253000186], [8.681663160000141, 6.572804327000085], [8.686356033000038, 6.579859266000028], [8.691834041000106, 6.585347925], [8.694174708000105, 6.596318162000046], [8.700425960000018, 6.614342476000161], [8.700911486000052, 6.615543832000071], [8.701664081000047, 6.616290170000184], [8.706260429000054, 6.620851008000102], [8.708560063999983, 6.623130704000062], [8.715438886000186, 6.627676012999984], [8.718895818000021, 6.632245137000041], [8.723492600000043, 6.6368060530001], [8.72809879200014, 6.64251416999997], [8.731547252000041, 6.645935062000035], [8.738426232000052, 6.650479916000052], [8.74531362100015, 6.656173342000045], [8.748787120000031, 6.663037860000088], [8.751103259000104, 6.667614075000131], [8.75685786200006, 6.674462814000037], [8.761455646000172, 6.679024080000147], [8.766052969000157, 6.683585304000076], [8.77178313700017, 6.686989725000103], [8.778661682000063, 6.691534962000048], [8.786664717000122, 6.693776023000112], [8.794676818000028, 6.697165035000182], [8.800406333000069, 6.700570133000042], [8.80727648100003, 6.703967004000162], [8.815331327000024, 6.713096125000106], [8.823350914000173, 6.717632888000026], [8.831361616000038, 6.72102305500016], [8.837432396000168, 6.725033594000081], [8.849199587999976, 6.735867240000118], [8.860164757000177, 6.74683977400008], [8.87528328100018, 6.752058216000023], [8.878392263000023, 6.755142160999981], [8.882989183000063, 6.75970218000009], [8.887595459000124, 6.765410816000099], [8.891052449000028, 6.769979974000137], [8.894508376000033, 6.774549117000106], [8.899097573000063, 6.777960813000107], [8.90027212200016, 6.782545932000176], [8.903727728000092, 6.787114133000046], [8.90716818200002, 6.789385788000118], [8.909483690000116, 6.793962977000035], [8.911791624000102, 6.797390904000054], [8.914099025000155, 6.800819926000088], [8.916405915000041, 6.804247823000139], [8.922153569000102, 6.809948921000057], [8.92674176300011, 6.813362246000111], [8.929426368000122, 6.820408795000048]]]}}, {"type": "Feature", "properties": {"adm2_name": "Yenegoa", "adm2_name1": null, "adm2_name2": null, "adm2_name3": null, "adm2_pcode": "NG006008", "adm1_name": "Bayelsa", "adm1_name1": null, "adm1_name2": null, "adm1_name3": null, "adm1_pcode": "NG006", "adm0_name": "Nigeria", "adm0_name1": null, "adm0_name2": null, "adm0_name3": null, "adm0_pcode": "NG", "valid_on": "2019-04-17", "valid_to": null, "area_sqkm": 682.27031815, "version": "v01", "lang": "en", "lang1": null, "lang2": null, "lang3": null, "adm2_ref_name": "Yenegoa", "sendist_en": "Bayelsa Central", "sendistpcode": "NG00601", "center_lat": 5.06539078, "center_lon": 6.37224442}, "geometry": {"type": "Polygon", "coordinates": [[[6.555801570000028, 5.202908291000142], [6.54922998700016, 5.212652128000173], [6.552762079, 5.226540549999982], [6.566636039000059, 5.236972756], [6.547786345000077, 5.257751878000136], [6.537384887000087, 5.26490588900009], [6.532513007000034, 5.27382087400008], [6.530881853000096, 5.284537818000047], [6.519733895000172, 5.276370033000092], [6.512241805000031, 5.267673087000105], [6.504766008000104, 5.259905834], [6.49681629000014, 5.251216877000047], [6.486998911000057, 5.240703148000136], [6.473561851000113, 5.232575935000114], [6.462906930000031, 5.226257833000147], [6.451353900000186, 5.220886222000047], [6.439308302000029, 5.213663986000029], [6.424065970000129, 5.206963087000076], [6.400932718999968, 5.19482515500016], [6.388543212000116, 5.193649789000062], [6.397731656000076, 5.170718212000111], [6.401099133000059, 5.154859065000039], [6.39954992100013, 5.145593168000119], [6.395730129000128, 5.137296197000126], [6.384487214000046, 5.124019195000074], [6.376519233000067, 5.114400902000114], [6.369017135000036, 5.105239859000051], [6.358265955000036, 5.093811988000141], [6.342186027000082, 5.091309092000188], [6.330676982000057, 5.088259220000054], [6.321924314000057, 5.085625146999973], [6.29868412400009, 5.062644397000156], [6.283061957000029, 5.061212979000175], [6.273586348000038, 5.056044145999977], [6.267603937000047, 5.047087185000066], [6.265113716000144, 5.036443195000118], [6.26119798700006, 5.023036006000041], [6.248580064000123, 5.0097828050001], [6.224823963000119, 4.988827211000114], [6.207135169000082, 4.973804936000022], [6.183906911, 4.956556790000036], [6.159770939000168, 4.939789753000127], [6.147355203000131, 4.940584213000136], [6.152651612000057, 4.882116150000115], [6.16651953000013, 4.882224216000168], [6.180439619000026, 4.881724069000086], [6.202848473000131, 4.87885634600002], [6.215581178000036, 4.875305427000114], [6.22288732200002, 4.869280383000046], [6.236306757000079, 4.854788623000047], [6.238035997000111, 4.851940786000057], [6.246667436000109, 4.849130479000166], [6.252830211000116, 4.846603942000058], [6.260359742000048, 4.843915982000055], [6.266855014000157, 4.842592495000076], [6.269922806000125, 4.843130030000054], [6.271958016000099, 4.844860672000095], [6.274651760999973, 4.849855422000189], [6.280042024000011, 4.859501709000085], [6.290919416000122, 4.879194016000099], [6.294254690000059, 4.88072392600003], [6.304945006000082, 4.888898848000167], [6.314683008000088, 4.895233172000076], [6.323523866000073, 4.902512050000155], [6.337868116000152, 4.910158183000135], [6.348971878000157, 4.916003272000125], [6.35873705500012, 4.923729906000119], [6.37454212800003, 4.935997009], [6.388965110000186, 4.947823971000162], [6.402005243000076, 4.959210879000125], [6.418285799000159, 4.972400225000058], [6.421666074000143, 4.981634116000123], [6.410391922999963, 4.99112704099997], [6.411561096000185, 5.004581920000078], [6.417274029999987, 5.016098009000189], [6.425769755000147, 5.029424203000019], [6.429607929000099, 5.038650064000024], [6.439036777000069, 5.052887901000076], [6.443903895000062, 5.068137169000067], [6.451053017000049, 5.082880021000051], [6.460498774000087, 5.098048190000156], [6.464336853000134, 5.107274080000025], [6.472981060000109, 5.128497111], [6.477923943000064, 5.137354643000151], [6.476906275999966, 5.147798629000079], [6.476175589000036, 5.16603556299998], [6.476735290000022, 5.172728119000055], [6.479132362000144, 5.176393121000103], [6.483337373000154, 5.181286670000077], [6.494805102000157, 5.186838139000088], [6.505704386000104, 5.186912822000181], [6.534927554999967, 5.186825317000114], [6.544492122000065, 5.186294112000098], [6.55338104100008, 5.189809867000122], [6.558826444000033, 5.198422927000138], [6.555801570000028, 5.202908291000142]]]}}]}